Date,ticker,close,sma_5,sma_20,rsi_14,ret_1d,vol_10,next_close,target
2020-12-09,AAPL,118.66194915771484,119.87019500732421,116.59866065979004,59.70444133498432,-0.0209035776996358,0.014165912659878212,120.08454895019531,1
2020-12-10,AAPL,120.08454895019531,119.92865600585938,116.7813606262207,61.26202992595964,0.011988677099764145,0.014300596673256631,119.27582550048828,0
2020-12-11,AAPL,119.27582550048828,119.95983581542968,116.93726463317871,62.76415640299449,-0.0067346170408855155,0.014874244532949252,118.66194915771484,0
2020-12-14,AAPL,118.66194915771484,119.575927734375,117.06003875732422,73.22082032919573,-0.005146695402841073,0.01400444571219392,124.60575866699219,1
2020-12-15,AAPL,124.60575866699219,120.2580062866211,117.42933540344238,78.75944228180373,0.05009027368476282,0.018844139344878108,124.53752899169922,0
2020-12-16,AAPL,124.53752899169922,121.43312225341796,117.839554977417,77.63376405592244,-0.00054756438244008,0.01890391391686773,125.40475463867188,1
2020-12-17,AAPL,125.40475463867188,122.49716339111328,118.35939407348633,77.89733385913487,0.006963568765126604,0.018835811613414185,123.4170150756836,0
2020-12-18,AAPL,123.4170150756836,123.32540130615234,118.75012741088867,68.23741737147789,-0.015850591699776873,0.019718937847019842,124.94679260253906,1
2020-12-21,AAPL,124.94679260253906,124.58236999511719,119.28068580627442,64.52419731797744,0.012395191424110719,0.019725022080506003,128.50332641601562,1
2020-12-22,AAPL,128.50332641601562,125.36188354492188,120.15910263061524,69.46824688383997,0.02846438663527806,0.021230955199433982,127.60694122314453,0
2020-12-23,AAPL,127.60694122314453,125.97576599121093,120.92839012145996,67.32276417709511,-0.006975579682421129,0.019663678872062832,128.59103393554688,1
2020-12-24,AAPL,128.59103393554688,126.61302185058594,121.70498390197754,70.61807465687866,0.0077119058177366195,0.01960075992847904,133.190185546875,1
2020-12-28,AAPL,133.190185546875,128.56765594482422,122.68425102233887,73.83459264777792,0.03576572542089784,0.02085068627005116,131.41677856445312,0
2020-12-29,AAPL,131.41677856445312,129.86165313720704,123.45499649047852,68.82545002595913,-0.013314847300049282,0.021708354128276524,130.2962188720703,0
2020-12-30,AAPL,130.2962188720703,130.22023162841796,123.99091415405273,72.87264892432643,-0.008526762751479566,0.017284604273844307,129.29261779785156,0
2020-12-31,AAPL,129.29261779785156,130.55736694335937,124.45911254882813,68.57312544560922,-0.007702457392137596,0.017665641307552334,126.0965576171875,0
2021-01-04,AAPL,126.0965576171875,130.0584716796875,124.77432823181152,63.0716877254572,-0.024719587514741903,0.019769636917853113,127.65557098388672,1
2021-01-05,AAPL,127.65557098388672,128.95154876708983,125.20111045837402,66.44768622137593,0.012363647320430271,0.019144669131087606,123.35851287841797,0
2021-01-06,AAPL,123.35851287841797,127.33989562988282,125.3399616241455,48.224271785128565,-0.03366134413367006,0.02209232638935891,127.56790161132812,1
2021-01-07,AAPL,127.56790161132812,126.79423217773437,125.65858840942383,55.43908051048359,0.03412321237253346,0.02298695042072039,128.6689910888672,1
2021-01-08,AAPL,128.6689910888672,126.6695068359375,126.15894050598145,55.73611520051679,0.008631399150029528,0.023027739434216286,125.67757415771484,0
2021-01-11,AAPL,125.67757415771484,126.58571014404296,126.43859176635742,54.135389718887346,-0.023248934384557995,0.024091836093657188,125.502197265625,0
2021-01-12,AAPL,125.502197265625,126.15503540039063,126.74991035461426,51.523750699895565,-0.0013954509646229019,0.02015940444016473,127.53866577148438,1
2021-01-13,AAPL,127.53866577148438,126.9910659790039,127.19374618530273,48.9924940596729,0.016226556588082586,0.021070775425215734,125.60936737060547,0
2021-01-14,AAPL,125.60936737060547,126.59935913085937,127.24392662048339,47.34575106756786,-0.015127164685380223,0.021371642724722167,123.88471221923828,0
2021-01-15,AAPL,123.88471221923828,125.64250335693359,127.21128578186035,43.096345340927336,-0.013730306803302783,0.021588782136573465,124.55705261230469,1
2021-01-19,AAPL,124.55705261230469,125.41839904785157,127.168900680542,35.18440534685615,0.005427145779509646,0.02045757254863079,128.6494903564453,1
2021-01-20,AAPL,128.6494903564453,126.04785766601563,127.43052444458007,46.11253078664786,0.032855929538399664,0.02283724414809143,133.3655548095703,1
2021-01-21,AAPL,133.3655548095703,127.2132354736328,127.85146255493164,55.02138923666248,0.036658244351053026,0.021776780678044855,135.50930786132812,1
2021-01-22,AAPL,135.50930786132812,129.19322357177734,128.20176162719727,59.20307154438657,0.01607426336447082,0.020054833243356534,139.2606658935547,1
2021-01-25,AAPL,139.2606658935547,132.26841430664064,128.78444786071776,68.55663401786707,0.027683397483407424,0.021180907473495887,139.49452209472656,1
2021-01-26,AAPL,139.49452209472656,135.255908203125,129.32962226867676,67.29613019016638,0.0016792695889493725,0.018354211783110263,138.42269897460938,0
2021-01-27,AAPL,138.42269897460938,137.2105499267578,129.59124794006348,74.56379673310688,-0.007683621578984612,0.01891143751064982,133.5799560546875,0
2021-01-28,AAPL,133.5799560546875,137.25343017578126,129.69940681457518,60.1624143483071,-0.03498517913460253,0.02343327866945975,128.58132934570312,0
2021-01-29,AAPL,128.58132934570312,135.86783447265626,129.61366233825683,50.55767864829821,-0.03742048475399962,0.026418940710785897,130.70547485351562,1
2021-02-01,AAPL,130.70547485351562,134.15679626464845,129.68430519104004,58.119131148097864,0.01651985959875657,0.02606368326970296,131.53370666503906,1
2021-02-02,AAPL,131.53370666503906,132.56463317871095,129.9561626434326,59.41002318514761,0.006336626774445797,0.02606428627889014,130.51058959960938,0
2021-02-03,AAPL,130.51058959960938,130.98221130371093,130.09891357421876,55.098787215942984,-0.007778364127114079,0.02449278339628807,133.87225341796875,1
2021-02-04,AAPL,133.87225341796875,131.0406707763672,130.62460060119628,62.45323722453991,0.025757785852263515,0.022959063356458722,133.45750427246094,0
2021-02-05,AAPL,133.45750427246094,132.01590576171876,130.91908073425293,65.0075546058448,-0.003098096393528982,0.022316501849867106,133.60389709472656,1
2021-02-08,AAPL,133.60389709472656,132.59559020996093,131.1658260345459,64.41479876068028,0.0010969246207899186,0.019936899556934166,132.72561645507812,0
2021-02-09,AAPL,132.72561645507812,132.83397216796874,131.51822814941406,57.4705601896008,-0.006573765127717235,0.019848256647971,132.12062072753906,0
2021-02-10,AAPL,132.12062072753906,133.15597839355468,131.84914932250976,48.23833047128291,-0.004558243869553502,0.019822093972679915,131.86691284179688,0
2021-02-11,AAPL,131.86691284179688,132.75491027832032,132.0655616760254,43.18807147295972,-0.0019202747031092926,0.016674179158670574,132.10107421875,1
2021-02-12,AAPL,132.10107421875,132.48362426757814,132.39014701843263,33.824130928833654,0.0017757401906728365,0.010763693137346333,129.97373962402344,0
2021-02-16,AAPL,129.97373962402344,131.7575927734375,132.69459838867186,30.0025003069765,-0.016103840239814038,0.011068078132326863,127.68048858642578,0
2021-02-17,AAPL,127.68048858642578,130.74856719970703,132.85077018737792,28.35665381664643,-0.017643956727192545,0.011980891965807297,126.57775115966797,0
2021-02-18,AAPL,126.57775115966797,129.6399932861328,132.74718322753907,33.1701547275113,-0.00863669491686958,0.012022689647874358,126.73390197753906,1
2021-02-19,AAPL,126.73390197753906,128.61339111328124,132.4156005859375,44.29041377752851,0.0012336355831927825,0.00692936122611511,122.95735931396484,0
2021-02-22,AAPL,122.95735931396484,126.78464813232422,131.78800315856932,27.359915513149517,-0.029798993044840794,0.010266309988925602,122.82074737548828,0
2021-02-23,AAPL,122.82074737548828,125.35404968261719,130.96600723266602,23.49886044899614,-0.001111051337136626,0.010068053876258531,122.32305908203125,0
2021-02-24,AAPL,122.32305908203125,124.28256378173828,130.10743408203126,24.208660367182887,-0.004052151644505897,0.01014828959766882,118.0683364868164,0
2021-02-25,AAPL,118.0683364868164,122.58068084716797,129.0897159576416,3.1017620971477413,-0.03478266998180268,0.013064253882410858,118.3318099975586,1
2021-02-26,AAPL,118.3318099975586,120.90026245117187,128.32730865478516,4.8189317217379966,0.0022315340300538278,0.013448852428341452,124.7041244506836,1
2021-03-01,AAPL,124.7041244506836,121.24961547851562,128.1334484100342,32.06757914429964,0.053851237915286454,0.024419289591205685,122.09860229492188,0
2021-03-02,AAPL,122.09860229492188,121.10518646240234,127.70310478210449,29.7553026216665,-0.020893632566195697,0.024696204854038336,119.11248779296875,0
2021-03-03,AAPL,119.11248779296875,120.46307220458985,127.08204383850098,27.04545029877147,-0.024456582187078135,0.02514422087784441,117.2291030883789,0
2021-03-04,AAPL,117.2291030883789,120.29522552490235,126.41796951293945,25.428713737562404,-0.015811815700326748,0.025309312548594712,118.4879379272461,1
2021-03-05,AAPL,118.4879379272461,120.32645111083984,125.64875373840331,28.197955262918498,0.01073824507484411,0.02584074254488817,113.55014038085938,0
2021-03-08,AAPL,113.55014038085938,118.095654296875,124.65338554382325,25.496690292248758,-0.04167341952915593,0.027268404331247408,118.1659164428711,1
2021-03-09,AAPL,118.1659164428711,117.30911712646484,123.88148651123046,37.49441886116704,0.04064967288045529,0.031275283126705106,117.08273315429688,0
2021-03-10,AAPL,117.08273315429688,116.90316619873047,123.0993423461914,37.42600936859053,-0.009166630456404867,0.03132854359901395,119.01490783691406,1
2021-03-11,AAPL,119.01490783691406,117.2603271484375,122.44405670166016,40.55122812850272,0.016502644160782287,0.029881302912399158,118.10737609863281,0
2021-03-12,AAPL,118.10737609863281,117.18421478271485,121.75607986450196,43.72237451525094,-0.007625361854036283,0.03000570466765916,120.99590301513672,1
2021-03-15,AAPL,120.99590301513672,118.67336730957031,121.2008213043213,48.36552532742722,0.024456786797902197,0.025226278428744666,122.5377426147461,1
2021-03-16,AAPL,122.5377426147461,119.54773254394532,120.82902145385742,51.071492882596026,0.012742907496764433,0.024773426237658523,121.7472915649414,0
2021-03-17,AAPL,121.7472915649414,120.48064422607422,120.5323616027832,56.10874783748964,-0.006450674159143244,0.023361123026522913,117.61946105957031,0
2021-03-18,AAPL,117.61946105957031,120.20155487060546,120.08444709777832,49.83671021447272,-0.03390490623907849,0.025531309402521265,117.09247589111328,0
2021-03-19,AAPL,117.09247589111328,119.99857482910156,119.60237579345703,38.98675824930955,-0.004480424954422579,0.025314280817047584,120.41039276123047,1
2021-03-22,AAPL,120.41039276123047,119.88147277832032,119.47502746582032,48.1689795165867,0.02833586739768479,0.02228288103347742,119.58092498779297,0
2021-03-23,AAPL,119.58092498779297,119.29010925292968,119.31303634643555,51.43087929524072,-0.006888672600564472,0.018910158071033766,117.1900634765625,0
2021-03-24,AAPL,117.1900634765625,118.3786636352539,119.0563865661621,50.614990255392584,-0.019993669654876256,0.019865166549004068,117.67798614501953,1
2021-03-25,AAPL,117.67798614501953,118.39036865234375,119.03686904907227,49.35176593776777,0.0041635156939274776,0.01911382662747192,118.28301239013672,1
2021-03-26,AAPL,118.28301239013672,118.62847595214843,119.03442916870117,59.859817866974716,0.005141371508275094,0.019045734470917168,118.45868682861328,1
2021-03-29,AAPL,118.45868682861328,118.238134765625,118.72215728759765,51.1905744873759,0.0014852042987976155,0.017095502938116944,117.00466918945312,0
2021-03-30,AAPL,117.00466918945312,117.72288360595704,118.46746063232422,50.32803647673386,-0.012274470349851518,0.0165216477639341,119.20033264160156,1
2021-03-31,AAPL,119.20033264160156,118.12493743896485,118.47185287475585,50.93007202853411,0.018765605401552365,0.018042878956099975,120.0298080444336,1
2021-04-01,AAPL,120.0298080444336,118.59530181884766,118.6118881225586,54.85294180106417,0.006958666846392125,0.014229879066362479,122.8597640991211,1
2021-04-05,AAPL,122.8597640991211,119.51065216064453,118.83047943115234,54.6384563102914,0.023577110559402703,0.015493553012832135,123.16227722167969,1
2021-04-06,AAPL,123.16227722167969,120.45137023925781,119.31108627319335,51.97183131609702,0.0024622635797553194,0.013130160013951406,124.81147003173828,1
2021-04-07,AAPL,124.81147003173828,122.01273040771484,119.64336395263672,57.35274829995868,0.013390405303161268,0.013112510344225501,127.21206665039062,1
2021-04-08,AAPL,127.21206665039062,123.61507720947266,120.1498306274414,73.89352142258173,0.019233782103855512,0.010651520166654795,129.78834533691406,1
2021-04-09,AAPL,129.78834533691406,125.56678466796875,120.68850250244141,78.59375699034162,0.020251842096109307,0.011161726214813655,128.07080078125,0
2021-04-12,AAPL,128.07080078125,126.60899200439454,121.18667373657226,68.78188127145992,-0.013233426708735174,0.013333227294779435,131.18377685546875,1
2021-04-13,AAPL,131.18377685546875,128.21329193115236,121.69606742858886,75.43615585695784,0.02430668079866094,0.014018011248721193,128.8417205810547,0
2021-04-14,AAPL,128.8417205810547,129.01934204101562,122.01126632690429,76.31800961930398,-0.017853246266833822,0.015088322407449055,131.25205993652344,1
2021-04-15,AAPL,131.25205993652344,129.82734069824218,122.4865047454834,78.06074045586385,0.018707755101364132,0.015084507579471185,130.92030334472656,0
2021-04-16,AAPL,130.92030334472656,130.0537322998047,123.15154685974122,76.47067975518868,-0.0025276296003073906,0.015572067736400678,131.58389282226562,1
2021-04-19,AAPL,131.58389282226562,130.7563507080078,123.87611770629883,76.89520739114076,0.005068652153912057,0.01470024686057308,129.89566040039062,0
2021-04-20,AAPL,129.89566040039062,130.49872741699218,124.35038108825684,76.68069391499162,-0.01283008418177256,0.015963642275632926,130.27621459960938,1
2021-04-21,AAPL,130.27621459960938,130.78562622070314,124.88514556884766,74.66640271085436,0.0029296914003571484,0.01572659091686699,128.75392150878906,0
2021-04-22,AAPL,128.75392150878906,130.28599853515624,125.46333847045898,69.08952997758708,-0.01168511915623982,0.015525452602704801,131.07644653320312,1
2021-04-23,AAPL,131.07644653320312,130.31722717285157,126.13326148986816,68.15153662189294,0.018038479894032067,0.015238589216347902,131.466796875,1
2021-04-26,AAPL,131.466796875,130.29380798339844,126.79245071411133,68.24128210529321,0.0029780357350319697,0.014383570316873314,131.14476013183594,0
2021-04-27,AAPL,131.14476013183594,130.5436279296875,127.42675437927247,64.79883969750155,-0.0024495671212728665,0.012250970179644051,130.3542938232422,0
2021-04-28,AAPL,130.3542938232422,130.55924377441406,128.0942356109619,58.07948745662782,-0.0060274334086937165,0.010819177463259862,130.25668334960938,0
2021-04-29,AAPL,130.25668334960938,130.85979614257812,128.6470531463623,51.67664317850531,-0.0007488090401162051,0.008905061429647539,128.28549194335938,0
2021-04-30,AAPL,128.28549194335938,130.30160522460938,129.0598373413086,50.98180091683636,-0.015133130642972947,0.010011917470616662,129.3394012451172,1
2021-05-03,AAPL,129.3394012451172,129.87612609863282,129.3838191986084,44.68138104183154,0.008215342871531695,0.010303478839120797,124.76266479492188,0
2021-05-04,AAPL,124.76266479492188,128.59970703125,129.4638385772705,39.19276250948398,-0.03538547732660158,0.014593414158343823,125.00665283203125,1
2021-05-05,AAPL,125.00665283203125,127.53017883300781,129.47359771728514,31.106501663518927,0.001955617391712794,0.014545736724685622,126.60704040527344,1
2021-05-06,AAPL,126.60704040527344,126.80025024414063,129.4433464050293,38.15710095597677,0.012802419207180948,0.015160943563702248,127.28153991699219,1
2021-05-07,AAPL,127.28153991699219,126.59945983886719,129.3180061340332,38.27437098305573,0.005327503980502524,0.013806099567985211,123.9970932006836,0
2021-05-10,AAPL,123.9970932006836,125.53099822998047,129.11432075500488,34.95227692657798,-0.025804580290673562,0.015368716184081,123.07823181152344,0
2021-05-11,AAPL,123.07823181152344,125.19411163330078,128.70904350280762,32.03221490537702,-0.007410346206043861,0.015331267264897041,120.00883483886719,0
2021-05-12,AAPL,120.00883483886719,124.19454803466797,128.26739921569825,29.493345760720587,-0.024938585219168474,0.016431613672140976,122.15937805175781,1
2021-05-13,AAPL,122.15937805175781,123.30501556396484,127.81276512145996,29.443299919671688,0.0179198741140858,0.018313842474377208,124.58358001708984,1
2021-05-14,AAPL,124.58358001708984,122.76542358398437,127.49592895507813,35.91224262072896,0.019844583395839832,0.019714361408944857,123.43013000488281,0
2021-05-17,AAPL,123.43013000488281,122.65203094482422,127.08824081420899,34.630493685561206,-0.00925844330407588,0.01940671211216725,122.04206085205078,0
2021-05-18,AAPL,122.04206085205078,122.44479675292969,126.695560836792,33.70843775326563,-0.011245788631812359,0.01640681087723614,121.88567352294922,0
2021-05-19,AAPL,121.88567352294922,122.82016448974609,126.27603378295899,33.617081909067906,-0.0012814215690043484,0.016350160215218748,124.44673919677734,1
2021-05-20,AAPL,124.44673919677734,123.27763671875,126.0606746673584,43.02198608337591,0.021012032011669568,0.017372689624853662,122.60902404785156,0
2021-05-21,AAPL,122.60902404785156,122.88272552490234,125.63730354309082,37.74137732625758,-0.014767081570694729,0.017644508189536355,124.24147033691406,1
2021-05-24,AAPL,124.24147033691406,123.0449935913086,125.27603721618652,49.323107392588085,0.01331424258320002,0.016470271017963764,124.04595947265625,0
2021-05-25,AAPL,124.04595947265625,123.44577331542969,124.92109718322754,48.37554325199398,-0.0015736361114178088,0.01626810819299459,123.9970932006836,0
2021-05-26,AAPL,123.9970932006836,123.86805725097656,124.60323715209961,44.46970856652013,-0.0003939368293848222,0.013562748723582142,122.46240997314453,0
2021-05-27,AAPL,122.46240997314453,123.47119140625,124.21352348327636,39.798057498284706,-0.01237676777676755,0.01333008894338272,121.80747985839844,0
2021-05-28,AAPL,121.80747985839844,123.31088256835938,123.88962287902832,44.86469712569017,-0.005348009359686157,0.01148449918834253,121.48487854003906,0
2021-06-01,AAPL,121.48487854003906,122.75956420898437,123.49689674377441,46.23486766332848,-0.0026484524491796613,0.011219756642150098,122.2473373413086,1
2021-06-02,AAPL,122.2473373413086,122.39983978271485,123.37113037109376,57.09357403182412,0.006276162189339907,0.010897579257149508,120.76154327392578,0
2021-06-03,AAPL,120.76154327392578,121.75272979736329,123.15887489318848,45.96921350179212,-0.012153999421963269,0.011584874990278484,123.05866241455078,1
2021-06-04,AAPL,123.05866241455078,121.87198028564453,122.98145599365235,45.62906446760136,0.019021942568375527,0.011177209482657937,123.06845092773438,1
2021-06-07,AAPL,123.06845092773438,122.12417449951172,122.77080154418945,49.14184999473662,7.954347131300388e-05,0.01008788845876958,123.88956451416016,1
2021-06-08,AAPL,123.88956451416016,122.60511169433593,122.76542510986329,56.77074606026931,0.006672007165410276,0.009335117373458563,124.27078247070312,1
2021-06-09,AAPL,124.27078247070312,123.00980072021484,122.82505264282227,58.504033707777374,0.003077078832571134,0.009377296766906143,123.27371978759766,0
2021-06-10,AAPL,123.27371978759766,123.51223602294922,122.9882968902588,45.81738982544283,-0.008023307355777942,0.009736336390736714,124.48585510253906,1
2021-06-11,AAPL,124.48585510253906,123.79767456054688,123.10462074279785,57.81596457133102,0.009832876926484602,0.009258225272498853,127.54541778564453,1
2021-06-14,AAPL,127.54541778564453,124.69306793212891,123.25271263122559,62.05613399887604,0.02457759301717699,0.01133759740062757,126.72434997558594,0
2021-06-15,AAPL,126.72434997558594,125.26002502441406,123.41742362976075,59.47460847465101,-0.006437454393214637,0.011667899218818398,127.2228775024414,1
2021-06-16,AAPL,127.2228775024414,125.85044403076172,123.67646446228028,60.992585086004524,0.003933952132731511,0.01164713936225901,128.82598876953125,1
2021-06-17,AAPL,128.82598876953125,126.96089782714844,124.02348022460937,71.32058469752306,0.012600809685813674,0.010380388342642237,127.52587127685547,0
2021-06-18,AAPL,127.52587127685547,127.56890106201172,124.17743682861328,68.62302632120077,-0.01009204357826965,0.010569649877019274,129.32447814941406,1
2021-06-21,AAPL,129.32447814941406,127.92471313476562,124.51320953369141,73.18373036942056,0.014103858727252838,0.01097019572052096,130.9667510986328,1
2021-06-22,AAPL,130.9667510986328,128.773193359375,124.84947357177734,74.38558856251544,0.012698856184993446,0.01123316257049802,130.6930389404297,0
2021-06-23,AAPL,130.6930389404297,129.46722564697265,125.18182754516602,80.0041273214233,-0.0020899362311964653,0.011479629149676514,130.40956115722656,0
2021-06-24,AAPL,130.40956115722656,129.78394012451173,125.50245094299316,75.24512851420013,-0.0021690350572713957,0.010868426305091267,130.1162872314453,0
2021-06-25,AAPL,130.1162872314453,130.3020233154297,125.8851448059082,73.8012283416546,-0.0022488682821933947,0.011027809669606549,131.7487335205078,1
2021-06-28,AAPL,131.7487335205078,130.78687438964843,126.38220748901367,75.03799378190415,0.012546056483757395,0.009076052479746589,133.26388549804688,1
2021-06-29,AAPL,133.26388549804688,131.24630126953124,126.97115783691406,76.62062836254546,0.011500315312732878,0.008706160869838825,133.87973022460938,1
2021-06-30,AAPL,133.87973022460938,131.88363952636718,127.5527774810791,82.20406856721144,0.004621242463859643,0.00869883219412984,134.18275451660156,1
2021-07-01,AAPL,134.18275451660156,132.63827819824218,128.22383804321288,81.09886700148013,0.0022634068016404996,0.008320652826230712,136.81224060058594,1
2021-07-02,AAPL,136.81224060058594,133.97746887207032,128.91151695251466,80.293475497531,0.019596304260239616,0.007978346684098327,138.825927734375,1
2021-07-06,AAPL,138.825927734375,135.39290771484374,129.69939079284669,86.73952928064195,0.014718618194901723,0.008040588123031264,141.3185577392578,1
2021-07-07,AAPL,141.3185577392578,137.00384216308595,130.57084045410156,88.07516695193453,0.01795507543556374,0.008596658605900767,140.0184783935547,0
2021-07-08,AAPL,140.0184783935547,138.231591796875,131.35822525024415,81.00227334115836,-0.009199636385349041,0.009714746220031942,141.846435546875,1
2021-07-09,AAPL,141.846435546875,139.7643280029297,132.286861038208,88.68061935019068,0.013055113684226738,0.009309914722556493,141.25010681152344,0
2021-07-12,AAPL,141.25010681152344,140.6519012451172,133.12507362365722,84.54871443871983,-0.004204044557429176,0.009576984519425772,142.36448669433594,1
2021-07-13,AAPL,142.36448669433594,141.35961303710937,133.86602706909179,83.94969871138227,0.007889409133682745,0.009459277803207827,145.79556274414062,1
2021-07-14,AAPL,145.79556274414062,142.25501403808593,134.81958770751953,87.79909054275389,0.024100645669951293,0.010754584926505452,145.140625,0
2021-07-15,AAPL,145.140625,143.279443359375,135.71547508239746,86.42455418963233,-0.004492165137357396,0.011532372576569213,143.09759521484375,0
2021-07-16,AAPL,143.09759521484375,143.52967529296876,136.42905540466307,80.04467789900957,-0.014076209091398395,0.013458627054245066,139.24620056152344,0
2021-07-19,AAPL,139.24620056152344,143.12889404296874,137.01507186889648,66.27088814993411,-0.026914461053925476,0.016200450425388715,142.86302185058594,1
2021-07-20,AAPL,142.86302185058594,143.22860107421874,137.69199905395507,68.8530985079241,0.025974290677069245,0.017527927685991443,142.12986755371094,0
2021-07-21,AAPL,142.12986755371094,142.4954620361328,138.250154876709,66.22990314603288,-0.0051318688865602535,0.016847792358658926,143.4984130859375,1
2021-07-22,AAPL,143.4984130859375,142.16701965332032,138.8904235839844,67.4929046415459,0.009628838440374876,0.016669663499218626,145.2187957763672,1
2021-07-23,AAPL,145.2187957763672,142.591259765625,139.6308853149414,66.18673645301166,0.011988862130478006,0.016598495321890772,145.63919067382812,1
2021-07-26,AAPL,145.63919067382812,143.86985778808594,140.40703048706055,63.93442217274186,0.0028949069245025605,0.01643201048616006,143.46905517578125,0
2021-07-27,AAPL,143.46905517578125,143.991064453125,140.99304656982423,54.76147442443994,-0.014900765982056918,0.01726646977277049,141.7193603515625,0
2021-07-28,AAPL,141.7193603515625,143.90896301269532,141.4158203125,53.836890967260445,-0.012195625196492643,0.015581989314133975,142.36448669433594,1
2021-07-29,AAPL,142.36448669433594,143.682177734375,141.84005813598634,51.51349897542338,0.004552139814723022,0.015729635127515264,142.57955932617188,1
2021-07-30,AAPL,142.57955932617188,143.15433044433593,142.25989837646483,53.25673436620698,0.0015107182755325077,0.015141238390481513,142.24720764160156,0
2021-08-02,AAPL,142.24720764160156,142.47593383789064,142.53164672851562,50.18927500369528,-0.002330991105183644,0.01200311682179302,144.04583740234375,1
2021-08-03,AAPL,144.04583740234375,142.59129028320314,142.79264221191406,46.36551106954252,0.012644394154111671,0.00956119393769932,143.64503479003906,0
2021-08-04,AAPL,143.64503479003906,142.97642517089844,142.90896606445312,46.90284542731202,-0.0027824657729274005,0.009425335133979893,143.7525634765625,1
2021-08-05,AAPL,143.7525634765625,143.25404052734376,143.0956703186035,52.118694730659634,0.0007485722474196432,0.008938349128770562,143.06727600097656,0
2021-08-06,AAPL,143.06727600097656,143.3515838623047,143.1567123413086,62.420109589805215,-0.004767132209768654,0.0080076377893899,143.01834106445312,0
2021-08-09,AAPL,143.01834106445312,143.505810546875,143.24512405395507,50.87800222630047,-0.00034204143596827663,0.007876266790675485,142.53866577148438,0
2021-08-10,AAPL,142.53866577148438,143.20437622070312,143.2538330078125,51.94671483677788,-0.0033539425041476667,0.006458895968916586,142.7931671142578,1
2021-08-11,AAPL,142.7931671142578,143.03400268554688,143.10371322631835,47.039056259095965,0.001785489862669687,0.005033505141713572,145.7594757080078,1
2021-08-12,AAPL,145.7594757080078,143.43538513183594,143.13465576171876,52.47521290108706,0.020773463140406845,0.008080571882687237,145.96502685546875,1
2021-08-13,AAPL,145.96502685546875,144.0149353027344,143.27802734375,51.63619127013323,0.0014102077855486783,0.008081847585989023,147.9425506591797,1
2021-08-16,AAPL,147.9425506591797,144.9997772216797,143.7128448486328,68.85349826807615,0.013547928886205263,0.008597205029633409,147.03213500976562,0
2021-08-17,AAPL,147.03213500976562,145.89847106933593,143.9213005065918,74.27695970491763,-0.0061538458364924775,0.008543897120961983,143.28265380859375,0
2021-08-18,AAPL,143.28265380859375,145.99636840820312,143.97893981933595,53.68104017398604,-0.025501100156933965,0.012214492438243171,143.61550903320312,1
2021-08-19,AAPL,143.61550903320312,145.56757507324218,143.98479461669922,54.06317886005102,0.002323067138706225,0.012237992417772403,145.07418823242188,1
2021-08-20,AAPL,145.07418823242188,145.3894073486328,143.97756423950196,59.63840476430927,0.010156836187389162,0.012502928120995372,146.562255859375,1
2021-08-23,AAPL,146.562255859375,145.11334838867188,144.0237174987793,58.71112571273663,0.010257287289239247,0.012778982702687586,146.47412109375,0
2021-08-24,AAPL,146.47412109375,145.00174560546876,144.17397079467773,59.97000377637438,-0.0006013469505379287,0.012667449665301091,145.24061584472656,0
2021-08-25,AAPL,145.24061584472656,145.39333801269532,144.35003356933595,55.07954490514947,-0.008421318658972776,0.013159893989186985,144.43785095214844,0
2021-08-26,AAPL,144.43785095214844,145.55780639648438,144.45370178222657,54.69952811500479,-0.005527137763147061,0.011460411798164698,145.4755401611328,1
2021-08-27,AAPL,145.4755401611328,145.63807678222656,144.5985008239746,57.641160132173255,0.0071843301609919585,0.011729299027460888,149.9005126953125,1
2021-08-30,AAPL,149.9005126953125,146.30572814941405,144.98116607666014,67.92687171696147,0.03041729578235941,0.01475964696804751,148.6376495361328,0
2021-08-31,AAPL,148.6376495361328,146.73843383789062,145.21075668334962,63.74950811630952,-0.008424675382842639,0.014905753881992683,149.30331420898438,1
2021-09-01,AAPL,149.30331420898438,147.55097351074218,145.49367065429686,59.35455721424671,0.004478439176944571,0.011587232626984691,150.4193878173828,1
2021-09-02,AAPL,150.4193878173828,148.74728088378907,145.8270118713379,61.109487006899364,0.0074752098726773575,0.011609800993240207,151.0557098388672,1
2021-09-03,AAPL,151.0557098388672,149.86331481933593,146.22643356323243,58.34654016903989,0.004230319181041331,0.011450436521308607,153.39547729492188,1
2021-09-07,AAPL,153.39547729492188,150.56230773925782,146.74529037475585,65.49480534536069,0.015489434054168028,0.01187439062993449,151.84869384765625,0
2021-09-08,AAPL,151.84869384765625,151.2045166015625,147.21079177856444,73.56837492993813,-0.01008363137259738,0.012689208026278041,150.83056640625,0
2021-09-09,AAPL,150.83056640625,151.5099670410156,147.61266174316407,69.28362864837564,-0.006704881126127438,0.012517751660835394,145.8378143310547,0
2021-09-10,AAPL,145.8378143310547,150.59365234375,147.6165786743164,52.1875700509929,-0.03310172595750738,0.017035589833807856,146.40557861328125,1
2021-09-13,AAPL,146.40557861328125,149.66362609863282,147.63860626220702,50.10388694117321,0.003893121169093572,0.0169364002511023,145.00570678710938,0
2021-09-14,AAPL,145.00570678710938,147.9856719970703,147.49176406860352,47.207348401802314,-0.009561601678236054,0.013537088466780919,145.89651489257812,1
2021-09-15,AAPL,145.89651489257812,146.79523620605468,147.43498306274415,51.93423745285895,0.006143262394331828,0.013698965510985503,145.6615447998047,0
2021-09-16,AAPL,145.6615447998047,145.7614318847656,147.55392761230468,53.30122908117018,-0.0016105257411148655,0.013524375449698998,142.98895263671875,0
2021-09-17,AAPL,142.98895263671875,145.19165954589843,147.52259979248046,45.090107681730885,-0.018347959763567734,0.013893185169056351,139.93455505371094,0
2021-09-20,AAPL,139.93455505371094,143.89745483398437,147.26561813354493,27.639603768891774,-0.021361073891966287,0.01436024338972872,140.41427612304688,1
2021-09-21,AAPL,140.41427612304688,142.9791687011719,146.9582191467285,30.935617132773373,0.0034281816178414193,0.012612694668150692,142.78335571289062,1
2021-09-22,AAPL,142.78335571289062,142.35653686523438,146.77368087768554,36.34270634159581,0.016872070670133965,0.014954487113726914,143.74276733398438,1
2021-09-23,AAPL,143.74276733398438,141.9727813720703,146.69878845214845,36.037300196830344,0.006719351960202902,0.015480945109637684,143.8308563232422,1
2021-09-24,AAPL,143.8308563232422,142.141162109375,146.66843872070314,34.53411509175555,0.0006128238024882826,0.011852543160088783,142.31346130371094,0
2021-09-27,AAPL,142.31346130371094,142.616943359375,146.51033477783204,25.282764448696895,-0.010549857369416604,0.012025265132148523,138.9262237548828,0
2021-09-28,AAPL,138.9262237548828,142.3193328857422,145.96162033081055,23.151216890334425,-0.023801244926503706,0.013652435281239108,139.8268585205078,1
2021-09-29,AAPL,139.8268585205078,141.72803344726563,145.5210807800293,27.172640342052844,0.0064828276568869025,0.01368138219334995,138.52481079101562,0
2021-09-30,AAPL,138.52481079101562,140.68444213867187,144.98215560913087,31.83344241159027,-0.009311857130089418,0.013738839581913362,139.65065002441406,1
2021-10-01,AAPL,139.65065002441406,139.84840087890626,144.44371871948243,33.85284081019617,0.008127347202061319,0.013411979815337656,136.2144775390625,0
2021-10-04,AAPL,136.2144775390625,138.62860412597655,143.7016571044922,30.629027549163766,-0.024605488658669628,0.013953216725323214,138.14306640625,1
2021-10-05,AAPL,138.14306640625,138.47197265625,142.93903656005858,33.97878302886289,0.014158472007018696,0.014852157625932921,139.01431274414062,1
2021-10-06,AAPL,139.01431274414062,138.30946350097656,142.2973175048828,36.73888426036226,0.006306840875592412,0.013731173495822235,140.27719116210938,1
2021-10-07,AAPL,140.27719116210938,138.65993957519532,141.76964874267577,44.47500885975681,0.00908452081688238,0.013928223065840692,139.89541625976562,0
2021-10-08,AAPL,139.89541625976562,138.70889282226562,141.47252883911133,50.28098668626599,-0.002721575041394697,0.013889282140050252,139.80728149414062,0
2021-10-11,AAPL,139.80728149414062,139.42745361328124,141.1426139831543,48.83708855921167,-0.0006300046704985629,0.013616560388775014,138.5345916748047,0
2021-10-12,AAPL,138.5345916748047,139.5057586669922,140.81905822753907,38.94567864723985,-0.00910317263689353,0.01161020129411149,137.9472198486328,0
2021-10-13,AAPL,137.9472198486328,139.29234008789064,140.4215934753418,34.5107396454937,-0.0042398928604825414,0.011415773720091477,140.73733520507812,1
2021-10-14,AAPL,140.73733520507812,139.38436889648438,140.17538299560547,43.111060355719694,0.020225962940803477,0.012842736111768291,141.79461669921875,1
2021-10-15,AAPL,141.79461669921875,139.764208984375,140.11566619873048,49.140590269357276,0.007512445028179604,0.012809761599846545,143.46868896484375,1
2021-10-18,AAPL,143.46868896484375,140.49649047851562,140.2923728942871,62.31891470685662,0.011806317507639275,0.00919997495101824,145.6322021484375,1
2021-10-19,AAPL,145.6322021484375,141.9160125732422,140.55326919555665,64.58567868261326,0.015080037318274453,0.009303273802353833,146.12168884277344,1
2021-10-20,AAPL,146.12168884277344,143.5509063720703,140.72018585205078,69.84580847268043,0.003361115791114866,0.009315610212542087,146.33706665039062,1
2021-10-21,AAPL,146.33706665039062,144.6708526611328,140.8499008178711,68.30618965999928,0.0014739619376349378,0.009258958760989628,145.56365966796875,0
2021-10-22,AAPL,145.56365966796875,145.4246612548828,140.93654098510743,80.19652525125595,-0.005285106501892622,0.009506425028692828,145.51470947265625,0
2021-10-25,AAPL,145.51470947265625,145.8338653564453,141.0966033935547,77.03336624185141,-0.00033628032864907453,0.009490901848962492,146.180419921875,1
2021-10-26,AAPL,146.180419921875,145.94350891113282,141.4593132019043,76.61656429059278,0.004574867046989839,0.00829503355622324,145.72030639648438,0
2021-10-27,AAPL,145.72030639648438,145.863232421875,141.7539855957031,71.54849714110533,-0.0031475728803934677,0.008159823657084144,149.36209106445312,1
2021-10-28,AAPL,149.36209106445312,146.4682373046875,142.295849609375,79.65252049826427,0.0249916072648102,0.009188089148009568,146.65032958984375,0
2021-10-29,AAPL,146.65032958984375,146.6855712890625,142.64583358764648,68.85573361121692,-0.018155620715293752,0.011903648167822458,145.8280029296875,0
2021-11-01,AAPL,145.8280029296875,146.74822998046875,143.12650985717772,70.76914872722853,-0.005607397286157889,0.011816561896435658,146.86573791503906,1
2021-11-02,AAPL,146.86573791503906,146.88529357910156,143.5626434326172,74.71760069704457,0.007116157147484925,0.011058264777376373,148.3048095703125,1
2021-11-03,AAPL,148.3048095703125,147.40219421386718,144.02716827392578,72.48811636756407,0.009798552580765563,0.011399651248939765,147.78590393066406,0
2021-11-04,AAPL,147.78590393066406,147.0869567871094,144.40260391235353,68.4585537044341,-0.0034989130908962274,0.011510887674341013,148.31533813476562,1
2021-11-05,AAPL,148.31533813476562,147.41995849609376,144.8236000061035,66.0116727883885,0.003582440476528559,0.01130884271664667,147.4918212890625,0
2021-11-08,AAPL,147.4918212890625,147.75272216796876,145.20782699584962,56.900413492514275,-0.00555247256325464,0.01154295565315371,147.85458374023438,1
2021-11-09,AAPL,147.85458374023438,147.95049133300782,145.6738265991211,56.493872208112805,0.002459542827536909,0.011497810521839357,145.02122497558594,0
2021-11-10,AAPL,145.02122497558594,147.2937744140625,146.02752685546875,46.37001096607227,-0.01916314457742052,0.013165018580653562,144.97213745117188,0
2021-11-11,AAPL,144.97213745117188,146.73102111816405,146.23926696777343,48.487518279465284,-0.00033848510397238574,0.009722939451100934,147.05059814453125,1
2021-11-12,AAPL,147.05059814453125,146.4780731201172,146.50206604003907,54.65834040567056,0.014336966605458468,0.009498288586445611,147.0604248046875,1
2021-11-15,AAPL,147.0604248046875,146.39179382324218,146.68165283203126,52.923409614236114,6.682502676103041e-05,0.00927208179902489,148.04083251953125,1
2021-11-16,AAPL,148.04083251953125,146.42904357910157,146.80208435058594,56.882913671270565,0.006666699869430026,0.009239529916165093,150.48204040527344,1
2021-11-17,AAPL,150.48204040527344,147.52120666503907,147.02010192871094,53.63422559467691,0.016490098334323466,0.010157474782293173,154.77618408203125,1
2021-11-18,AAPL,154.77618408203125,149.48201599121094,147.44205780029296,72.27544844217591,0.028535921397616404,0.013045135244903854,157.40370178222656,1
2021-11-19,AAPL,157.40370178222656,151.55263671875,148.03405990600587,78.7839913334183,0.016976240342007287,0.013592774491890594,157.8644561767578,1
2021-11-22,AAPL,157.8644561767578,153.71344299316405,148.65154724121095,78.1024188417355,0.0029272144766248065,0.013042036995105182,158.24685668945312,1
2021-11-23,AAPL,158.24685668945312,155.75464782714843,149.25486907958984,76.78942207136022,0.0024223344630989185,0.01304344849467705,158.76644897460938,1
2021-11-24,AAPL,158.76644897460938,157.41152954101562,149.90717620849608,79.59792905490043,0.0032834287898426684,0.009515760539175348,153.7370147705078,0
2021-11-26,AAPL,153.7370147705078,157.20369567871094,150.12592239379882,62.403433710709194,-0.03167819294683538,0.01596108964230974,157.09976196289062,1
2021-11-29,AAPL,157.09976196289062,157.14290771484374,150.64839401245118,69.3934331650388,0.02187337380918053,0.016564839532503074,162.06063842773438,1
2021-11-30,AAPL,162.06063842773438,157.98214416503907,151.46002578735352,73.93263357379952,0.03157787384818311,0.018078858325596286,161.54098510742188,0
2021-12-01,AAPL,161.54098510742188,158.6409698486328,152.19378814697265,80.47278619537397,-0.0032065363024237348,0.018539247058836944,160.55076599121094,0
2021-12-02,AAPL,160.55076599121094,158.99783325195312,152.80608596801758,77.96947232749088,-0.006129832101447574,0.018889638579134088,158.66839599609375,0
2021-12-03,AAPL,158.66839599609375,159.9841094970703,153.35021057128907,71.26862882922327,-0.011724453530294832,0.017977028818641473,162.08021545410156,1
2021-12-06,AAPL,162.08021545410156,160.9802001953125,154.03845443725587,74.27302244025819,0.02150282944873161,0.018429634182893947,167.82534790039062,1
2021-12-07,AAPL,167.82534790039062,162.13314208984374,155.05513076782228,77.44022019441901,0.035446229079797664,0.021077505421114133,171.64894104003906,1
2021-12-08,AAPL,171.64894104003906,164.15473327636718,156.2448486328125,78.03159631737036,0.022783168260839037,0.021633458130686917,171.13909912109375,0
2021-12-09,AAPL,171.13909912109375,166.27239990234375,157.55074234008788,74.0285435879517,-0.0029702596232527023,0.021885842448225244,175.93331909179688,1
2021-12-10,AAPL,175.93331909179688,169.7253845214844,159.09880142211915,75.29952351080041,0.028013586581467687,0.017672761826079936,172.2960205078125,0
2021-12-13,AAPL,172.2960205078125,171.76854553222657,160.3610725402832,68.60342957366701,-0.02067430207513188,0.020401822180627634,170.9136505126953,0
2021-12-14,AAPL,170.9136505126953,172.3862060546875,161.5537338256836,66.08633115038099,-0.008023226485689539,0.019453340910047693,175.7862548828125,1
2021-12-15,AAPL,175.7862548828125,173.2136688232422,162.94100494384764,69.20729561717971,0.028509158604363538,0.020436384234969976,168.88421630859375,0
2021-12-16,AAPL,168.88421630859375,172.7626922607422,163.86111373901366,67.34367216070822,-0.03926381262755718,0.025227541191282496,167.78616333007812,0
2021-12-17,AAPL,167.78616333007812,171.13326110839844,164.51161270141603,63.01756408146384,-0.0065018093609718886,0.0248863126353496,166.4233856201172,0
2021-12-20,AAPL,166.4233856201172,169.95873413085937,164.96259689331055,56.10171152539944,-0.00812211020809872,0.024581626715920967,169.59991455078125,1
2021-12-21,AAPL,169.59991455078125,169.69598693847655,165.54936981201172,60.0351343024042,0.019087034666599667,0.022644477874277452,172.19796752929688,1
2021-12-22,AAPL,172.19796752929688,168.97832946777345,166.2469253540039,63.693465022565306,0.015318716317735737,0.021970016905887402,172.82542419433594,1
2021-12-23,AAPL,172.82542419433594,169.76657104492188,166.94987411499022,67.07630561422096,0.003643809935981457,0.02195224021848106,176.79605102539062,1
2021-12-27,AAPL,176.79605102539062,171.56854858398438,168.1028259277344,67.26174859639056,0.02297478423423316,0.021316994916627474,175.7764434814453,0
2021-12-28,AAPL,175.7764434814453,173.43916015625,169.03666000366212,60.577803574740614,-0.0057671398090157755,0.020145646124334844,175.86468505859375,1
2021-12-29,AAPL,175.86468505859375,174.6921142578125,169.72686233520508,56.38252850289036,0.0005020102546207106,0.01984375329646105,174.70779418945312,0
2021-12-30,AAPL,174.70779418945312,175.19407958984374,170.38520278930665,55.4273651891249,-0.0065783012021723986,0.017840514921247285,174.0901336669922,0
2021-12-31,AAPL,174.0901336669922,175.447021484375,171.0621711730957,47.76378749665489,-0.003535391911543173,0.011744451155220227,178.443115234375,1
2022-01-03,AAPL,178.443115234375,175.77643432617188,172.05090713500977,59.65814478796939,0.02500418303836449,0.013036652637992628,176.17840576171875,0
2022-01-04,AAPL,176.17840576171875,175.85682678222656,172.7558166503906,58.248016076283214,-0.012691492578358554,0.013661579095655105,171.4920654296875,0
2022-01-05,AAPL,171.4920654296875,174.9823028564453,172.93915252685548,44.24064713275133,-0.026599970136916395,0.0161377728026456,168.62930297851562,0
2022-01-06,AAPL,168.62930297851562,173.7666046142578,172.7881706237793,50.011861195313976,-0.0166932647525061,0.016206788224877356,168.79595947265625,1
2022-01-07,AAPL,168.79595947265625,172.70776977539063,172.67101364135743,52.24801834107516,0.0009883009132869436,0.016126064877838152,168.81556701660156,1
2022-01-10,AAPL,168.81556701660156,170.78226013183593,172.31512603759765,54.943375968938454,0.00011616121621971232,0.01357277176707002,171.64894104003906,1
2022-01-11,AAPL,171.64894104003906,169.8763671875,172.28277206420898,54.28322485769786,0.016783843300179013,0.015127871741723312,172.09011840820312,1
2022-01-12,AAPL,172.09011840820312,169.99597778320313,172.3415954589844,50.2484439673996,0.0025702306433754707,0.015184020077523227,168.81556701660156,0
2022-01-13,AAPL,168.81556701660156,170.03323059082032,171.99306106567383,43.13215917255858,-0.019028119812401045,0.01607932952560882,169.67835998535156,1
2022-01-14,AAPL,169.67835998535156,170.20971069335937,172.03276824951172,35.97650772893353,0.005110861421122159,0.016296771454009394,166.47239685058594,0
2022-01-18,AAPL,166.47239685058594,169.74107666015624,171.96707992553712,32.93149155185509,-0.018894354795993995,0.01380327068554706,162.97238159179688,0
2022-01-19,AAPL,162.97238159179688,168.00576477050782,171.7945297241211,28.79731418980522,-0.021024598221712543,0.014433352529296697,161.2860870361328,0
2022-01-20,AAPL,161.2860870361328,165.84495849609374,171.37883834838868,28.19230228766827,-0.010347118568149738,0.012897924487591129,159.22723388671875,0
2022-01-21,AAPL,159.22723388671875,163.9272918701172,170.73030166625978,26.81273830873147,-0.012765224745968418,0.012593719510494239,158.4527130126953,0
2022-01-24,AAPL,158.4527130126953,161.68216247558593,170.01166610717775,15.176715809647035,-0.004864248753918998,0.01238526344534308,156.64878845214844,0
2022-01-25,AAPL,156.64878845214844,159.71744079589843,169.00430297851562,15.295360673797688,-0.011384624007052091,0.012263425396396346,156.560546875,0
2022-01-26,AAPL,156.560546875,158.43507385253906,168.04350814819335,18.11707167374412,-0.0005633083921067206,0.009344383959517841,156.0997772216797,0
2022-01-27,AAPL,156.0997772216797,157.39781188964844,167.05526275634764,20.072678193951944,-0.002943076416871415,0.008719845250550218,166.9920196533203,1
2022-01-28,AAPL,166.9920196533203,158.95076904296874,166.66947402954102,48.09959950713825,0.06977743738975617,0.02607695283766673,171.3548126220703,1
2022-01-31,AAPL,171.3548126220703,161.53118896484375,166.53270797729493,54.17526487512848,0.026125757253593784,0.027417624356531,171.1881561279297,0
2022-02-01,AAPL,171.1881561279297,164.4390625,166.16996002197266,50.19310259247234,-0.0009725813450491838,0.02652116703983636,172.39405822753906,1
2022-02-02,AAPL,172.39405822753906,167.60576477050782,165.98074264526366,51.24998913611182,0.0070443080110531575,0.025132780803248374,169.5116424560547,0
2022-02-03,AAPL,169.5116424560547,170.28813781738282,165.88172149658203,51.81724912425444,-0.016719925275382352,0.025665969072264583,169.22698974609375,0
2022-02-04,AAPL,169.22698974609375,170.7351318359375,165.91160583496094,50.192382746761155,-0.0016792516775638866,0.025031833242869426,168.5103759765625,0
2022-02-07,AAPL,168.5103759765625,170.16624450683594,165.89732666015624,54.055977097439275,-0.004234630484218016,0.025001175768081,171.62222290039062,1
2022-02-08,AAPL,171.62222290039062,170.25305786132813,166.03765945434571,64.62046734518933,0.018466797108451782,0.024410939851917963,173.0456085205078,1
2022-02-09,AAPL,173.0456085205078,170.38336791992188,166.10749282836915,69.7974463007611,0.008293713926216473,0.02416752505511226,168.9619598388672,0
2022-02-10,AAPL,168.9619598388672,170.27343139648437,165.95108489990236,65.95265999868354,-0.02359868428072054,0.026222032080868745,165.5458221435547,0
2022-02-11,AAPL,165.5458221435547,169.53719787597657,165.78759765625,61.17653454240008,-0.020218383466730327,0.016341175515851427,165.78140258789062,1
2022-02-14,AAPL,165.78140258789062,168.99140319824218,165.59274978637694,64.89679711444857,0.0014230527915808366,0.013435999736938103,169.61961364746094,1
2022-02-15,AAPL,169.61961364746094,168.59088134765625,165.7501106262207,68.67723462941271,0.023152241443580746,0.015835813901708014,169.38404846191406,0
2022-02-16,AAPL,169.38404846191406,167.8585693359375,166.07069396972656,69.15570417144724,-0.0013887850613577557,0.015593942779956935,165.78140258789062,0
2022-02-17,AAPL,165.78140258789062,167.2224578857422,166.29545974731445,48.40323861459995,-0.02126909769094043,0.01613923034398316,164.23037719726562,0
2022-02-18,AAPL,164.23037719726562,166.95936889648436,166.5456169128418,36.99221084730712,-0.009355846713884008,0.01629849571160998,161.30506896972656,0
2022-02-22,AAPL,161.30506896972656,166.06410217285156,166.68823471069337,33.42558734533952,-0.017812223764336332,0.016975999242831042,157.13304138183594,0
2022-02-23,AAPL,157.13304138183594,163.56678771972656,166.71244735717772,26.533305768243522,-0.025864206342291807,0.016158821034759806,159.75404357910156,1
2022-02-24,AAPL,159.75404357910156,161.64078674316406,166.87212219238282,35.16179712462642,0.01668014679927521,0.01731310671737857,161.82533264160156,1
2022-02-25,AAPL,161.82533264160156,160.84957275390624,167.1583999633789,39.55653074081481,0.01296548754632565,0.017472032989783382,162.0903778076172,1
2022-02-28,AAPL,162.0903778076172,160.42157287597655,166.91331787109374,40.875033856454884,0.0016378471880087453,0.0165858181928494,160.20559692382812,0
2022-03-01,AAPL,160.20559692382812,160.20167846679686,166.35585708618163,32.850246956605375,-0.011627962802493341,0.01680010544003101,163.5039520263672,1
2022-03-02,AAPL,163.5039520263672,161.47586059570312,165.9716468811035,36.82735009122369,0.020588263867630685,0.016365691978260592,163.1800079345703,0
2022-03-03,AAPL,163.1800079345703,162.1610534667969,165.51094436645508,41.1083339406438,-0.001981261540055179,0.01635809078417216,160.17616271972656,0
2022-03-04,AAPL,160.17616271972656,161.8312194824219,165.04417037963867,41.512423141177,-0.018408169314761857,0.01603666913477208,156.37718200683594,0
2022-03-07,AAPL,156.37718200683594,160.68858032226564,164.40167999267578,36.34019121188556,-0.02371751606721917,0.017235743482307324,154.5513153076172,0
2022-03-08,AAPL,154.5513153076172,159.55772399902344,163.7037269592285,26.60459629738891,-0.011676042986494828,0.016823493436046822,159.96018981933594,1
2022-03-09,AAPL,159.96018981933594,158.84897155761718,163.1206253051758,38.003544249226756,0.034997272594885276,0.01896395392914035,155.61146545410156,0
2022-03-10,AAPL,155.61146545410156,157.33526306152345,162.24891815185546,37.044585920269455,-0.027186291602591672,0.020209557293897677,151.89100646972656,0
2022-03-11,AAPL,151.89100646972656,155.67823181152343,161.39537048339844,34.87996277755502,-0.023908643065072677,0.02044879116649577,147.85643005371094,0
2022-03-14,AAPL,147.85643005371094,153.97408142089844,160.51090087890626,33.69609514846903,-0.026562312738508065,0.021189859401219906,152.2444305419922,1
2022-03-15,AAPL,152.2444305419922,153.51270446777343,159.83405227661132,44.54889996899686,0.02967744106013681,0.024393173305705233,156.66183471679688,1
2022-03-16,AAPL,156.66183471679688,152.85303344726563,159.18616333007813,47.04568222667606,0.029015210336947428,0.02548930941982272,157.6729278564453,1
2022-03-17,AAPL,157.6729278564453,153.26532592773438,158.6006072998047,45.75636705744395,0.006453985053068045,0.02570131423048645,160.97129821777344,1
2022-03-18,AAPL,160.97129821777344,155.08138427734374,158.36010208129883,49.404125650443504,0.02091906585467318,0.026109616051894765,162.34561157226562,1
2022-03-21,AAPL,162.34561157226562,157.97922058105468,158.26586380004883,52.95255601233978,0.008537629811700365,0.024698296909043575,165.72250366210938,1
2022-03-22,AAPL,165.72250366210938,160.67483520507812,158.48673553466796,52.987757349212366,0.020800636722727583,0.02453878140061433,167.08700561523438,1
2022-03-23,AAPL,167.08700561523438,162.75986938476564,158.98443374633788,54.683984759372215,0.008233655194511691,0.0225588107587902,170.8761749267578,1
2022-03-24,AAPL,170.8761749267578,165.40051879882813,159.5405403137207,61.5948289830293,0.022677821638919626,0.020133144338236365,171.51425170898438,1
2022-03-25,AAPL,171.51425170898438,167.5091094970703,160.02498626708984,67.44177815282075,0.003734147153633627,0.016613642117678202,172.3781280517578,1
2022-03-28,AAPL,172.3781280517578,169.51561279296874,160.53937377929688,70.99536721724782,0.005036761284649582,0.010130611241590367,175.67645263671875,1
2022-03-29,AAPL,175.67645263671875,171.50640258789062,161.31291656494142,69.16868255596023,0.01913424065012803,0.008974888482715385,174.50828552246094,0
2022-03-30,AAPL,174.50828552246094,172.99065856933595,161.8631332397461,75.30896732180445,-0.0066495372414734355,0.009609561906574028,171.40626525878906,0
2022-03-31,AAPL,171.40626525878906,173.0966766357422,162.27444610595703,77.3597797836876,-0.017775776401588783,0.01322593769625964,171.1117401123047,0
2022-04-01,AAPL,171.1117401123047,173.01617431640625,162.82122497558595,86.9519538115728,-0.0017182869368264075,0.012787464858934375,175.16598510742188,1
2022-04-04,AAPL,175.16598510742188,173.57374572753906,163.76066513061522,86.55027706667504,0.02369355248480498,0.013941260727702584,171.84799194335938,0
2022-04-05,AAPL,171.84799194335938,172.80805358886718,164.62549896240233,75.5377801309685,-0.018941994714485877,0.015386788668683975,168.67726135253906,0
2022-04-06,AAPL,168.67726135253906,171.6418487548828,165.0613525390625,67.63365700493347,-0.018450786389551666,0.0167728044049208,168.9815673828125,1
2022-04-07,AAPL,168.9815673828125,171.1569091796875,165.72985763549804,64.14200272621488,0.001804072628600606,0.014989551383690354,166.9691925048828,0
2022-04-08,AAPL,166.9691925048828,170.32839965820312,166.48376693725587,58.21600266782169,-0.011908842538848274,0.015252985994292558,162.70880126953125,0
2022-04-11,AAPL,162.70880126953125,167.836962890625,167.22638549804688,45.507496363859744,-0.025516031858553667,0.016562086650874292,164.5837860107422,1
2022-04-12,AAPL,164.5837860107422,166.38412170410157,167.84335327148438,46.458228365722455,0.011523560659174148,0.01543396138152248,167.2735137939453,1
2022-04-13,AAPL,167.2735137939453,166.1033721923828,168.3739372253418,44.59685351627904,0.016342604872557454,0.01702249766435433,162.2572784423828,0
2022-04-14,AAPL,162.2572784423828,164.75851440429688,168.60315475463867,37.18975390231283,-0.029988222509283347,0.01848805874651186,162.0413055419922,0
2022-04-18,AAPL,162.0413055419922,163.77293701171874,168.65665512084962,35.40313283565182,-0.0013310521565743638,0.018496835014165214,164.32850646972656,1
2022-04-19,AAPL,164.32850646972656,164.0968780517578,168.75579986572265,33.78001887353729,0.014114925327737948,0.01701884244082,164.16165161132812,0
2022-04-20,AAPL,164.16165161132812,164.012451171875,168.6777572631836,34.76042867324719,-0.001015373789873597,0.01646685467392286,163.36651611328125,0
2022-04-21,AAPL,163.36651611328125,163.23105163574218,168.49173278808593,37.24136176812565,-0.004843612928124408,0.015726232187650298,158.8214569091797,0
2022-04-22,AAPL,158.8214569091797,162.54388732910155,167.88899688720704,32.551883539043914,-0.027821240926445,0.01740444336378971,159.89151000976562,1
2022-04-25,AAPL,159.89151000976562,162.11392822265626,167.3078598022461,26.54338410328326,0.006737459291774606,0.017702620519885987,153.9230499267578,0
2022-04-26,AAPL,153.9230499267578,160.0328369140625,166.3851058959961,24.205238499859064,-0.03732818635988411,0.019579114123002058,153.69728088378906,0
2022-04-27,AAPL,153.69728088378906,157.9399627685547,165.2861473083496,26.349277607413754,-0.0014667656538521756,0.018747679683023762,160.63754272460938,1
2022-04-28,AAPL,160.63754272460938,157.3941680908203,164.59261016845704,39.930509123102276,0.04515539768115917,0.024120010734585685,154.7574462890625,0
2022-04-29,AAPL,154.7574462890625,156.58136596679688,163.7601692199707,36.1346622671183,-0.03660474591314855,0.02499379273267196,155.061767578125,1
2022-05-02,AAPL,155.061767578125,155.61541748046875,162.95767059326172,40.56914556632738,0.001966440364323807,0.025061033852065435,156.55386352539062,1
2022-05-03,AAPL,156.55386352539062,156.1415802001953,162.02706451416014,40.0870387185923,0.009622590858922475,0.0247361895865052,162.97386169433594,1
2022-05-04,AAPL,162.97386169433594,157.99689636230468,161.58335800170897,45.792702074035645,0.041008238470614966,0.028663171813364204,153.89358520507812,0
2022-05-05,AAPL,153.89358520507812,156.64810485839843,160.84417419433595,41.65494934415297,-0.055716152239726924,0.03363175790461455,154.62106323242188,1
2022-05-06,AAPL,154.62106323242188,156.6208282470703,160.12614898681642,42.80461326423638,0.004727149779338191,0.03279002761098896,149.48931884765625,0
2022-05-09,AAPL,149.48931884765625,155.50633850097657,159.25215530395508,35.55220536682104,-0.03318916761716828,0.033991044401902946,151.8979034423828,1
2022-05-10,AAPL,151.8979034423828,154.575146484375,158.71161041259765,38.88602362859816,0.016112084885349764,0.032727715942696974,144.02333068847656,0
2022-05-11,AAPL,144.02333068847656,150.78504028320313,157.68358764648437,33.93729453223587,-0.05184122081640974,0.03649513737553378,140.14991760253906,0
2022-05-12,AAPL,140.14991760253906,148.03630676269532,156.32740783691406,34.022687906239014,-0.026894344599735165,0.032155032544304775,144.62301635742188,1
2022-05-13,AAPL,144.62301635742188,146.0366973876953,155.44569473266603,38.243883114536175,0.0319165278967084,0.03384178464844796,143.0795135498047,0
2022-05-16,AAPL,143.0795135498047,144.754736328125,154.49760513305665,41.02238292347388,-0.010672594490786835,0.03373756345333535,146.71701049804688,1
2022-05-17,AAPL,146.71701049804688,143.71855773925782,153.61703033447264,45.01254360352772,0.02542290547399717,0.034975463214981205,138.43934631347656,0
2022-05-18,AAPL,138.43934631347656,142.6017608642578,152.33091506958007,32.52215114689875,-0.05641925333995612,0.034009282076899926,135.02801513671875,0
2022-05-19,AAPL,135.02801513671875,141.57738037109374,150.91399002075195,33.51939740663073,-0.024641341263150207,0.03124989012162354,135.26394653320312,1
2022-05-20,AAPL,135.26394653320312,139.70556640625,149.73611450195312,33.482031584488155,0.0017472773797755359,0.03108060726129636,140.69061279296875,1
2022-05-23,AAPL,140.69061279296875,139.2277862548828,148.77606964111328,38.30703886142589,0.04011908863263525,0.034234600145700116,137.98712158203125,0
2022-05-24,AAPL,137.98712158203125,137.4818084716797,147.97927322387696,30.114023893059894,-0.019215860655293238,0.03357121929387952,138.14442443847656,1
2022-05-25,AAPL,138.14442443847656,137.42282409667968,147.20163040161134,35.22218051976557,0.0011399821566087098,0.03006486096088796,141.3492889404297,1
2022-05-26,AAPL,141.3492889404297,138.68707885742188,146.23721771240236,38.52283737813251,0.02319937641334513,0.029953128158557885,147.1102294921875,1
2022-05-27,AAPL,147.1102294921875,141.05633544921875,145.8548568725586,48.74754800448431,0.040756770656170005,0.031068156365590866,146.32376098632812,0
2022-05-31,AAPL,146.32376098632812,142.18296508789064,145.41795654296874,45.724182664506095,-0.005346117048244725,0.030869036211737536,146.1959686279297,0
2022-06-01,AAPL,146.1959686279297,143.82473449707032,144.9000617980957,53.28167308575516,-0.0008733534289784295,0.02981818670052143,148.65370178222656,1
2022-06-02,AAPL,148.65370178222656,145.9265899658203,144.18405380249024,60.718830737125195,0.01681122384812017,0.02250555418461695,142.92227172851562,0
2022-06-03,AAPL,142.92227172851562,146.2411865234375,143.6354881286621,48.929641178706355,-0.03855558243754553,0.02499680878702497,143.6693878173828,1
2022-06-06,AAPL,143.6693878173828,145.55301818847656,143.08790435791016,51.564824072414645,0.005227429426019503,0.02495555001633835,146.1959686279297,1
2022-06-07,AAPL,146.1959686279297,145.52745971679687,142.92323684692383,50.263288506194066,0.01758607626113351,0.022457543725245097,145.45858764648438,0
2022-06-08,AAPL,145.45858764648438,145.3799835205078,142.6012710571289,61.01108161074077,-0.005043784643076976,0.02123867422271913,140.22857666015625,0
2022-06-09,AAPL,140.22857666015625,143.69495849609376,142.4115333557129,58.26727854541455,-0.035955326329985327,0.024990960072866775,134.8117218017578,0
2022-06-10,AAPL,134.8117218017578,142.07284851074218,142.14462356567384,50.211669307920445,-0.03862875162404433,0.02669336487559253,129.65048217773438,0
2022-06-13,AAPL,129.65048217773438,139.2690673828125,141.39599685668946,36.53591298589619,-0.038284798643942075,0.02332564561600474,130.51560974121094,1
2022-06-14,AAPL,130.51560974121094,136.13299560546875,140.76780166625977,40.642540854246,0.006672767805757873,0.02402333856528887,133.1404571533203,1
2022-06-15,AAPL,133.1404571533203,133.66936950683595,140.08897399902344,44.485170814848274,0.020111367654137124,0.025862460064997074,127.86126708984375,0
2022-06-16,AAPL,127.86126708984375,131.19590759277344,139.5600700378418,34.62488736425007,-0.03965128388734018,0.025763047354850716,129.3358917236328,1
2022-06-17,AAPL,129.3358917236328,130.10074157714843,139.2754638671875,27.808486056827007,0.011533005008881103,0.02546679091028758,133.57301330566406,1
2022-06-21,AAPL,133.57301330566406,130.88524780273437,139.19091720581054,35.97794553525412,0.0327606012960826,0.028554360040475953,133.06182861328125,0
2022-06-22,AAPL,133.06182861328125,131.39449157714844,138.80947799682616,35.63586705886269,-0.0038270057680965808,0.027289831984915303,135.9324493408203,1
2022-06-23,AAPL,135.9324493408203,131.95289001464843,138.7067443847656,36.607693991638065,0.021573585433595444,0.02896842299219558,139.26513671875,1
2022-06-24,AAPL,139.26513671875,134.2336639404297,138.7627799987793,46.44810616013387,0.024517231861052702,0.028412657546836934,139.26513671875,0
2022-06-27,AAPL,139.26513671875,136.21951293945312,138.6585723876953,45.502832127791855,0.0,0.02505331148174162,135.11648559570312,0
2022-06-28,AAPL,135.11648559570312,136.52820739746093,138.0588851928711,37.998669139983114,-0.029789588556001667,0.023578090778944686,136.876220703125,1
2022-06-29,AAPL,136.876220703125,137.29108581542968,137.58650817871094,41.15725346212298,0.013023837170301755,0.023731448720631588,134.40867614746094,0
2022-06-30,AAPL,134.40867614746094,136.9863311767578,136.9971435546875,43.629954791906826,-0.01802756200447697,0.02409936054036573,136.58131408691406,1
2022-07-01,AAPL,136.58131408691406,136.44956665039064,136.39352416992188,53.03992518214248,0.016164417370419626,0.019633645486272906,139.1668243408203,1
2022-07-05,AAPL,139.1668243408203,136.42990417480468,136.20575180053712,64.4186687895344,0.01893019020347797,0.019968570878266294,140.5038299560547,1
2022-07-06,AAPL,140.5038299560547,137.507373046875,136.0474739074707,64.82099919155232,0.009607215092873211,0.01795963714878769,143.87586975097656,1
2022-07-07,AAPL,143.87586975097656,138.9073028564453,135.93146896362305,65.3402948131326,0.023999629020622137,0.018548690085056333,144.55418395996094,1
2022-07-08,AAPL,144.55418395996094,140.9364044189453,135.88624877929686,77.39549264755826,0.004714579381229322,0.017933862358734617,142.42086791992188,0
2022-07-11,AAPL,142.42086791992188,142.10431518554688,135.99586334228516,71.34053803022081,-0.014757898952478254,0.01780456889173237,143.39413452148438,1
2022-07-12,AAPL,143.39413452148438,142.94977722167968,136.42498397827148,67.72940577331224,0.006833735924918871,0.017833915376771137,143.03041076660156,0
2022-07-13,AAPL,143.03041076660156,143.45509338378906,137.09398040771484,68.15685467105696,-0.00253653160986389,0.013903846159968323,145.9600067138672,1
2022-07-14,AAPL,145.9600067138672,143.87192077636718,137.86620025634767,67.98600099750985,0.020482329118429066,0.014521052448574248,147.63125610351562,1
2022-07-15,AAPL,147.63125610351562,144.48733520507812,138.59074020385742,65.7879237252588,0.011450050101221798,0.011696816470297997,144.5836639404297,0
2022-07-18,AAPL,144.5836639404297,144.91989440917968,139.4268600463867,59.35034065926739,-0.02064327191627391,0.01475441492586072,148.447265625,1
2022-07-19,AAPL,148.447265625,145.9305206298828,140.38242874145507,73.07983478696224,0.02672225602307443,0.015699884633131208,150.4527587890625,1
2022-07-20,AAPL,150.4527587890625,147.414990234375,141.226416015625,73.14261569502277,0.013509801986711478,0.015831249807300916,152.72369384765625,1
2022-07-21,AAPL,152.72369384765625,148.76772766113282,142.20950927734376,81.53396525101897,0.015094007427126188,0.014995738170008375,151.4850311279297,0
2022-07-22,AAPL,151.4850311279297,149.53848266601562,142.9871383666992,76.6716989969344,-0.008110481671312564,0.015659870086585072,150.36424255371094,0
2022-07-25,AAPL,150.36424255371094,150.69459838867186,143.54209365844727,71.2435509490727,-0.0073986754062336235,0.014787004344485242,149.03709411621094,0
2022-07-26,AAPL,149.03709411621094,150.81256408691405,144.03069152832032,66.35332283179824,-0.008826223674993305,0.015449202636268242,154.13934326171875,1
2022-07-27,AAPL,154.13934326171875,151.5498809814453,144.9818344116211,68.11651983270126,0.034234759982165075,0.017907759229289024,154.6898956298828,1
2022-07-28,AAPL,154.6898956298828,151.94312133789063,145.87251815795898,67.9288700054023,0.003571783533742323,0.01735129295733891,159.7626495361328,1
2022-07-29,AAPL,159.7626495361328,153.59864501953126,147.14021682739258,77.6090308756606,0.03279305274332378,0.019304314132679377,158.779541015625,0
2022-08-01,AAPL,158.779541015625,155.28170471191407,148.25012817382813,74.62791664639977,-0.006153556687763073,0.01735273105331229,157.30490112304688,0
2022-08-02,AAPL,157.30490112304688,156.93526611328124,149.15703201293945,72.31985160799763,-0.009287341953161388,0.01712661907529666,163.32147216796875,1
2022-08-03,AAPL,163.32147216796875,158.77169189453124,150.29791412353515,74.40316467343206,0.03824782954610928,0.01990268676874174,163.0068817138672,0
2022-08-04,AAPL,163.0068817138672,160.43508911132812,151.25446472167968,72.47661453862523,-0.001926203884434874,0.019995740235524202,162.7804412841797,0
2022-08-05,AAPL,162.7804412841797,161.0386474609375,152.16577758789063,79.20941033934962,-0.00138914644159005,0.019550044315738434,162.30789184570312,0
2022-08-08,AAPL,162.30789184570312,161.74431762695312,153.16012878417968,74.92740968656605,-0.0029029865919308895,0.019221191853979056,162.3571319580078,1
2022-08-09,AAPL,162.3571319580078,162.7547637939453,154.10827865600587,72.9823883474311,0.0003033747265444031,0.018546818070323642,166.61000061035156,1
2022-08-10,AAPL,166.61000061035156,163.41246948242187,155.28725814819336,74.63624108463105,0.02619452931358568,0.017461769865732384,165.87164306640625,0
2022-08-11,AAPL,165.87164306640625,163.98542175292968,156.2828399658203,76.18173399471051,-0.004431652009125764,0.01786328883506137,169.425537109375,1
2022-08-12,AAPL,169.425537109375,165.31444091796874,157.37255401611327,81.78439903678247,0.021425567247476796,0.016347133739994867,170.49864196777344,1
2022-08-15,AAPL,170.49864196777344,166.9525909423828,158.66830291748047,86.20956096447334,0.006333784603590686,0.015782083043710256,170.34109497070312,0
2022-08-16,AAPL,170.34109497070312,168.54938354492188,159.76299438476562,82.66994097769495,-0.000924036668280892,0.015010702424262593,171.83746337890625,1
2022-08-17,AAPL,171.83746337890625,169.59487609863282,160.8322296142578,83.23070285260792,0.00878454144292351,0.010709564161381996,171.4436798095703,0
2022-08-18,AAPL,171.4436798095703,170.70928344726562,161.76822891235352,77.55941608726403,-0.0022916048781960185,0.010736966235361092,168.85455322265625,0
2022-08-19,AAPL,168.85455322265625,170.59508666992187,162.63670501708984,72.58588608442719,-0.015101907458997088,0.012405316129857178,164.96595764160156,0
2022-08-22,AAPL,164.96595764160156,169.4885498046875,163.36679077148438,66.0786609623563,-0.023029261022811,0.014970127156145822,164.63121032714844,0
2022-08-23,AAPL,164.63121032714844,168.34657287597656,164.14649658203126,53.85067203646025,-0.0020291902598497114,0.015012873826883294,164.92654418945312,1
2022-08-24,AAPL,164.92654418945312,166.96438903808593,164.68585662841798,55.44569819905784,0.001793911748068977,0.012287605172056182,167.38771057128906,1
2022-08-25,AAPL,167.38771057128906,166.1531951904297,165.32074737548828,61.13207839231058,0.014922803323937694,0.013170315698200511,161.07730102539062,0
2022-08-26,AAPL,161.07730102539062,164.59774475097657,165.38647994995117,48.26082501754572,-0.037699359913348496,0.015953444043558394,158.8721160888672,0
2022-08-29,AAPL,158.8721160888672,163.37897644042968,165.39110870361327,44.47471256877789,-0.013690227750810413,0.015636932924314572,156.44052124023438,0
2022-08-30,AAPL,156.44052124023438,161.74083862304687,165.34788970947267,31.74748779327213,-0.015305359483426706,0.01568480666151402,154.77679443359375,0
2022-08-31,AAPL,154.77679443359375,159.710888671875,164.9206558227539,30.615447508314034,-0.010634884066166972,0.014481672370147277,155.5052947998047,1
2022-09-01,AAPL,155.5052947998047,157.33440551757812,164.5455764770508,23.23838701747792,0.0047067802953078,0.015069217797569805,153.388671875,0
2022-09-02,AAPL,153.388671875,155.7966796875,164.07598800659179,18.36074199553714,-0.013611259523539698,0.015016098113751984,152.12857055664062,0
2022-09-06,AAPL,152.12857055664062,154.44797058105468,163.56702194213867,17.581600657132896,-0.008215087222257611,0.014239057560206863,153.53639221191406,1
2022-09-07,AAPL,153.53639221191406,153.8671447753906,163.125984954834,17.80625613932601,0.009254156862988916,0.015178725738649274,152.05967712402344,0
2022-09-08,AAPL,152.05967712402344,153.32372131347657,162.3984687805176,17.07993634593589,-0.009618013466490938,0.014882928074096547,154.92445373535156,1
2022-09-09,AAPL,154.92445373535156,153.20755310058593,161.85110931396486,27.007055249433733,0.018839817797268843,0.015587796930808412,160.89022827148438,1
2022-09-12,AAPL,160.89022827148438,154.7078643798828,161.42434387207032,44.271875259281224,0.03850763641435062,0.017718796963931836,151.4492950439453,0
2022-09-13,AAPL,151.4492950439453,154.57200927734374,160.4718765258789,34.45497462978399,-0.058679345097382374,0.025562873600057063,152.89649963378906,1
2022-09-14,AAPL,152.89649963378906,154.44403076171875,159.5996467590332,36.3876063847014,0.009555703705479868,0.025601494979989082,150.00213623046875,0
2022-09-15,AAPL,150.00213623046875,154.03252258300782,158.50788040161132,30.258088990809924,-0.018930213642907256,0.026043326314439376,148.3580780029297,0
2022-09-16,AAPL,148.3580780029297,152.71924743652343,157.3536003112793,33.622103695563354,-0.01096023209304875,0.026011516519437995,152.07936096191406,1
2022-09-19,AAPL,152.07936096191406,150.9570739746094,156.51484069824218,42.0589639407931,0.025083116531820382,0.027331228339840995,154.46173095703125,1
2022-09-20,AAPL,154.46173095703125,151.55956115722657,155.98962936401367,48.20889686299589,0.015665307771209003,0.027625486589711905,151.3311767578125,0
2022-09-21,AAPL,151.3311767578125,151.24649658203126,155.3246276855469,46.435745199158696,-0.020267506908164923,0.028317650665939588,150.36639404296875,0
2022-09-22,AAPL,150.36639404296875,151.31934814453126,154.59662017822265,44.355946827813966,-0.006375307028688271,0.0282274444067318,148.09226989746094,0
2022-09-23,AAPL,148.09226989746094,151.2661865234375,153.63184814453126,44.10283402630469,-0.015123885626052602,0.027644925917578504,148.427001953125,1
2022-09-26,AAPL,148.427001953125,150.53571472167968,152.99933319091798,45.988646056496094,0.002260293909302824,0.023494748941477007,149.40164184570312,1
2022-09-27,AAPL,149.40164184570312,149.52369689941406,152.52580947875975,45.422547862656735,0.006566459469995456,0.015481317178045318,147.51145935058594,0
2022-09-28,AAPL,147.51145935058594,148.75975341796874,152.07935638427733,44.891469390680996,-0.01265168489292312,0.015350868084466509,140.26583862304688,0
2022-09-29,AAPL,140.26583862304688,146.73964233398436,151.35380859375,33.69799903080286,-0.04911903630699377,0.020748009224664115,136.05235290527344,0
2022-09-30,AAPL,136.05235290527344,144.33165893554687,150.38116149902345,21.022265830746477,-0.030039286537164922,0.022041420879951375,140.23631286621094,1
2022-10-03,AAPL,140.23631286621094,142.69352111816406,149.723543548584,35.477889930848704,0.030752573341018108,0.023048283803484906,143.82958984375,1
2022-10-04,AAPL,143.82958984375,141.57911071777343,149.30859451293946,39.32580288262353,0.025623013783649284,0.024354405040602614,144.1249237060547,1
2022-10-05,AAPL,144.1249237060547,140.90180358886718,148.8380210876465,42.76695313132221,0.0020533595529648174,0.024007153487804217,143.16998291015625,0
2022-10-06,AAPL,143.16998291015625,141.48263244628907,148.39353637695314,43.51379492047236,-0.006625785265607864,0.024009335925173698,137.9129638671875,0
2022-10-07,AAPL,137.9129638671875,141.85475463867186,147.54296188354493,31.912058809272153,-0.036718723688524135,0.025950695923271854,138.2378692626953,1
2022-10-10,AAPL,138.2378692626953,141.45506591796874,146.41034393310548,28.236231427757986,0.0023558727649468647,0.02595441688540847,136.8201904296875,0
2022-10-11,AAPL,136.8201904296875,140.05318603515624,145.67888870239258,29.43149852108067,-0.010255357960659683,0.025535003618330613,136.19017028808594,0
2022-10-12,AAPL,136.19017028808594,138.4662353515625,144.84357223510742,29.653482312713194,-0.004604730775647714,0.025515105641803336,140.76791381835938,1
2022-10-13,AAPL,140.76791381835938,137.98582153320314,144.38186111450196,40.76166071436385,0.033612877644473516,0.02394197841644363,136.22955322265625,0
2022-10-14,AAPL,136.22955322265625,137.64913940429688,143.7754348754883,35.64881899917948,-0.03224002169670015,0.024263025131356714,140.19691467285156,1
2022-10-17,AAPL,140.19691467285156,138.04094848632812,143.18131256103516,40.395824936872124,0.029122619551654738,0.024040888066050054,141.51612854003906,1
2022-10-18,AAPL,141.51612854003906,138.98013610839843,142.53403244018554,43.93902165792441,0.009409721107385804,0.02264442221886786,141.62442016601562,1
2022-10-19,AAPL,141.62442016601562,140.06698608398438,142.0486946105957,52.598824641083674,0.0007652246220537506,0.022626320932413,141.16171264648438,0
2022-10-20,AAPL,141.16171264648438,140.14574584960937,141.58846054077148,58.79117106945024,-0.003267145023357232,0.0225669237861765,144.98143005371094,1
2022-10-21,AAPL,144.98143005371094,141.8961212158203,141.43291854858398,58.11083152664218,0.027059160275225702,0.02030690277985251,147.12753295898438,1
2022-10-24,AAPL,147.12753295898438,143.28224487304686,141.36794509887696,55.981792802994704,0.014802605440423555,0.020494079265077354,149.9726104736328,1
2022-10-25,AAPL,149.9726104736328,144.97354125976562,141.39649353027343,59.287142020259004,0.019337492156832337,0.019944570124977846,147.02911376953125,0
2022-10-26,AAPL,147.02911376953125,146.05447998046876,141.37237625122071,56.1174589679153,-0.019626895169762126,0.021612568139319034,142.5498046875,0
2022-10-27,AAPL,142.5498046875,146.33209838867188,141.48657455444337,57.59859085229817,-0.030465456583330774,0.022617025545914656,153.3197784423828,1
2022-10-28,AAPL,153.3197784423828,147.99976806640626,142.34994583129884,67.60638550533588,0.07555235714628239,0.029419240485368408,150.9570770263672,0
2022-10-31,AAPL,150.9570770263672,148.76567687988282,142.88598403930663,66.50098805675837,-0.015410284570059662,0.02995033467679109,148.3088836669922,0
2022-11-01,AAPL,148.3088836669922,148.43293151855468,143.10994873046874,63.87957137169825,-0.01754269101880168,0.030985777339440617,142.7761993408203,0
2022-11-02,AAPL,142.7761993408203,147.5823486328125,143.04251251220703,53.04174632875653,-0.03730514443487265,0.03379199829748813,136.72181701660156,0
2022-11-03,AAPL,136.72181701660156,146.4167510986328,142.7201042175293,51.46560676895823,-0.042404702969900177,0.03653644849380892,136.45553588867188,0
2022-11-04,AAPL,136.45553588867188,143.0439025878906,142.64723281860353,46.658682280041205,-0.0019476125591378901,0.035040941926294866,136.988037109375,1
2022-11-07,AAPL,136.988037109375,140.25009460449218,142.5847412109375,45.709169765695414,0.0039023790221128785,0.03450461068110699,137.5599822998047,1
2022-11-08,AAPL,137.5599822998047,138.10031433105468,142.62173080444336,46.3010113781704,0.004175146987273282,0.033558812840745994,132.99435424804688,0
2022-11-09,AAPL,132.99435424804688,136.1439453125,142.4619400024414,42.25848582756964,-0.033190088973748644,0.03434109093707777,144.82749938964844,1
2022-11-10,AAPL,144.82749938964844,137.76508178710938,142.66491928100587,51.09380370099138,0.08897479301663913,0.04526003755825689,147.61813354492188,1
2022-11-11,AAPL,147.61813354492188,139.9976013183594,143.23434829711914,51.6276989037763,0.019268675956114034,0.038096063833666156,146.21786499023438,0
2022-11-14,AAPL,146.21786499023438,141.84356689453125,143.53539581298827,48.0582079196865,-0.009485748946022166,0.03792988207163364,147.953369140625,1
2022-11-15,AAPL,147.953369140625,143.9222442626953,143.85725784301758,52.042291173325594,0.01186930304656375,0.03777864778880812,146.72076416015625,0
2022-11-16,AAPL,146.72076416015625,146.6675262451172,144.1120750427246,55.16099914630323,-0.008331036918106216,0.03561595759013923,148.6239471435547,1
2022-11-17,AAPL,148.6239471435547,147.42681579589845,144.4851867675781,46.01414105803875,0.012971463134699768,0.03182644565269044,149.18600463867188,1
2022-11-18,AAPL,149.18600463867188,147.74039001464843,144.69541549682617,49.10833025904376,0.003781742484434858,0.03166220224460216,145.95162963867188,0
2022-11-21,AAPL,145.95162963867188,147.68714294433593,144.63662033081056,48.42943997977594,-0.02168015027839676,0.03315357621753596,148.09141540527344,1
2022-11-22,AAPL,148.09141540527344,147.71475219726562,144.54256057739258,57.69311942365938,0.014660924115057705,0.033225831759185295,148.96908569335938,1
2022-11-23,AAPL,148.96908569335938,148.16441650390624,144.639559173584,68.92367416713722,0.005926543990980582,0.029998784755883523,146.0502166748047,0
2022-11-25,AAPL,146.0502166748047,147.64967041015626,144.81457977294923,64.20612673111603,-0.019593790248286447,0.014716986048121428,142.2143096923828,0
2022-11-28,AAPL,142.2143096923828,146.25533142089844,144.25930633544922,57.6887048613389,-0.026264301893936248,0.015441666674375416,139.2067413330078,0
2022-11-29,AAPL,139.2067413330078,144.90635375976564,143.67178955078126,52.98845179346193,-0.021148141603194004,0.016348161263999957,145.9713134765625,1
2022-11-30,AAPL,145.9713134765625,144.48233337402343,143.55491104125977,65.92447037274428,0.0485937108991914,0.023195070302338087,146.24742126464844,1
2022-12-01,AAPL,146.24742126464844,143.93800048828126,143.72847213745118,52.76330834315361,0.0018915208852339216,0.02306628751898504,145.75440979003906,0
2022-12-02,AAPL,145.75440979003906,143.87883911132812,144.18010177612305,47.57143696151339,-0.0033710780699320875,0.022612846752473607,144.59080505371094,0
2022-12-05,AAPL,144.59080505371094,144.35413818359376,144.586865234375,47.914943998718094,-0.007983324401672043,0.022600832878288533,140.9225616455078,0
2022-12-06,AAPL,140.9225616455078,144.69730224609376,144.78359146118163,39.638430103933096,-0.025369824912728656,0.022968674291493872,138.97996520996094,0
2022-12-07,AAPL,138.97996520996094,143.29903259277344,144.85459060668944,38.68618232578882,-0.013784850437458696,0.02225211131641825,140.66616821289062,1
2022-12-08,AAPL,140.66616821289062,142.1827819824219,145.23818130493163,38.45881107436576,0.012132705605317318,0.02270701992150502,140.18296813964844,0
2022-12-09,AAPL,140.18296813964844,141.06849365234376,145.00595474243164,36.84329263054272,-0.0034350837829810743,0.02216018877599506,142.48057556152344,1
2022-12-12,AAPL,142.48057556152344,140.64644775390624,144.74907684326172,45.15861663853843,0.016390061163394254,0.02146579040877553,143.4469451904297,1
2022-12-13,AAPL,143.4469451904297,141.1513244628906,144.61053085327148,43.12696760533113,0.006782465785934333,0.020127079428662216,141.21836853027344,0
2022-12-14,AAPL,141.21836853027344,141.59900512695313,144.2737808227539,38.596235177637375,-0.0155358948717782,0.013009000139862819,134.60166931152344,0
2022-12-15,AAPL,134.60166931152344,140.3861053466797,143.66782608032227,34.3798077510925,-0.04685438082604354,0.018745399069195194,132.6393585205078,0
2022-12-16,AAPL,132.6393585205078,138.87738342285155,142.86859664916992,36.06888716144099,-0.014578651223663752,0.018766085434925243,130.52911376953125,0
2022-12-19,AAPL,130.52911376953125,136.48709106445312,141.93575210571288,36.88116622495684,-0.01590964231518277,0.018874952999185096,130.4600830078125,0
2022-12-20,AAPL,130.4600830078125,133.88971862792968,141.16117477416992,20.15555983405875,-0.0005288533701426346,0.018254219183861636,133.56629943847656,1
2022-12-21,AAPL,133.56629943847656,132.35930480957032,140.43491897583007,28.63172920254759,0.023809707605950692,0.020550301571039077,130.39105224609375,0
2022-12-22,AAPL,130.39105224609375,131.51718139648438,139.5060173034668,26.056944085150846,-0.02377281698850542,0.020599169569576557,130.02621459960938,0
2022-12-23,AAPL,130.02621459960938,130.9945526123047,138.70481719970704,26.666431617085706,-0.002798026706585688,0.02061364797988254,128.22166442871094,0
2022-12-27,AAPL,128.22166442871094,130.53306274414064,138.00518493652345,28.124323292381803,-0.013878356579518969,0.01889963090760362,124.28715515136719,0
2022-12-28,AAPL,124.28715515136719,129.29847717285156,137.25920562744142,26.03128803017175,-0.030685214506252723,0.018844823635558998,127.80751037597656,1
2022-12-29,AAPL,127.80751037597656,128.14671936035157,136.35101547241212,30.95425355917537,0.02832436884022327,0.02309206124560016,128.12306213378906,1
2022-12-30,AAPL,128.12306213378906,127.69312133789063,135.44479751586914,32.096563979857166,0.0024689609936396906,0.01921308011248383,123.33063507080078,0
2023-01-03,AAPL,123.33063507080078,126.3540054321289,134.32360877990723,23.311048338587895,-0.03740487452589858,0.021704314215295513,124.60270690917969,1
2023-01-04,AAPL,124.60270690917969,125.63021392822266,133.32420387268067,24.326000661575762,0.010314321641566648,0.02209397894960396,123.28133392333984,0
2023-01-05,AAPL,123.28133392333984,125.42904968261719,132.44214248657227,24.783967265967974,-0.010604689244857024,0.0221267847837955,127.81735229492188,1
2023-01-06,AAPL,127.81735229492188,125.43101806640625,131.8840118408203,40.38209161799344,0.03679404032408229,0.024306402163416552,128.33998107910156,1
2023-01-09,AAPL,128.33998107910156,125.47440185546876,131.26770248413087,43.8309146534829,0.004088871931674731,0.0233832116962687,128.9119110107422,1
2023-01-10,AAPL,128.9119110107422,126.59065704345703,130.70414962768555,47.952370347938746,0.004456366027419945,0.0234453325105115,131.63356018066406,1
2023-01-11,AAPL,131.63356018066406,127.9968276977539,130.16179885864258,52.440015541935956,0.02111247245178971,0.02385306094460629,131.55467224121094,0
2023-01-12,AAPL,131.55467224121094,129.65149536132813,129.56718521118165,47.31989759915634,-0.0005992995961277003,0.02085743530372757,132.8859100341797,1
2023-01-13,AAPL,132.8859100341797,130.6652069091797,129.15056228637695,55.08033873265426,0.010119274141232149,0.019427702978340688,134.04949951171875,1
2023-01-17,AAPL,134.04949951171875,131.80711059570314,129.12295379638672,57.573180108680525,0.008756304391035696,0.01947165660015467,133.32962036132812,0
2023-01-18,AAPL,133.32962036132812,132.6906524658203,129.15746688842773,59.89359887801684,-0.005370248699270164,0.013491010810906562,133.38877868652344,1
2023-01-19,AAPL,133.38877868652344,133.04169616699218,129.30045013427736,70.15383129993502,0.000443699794801633,0.013655377381459036,135.95263671875,1
2023-01-20,AAPL,135.95263671875,133.9212890625,129.57507781982423,68.57190715361895,0.01922094240214811,0.012620462847588885,139.1475830078125,1
2023-01-23,AAPL,139.1475830078125,135.17362365722656,129.85414199829103,72.00047383489195,0.023500436373823375,0.009874517334689737,140.5478057861328,1
2023-01-24,AAPL,140.5478057861328,136.47328491210936,130.36197967529296,89.9819471407048,0.010062860942699148,0.009753060321754029,139.8871612548828,0
2023-01-25,AAPL,139.8871612548828,137.7847930908203,130.85502700805665,86.68914084709857,-0.00470049694162622,0.010634808361170544,141.9579620361328,1
2023-01-26,AAPL,141.9579620361328,139.49862976074218,131.54184188842774,93.49500443725255,0.014803365531715018,0.009952516341932685,143.90052795410156,1
2023-01-27,AAPL,143.90052795410156,141.0882080078125,132.52251052856445,92.42821871300592,0.013684092742006992,0.009661968995317502,141.0112762451172,0
2023-01-30,AAPL,141.0112762451172,141.46094665527343,133.18269882202148,80.40368980676219,-0.02007811750284838,0.013318410909560499,142.28334045410156,1
2023-01-31,AAPL,142.28334045410156,141.80805358886718,133.8907127380371,80.95765481247386,0.009021010538002416,0.013324688092025827,143.40748596191406,1
2023-02-01,AAPL,143.40748596191406,142.51211853027343,134.89455528259276,79.26076711492269,0.00790075285149161,0.012706449411610286,148.72254943847656,1
2023-02-02,AAPL,148.72254943847656,143.8650360107422,136.1005474090576,83.6789852454568,0.03706266406465053,0.015461455144713568,152.3513641357422,1
2023-02-03,AAPL,152.3513641357422,145.55520324707032,137.55404891967774,84.85018370611095,0.024399895718347553,0.01584755820948939,149.61985778808594,0
2023-02-06,AAPL,149.61985778808594,147.27691955566405,138.64417419433593,76.90535810685705,-0.01792899173008078,0.017689170035391576,152.49925231933594,1
2023-02-07,AAPL,152.49925231933594,149.32010192871093,139.85213775634764,80.76684492407347,0.01924473511616509,0.01807552041825436,149.8072052001953,0
2023-02-08,AAPL,149.8072052001953,150.60004577636718,140.89690246582032,74.77214571463108,-0.0176528545432042,0.019520190680131284,148.77182006835938,0
2023-02-09,AAPL,148.77182006835938,150.60989990234376,141.7538154602051,70.35848867536788,-0.006911450824092835,0.019767554828706107,149.1372528076172,1
2023-02-10,AAPL,149.1372528076172,149.96707763671876,142.6329444885254,67.32907642772874,0.002456330366126469,0.019528984276760565,151.94204711914062,1
2023-02-13,AAPL,151.94204711914062,150.4315155029297,143.58575134277345,68.65994265287463,0.018806798829408056,0.018074065832298227,151.30010986328125,0
2023-02-14,AAPL,151.30010986328125,150.19168701171876,144.44828186035156,68.81241391479543,-0.004224882236554484,0.01844320602001519,153.4036865234375,1
2023-02-15,AAPL,153.4036865234375,150.91098327636718,145.45198516845704,68.68080193712557,0.013903338616588545,0.01859757512046739,151.80380249023438,0
2023-02-16,AAPL,151.80380249023438,151.5173797607422,146.37273635864258,63.229618349852046,-0.01042924110535437,0.015913914881136023,150.65817260742188,0
2023-02-17,AAPL,150.65817260742188,151.82156372070312,147.10801315307617,67.24173408513806,-0.0075467798831073685,0.014052404495477552,146.6386260986328,0
2023-02-21,AAPL,146.6386260986328,150.76087951660156,147.4825653076172,57.529768973464705,-0.026679910151724773,0.015427048823414294,147.06329345703125,1
2023-02-22,AAPL,147.06329345703125,149.91351623535155,147.8083396911621,56.51830749289336,0.002896012938042647,0.013707287063754695,147.54722595214844,1
2023-02-23,AAPL,147.54722595214844,148.74222412109376,148.19134292602538,48.19235014912003,0.0032906409460942143,0.012886499117982961,144.8905792236328,0
2023-02-24,AAPL,144.8905792236328,147.35957946777344,148.33797378540038,35.65054160737563,-0.018005399365334185,0.013850944609835797,146.0855712890625,1
2023-02-27,AAPL,146.0855712890625,146.44505920410157,148.44722595214844,42.948939545794815,0.008247548403994331,0.01420033729615261,145.58189392089844,0
2023-02-28,AAPL,145.58189392089844,146.23371276855468,148.6757568359375,34.32595452869664,-0.0034478242013882276,0.012182143628494171,143.50796508789062,0
2023-03-01,AAPL,143.50796508789062,145.52264709472655,148.73698806762695,35.15485224021707,-0.01424578824434497,0.012589784305113136,144.1005096435547,1
2023-03-02,AAPL,144.1005096435547,144.83330383300782,148.771639251709,38.84741627089355,0.004129001169385749,0.011249834320822568,149.156982421875,1
2023-03-03,AAPL,149.156982421875,145.68658447265625,148.7933609008789,50.52163673694905,0.03508990211643215,0.017051892298849246,151.92230224609375,1
2023-03-06,AAPL,151.92230224609375,146.8539306640625,148.77190780639648,50.44419428054637,0.018539660559753868,0.018013935935555576,149.71995544433594,0
2023-03-07,AAPL,149.71995544433594,147.68154296875,148.77691268920898,47.580684602751035,-0.014496533880787976,0.016262063087955494,150.9741668701172,1
2023-03-08,AAPL,150.9741668701172,149.1747833251953,148.70065841674804,45.9293212830049,0.008377049151925275,0.01638007813127197,148.72247314453125,0
2023-03-09,AAPL,148.72247314453125,150.09917602539062,148.64642181396485,44.7842725394054,-0.014914430543094603,0.01729894286891662,146.6584014892578,0
2023-03-10,AAPL,146.6584014892578,149.59945983886718,148.54075088500977,43.261656584562964,-0.013878680280333566,0.016840254789492286,148.6039581298828,1
2023-03-13,AAPL,148.6039581298828,148.935791015625,148.51408615112305,54.29541544067523,0.013265906493379553,0.017141056487014344,150.69764709472656,1
2023-03-14,AAPL,150.69764709472656,149.13132934570314,148.45186614990234,57.07544131714299,0.0140890524801085,0.01743432853130239,151.0926971435547,1
2023-03-15,AAPL,151.0926971435547,149.15503540039063,148.441495513916,56.918779504538136,0.002621474564760806,0.016295154483991908,153.917236328125,1
2023-03-16,AAPL,153.917236328125,150.19398803710936,148.4671730041504,66.86357170648529,0.0186940814345693,0.016823006423518323,153.0777587890625,0
2023-03-17,AAPL,153.0777587890625,151.4778594970703,148.5308708190918,63.34358950796343,-0.005454084020017569,0.013854873410083249,155.44802856445312,1
2023-03-20,AAPL,155.44802856445312,152.84667358398437,148.77036361694337,67.41017548180925,0.0154840898778561,0.013495375624394356,157.30471801757812,1
2023-03-21,AAPL,157.30471801757812,154.1680877685547,149.3036682128906,74.47678638131781,0.0119441170806176,0.0123645301805321,155.87266540527344,0
2023-03-22,AAPL,155.87266540527344,155.12408142089845,149.74413681030273,70.47889127302545,-0.009103685066487732,0.01305409880274089,156.95904541015625,1
2023-03-23,AAPL,156.95904541015625,155.7324432373047,150.21472778320313,65.53264717240194,0.00696966335988547,0.01139492431992961,158.26266479492188,1
2023-03-24,AAPL,158.26266479492188,156.76942443847656,150.8833320617676,63.29439199269768,0.008305474726602036,0.009149107461694714,156.31712341308594,0
2023-03-27,AAPL,156.31712341308594,156.94324340820313,151.39490966796876,64.19187282027335,-0.012293116537352544,0.01083120197926487,155.69488525390625,0
2023-03-28,AAPL,155.69488525390625,156.62127685546875,151.90055923461915,60.51309735202297,-0.003980614187323206,0.010675864041415416,158.77622985839844,1
2023-03-29,AAPL,158.77622985839844,157.20198974609374,152.66397247314453,71.31663045356636,0.01979091734110061,0.011865609146638896,160.34649658203125,1
2023-03-30,AAPL,160.34649658203125,157.87947998046874,153.47627182006835,79.70089850089663,0.009889809860287091,0.011037276880537107,162.85499572753906,1
2023-03-31,AAPL,162.85499572753906,158.79794616699218,154.16117248535156,80.01385490006302,0.01564424043542778,0.011012804134889613,164.10923767089844,1
2023-04-03,AAPL,164.10923767089844,160.3563690185547,154.7705192565918,79.15056422609639,0.007701587155838574,0.010554375184676383,163.57594299316406,0
2023-04-04,AAPL,163.57594299316406,161.93258056640624,155.46331863403321,77.05052565957456,-0.0032496322894621787,0.01061496857642612,161.7291259765625,0
2023-04-05,AAPL,161.7291259765625,162.52315979003907,156.00106658935547,67.84479458261876,-0.011290272779773902,0.01093192826411005,162.6179962158203,1
2023-04-06,AAPL,162.6179962158203,162.9774597167969,156.69584274291992,71.71857172618977,0.005496043052793276,0.010893551909224702,160.0205841064453,0
2023-04-10,AAPL,160.0205841064453,162.41057739257812,157.36395187377929,60.53861856598857,-0.015972476416003856,0.012338259409718999,158.8058624267578,0
2023-04-11,AAPL,158.8058624267578,161.34990234375,157.87404708862306,53.75764764803967,-0.007591033906484634,0.011847872503649196,158.1145477294922,0
2023-04-12,AAPL,158.1145477294922,160.25762329101562,158.24489212036133,55.68459410986326,-0.004353206403727494,0.011868094279625338,163.50680541992188,1
2023-04-13,AAPL,163.50680541992188,160.6131591796875,158.8655975341797,63.21579769489073,0.03410348869134383,0.014804497937444061,163.16116333007812,0
2023-04-14,AAPL,163.16116333007812,160.72179260253907,159.32779388427736,60.354372057368636,-0.0021139309092124137,0.014673260108016251,163.18089294433594,1
2023-04-17,AAPL,163.18089294433594,161.35385437011718,159.83295059204102,65.63920498551582,0.00012092101977656533,0.01384823966673897,164.40553283691406,1
2023-04-18,AAPL,164.40553283691406,162.47378845214843,160.28082580566405,69.22397725537148,0.007504799553927466,0.013836664672620095,165.5511474609375,1
2023-04-19,AAPL,165.5511474609375,163.9611083984375,160.69314727783203,66.23433749729183,0.00696822426992072,0.013925237343215869,164.58331298828125,0
2023-04-20,AAPL,164.58331298828125,164.17640991210936,161.12867965698243,60.59840897804314,-0.005846135695825483,0.013478119320557279,162.97352600097656,0
2023-04-21,AAPL,162.97352600097656,164.13888244628907,161.42940368652344,50.69511739452349,-0.009780985435742906,0.013876537590975511,163.2796630859375,1
2023-04-24,AAPL,163.2796630859375,164.15863647460938,161.6802536010742,48.22577692896974,0.0018784467175307906,0.012643467829224521,161.739013671875,0
2023-04-25,AAPL,161.739013671875,163.62533264160157,161.95134811401368,45.78958499615232,-0.009435647924209811,0.012812710351170188,161.7291259765625,0
2023-04-26,AAPL,161.7291259765625,162.86092834472657,162.2530601501465,50.41238332224673,-6.113364418403044e-05,0.01265065531996671,166.32147216796875,1
2023-04-27,AAPL,166.32147216796875,163.20856018066405,162.630322265625,58.87846386980067,0.02839529468595381,0.011090445393881614,167.57571411132812,1
2023-04-28,AAPL,167.57571411132812,164.12899780273438,162.99178314208984,68.82748260799332,0.007541070476412726,0.011135607032538866,167.48683166503906,0
2023-05-01,AAPL,167.48683166503906,164.97043151855468,163.22337493896484,72.92383579112925,-0.0005304017157881091,0.011154442199097602,166.44984436035156,0
2023-05-02,AAPL,166.44984436035156,165.91259765625,163.3404052734375,71.81111044759021,-0.006191455736421103,0.011333350601023362,165.37339782714844,0
2023-05-03,AAPL,165.37339782714844,166.64145202636718,163.4302780151367,56.45332453774919,-0.006467092458630974,0.011382165213716213,163.7339630126953,0
2023-05-04,AAPL,163.7339630126953,166.1239501953125,163.53051986694337,52.07797957762354,-0.009913534074970753,0.01168106017297893,171.41746520996094,1
2023-05-05,AAPL,171.41746520996094,166.89230041503907,163.9704933166504,67.29104778221452,0.04692674663148466,0.01845318047307739,171.3483123779297,0
2023-05-08,AAPL,171.3483123779297,167.6645965576172,164.5368797302246,65.34847045831552,-0.0004034176561096281,0.018513024386787664,169.63983154296875,0
2023-05-09,AAPL,169.63983154296875,168.30259399414064,165.07857818603514,59.11836741907571,-0.009970806314057334,0.018560059207880612,171.40760803222656,1
2023-05-10,AAPL,171.40760803222656,169.50943603515626,165.74323120117188,64.33502806596697,0.01042076305534434,0.018542681252607485,171.5952606201172,1
2023-05-11,AAPL,171.5952606201172,171.08169555664062,166.14765396118165,69.13501499417448,0.0010947739720825744,0.016804121646080365,170.66563415527344,0
2023-05-12,AAPL,170.66563415527344,170.93132934570312,166.52287750244142,66.10551476310395,-0.0054175532674051174,0.016935644083183047,170.17115783691406,0
2023-05-15,AAPL,170.17115783691406,170.6958984375,166.8723907470703,69.27819183080517,-0.0028973397064196993,0.016990687540363224,170.17115783691406,0
2023-05-16,AAPL,170.17115783691406,170.80216369628906,167.16067199707032,69.30929427720154,0.0,0.01678196269322036,170.7843017578125,1
2023-05-17,AAPL,170.7843017578125,170.67750244140626,167.42232971191407,62.4776988945202,0.003603101305134526,0.016494623429593687,173.1182403564453,1
2023-05-18,AAPL,173.1182403564453,170.9820983886719,167.84907608032228,64.43357677792696,0.013666001937007843,0.016068681022100663,173.22705078125,1
2023-05-19,AAPL,173.22705078125,171.4943817138672,168.36175231933595,64.91427222840503,0.0006285324098758149,0.006958220411449133,172.27761840820312,0
2023-05-22,AAPL,172.27761840820312,171.915673828125,168.81165008544923,65.3088988870264,-0.005480855147997676,0.007256725741450649,169.66676330566406,0
2023-05-23,AAPL,169.66676330566406,171.814794921875,169.20803756713866,60.7906601590636,-0.01515492915831218,0.008214908907184989,169.9436798095703,1
2023-05-24,AAPL,169.9436798095703,171.64667053222655,169.61876525878907,66.47405260885803,0.0016321199185451718,0.007412624250694046,171.08099365234375,1
2023-05-25,AAPL,171.08099365234375,171.23922119140624,169.85674133300782,48.97010610497797,0.0066922985547202,0.0077767406027053065,173.49407958984375,1
2023-05-26,AAPL,173.49407958984375,171.292626953125,170.15265960693358,57.11792306683324,0.014104932909167367,0.008733331129107314,175.34341430664062,1
2023-05-30,AAPL,175.34341430664062,171.9057861328125,170.54548873901368,68.3434903351779,0.010659353455569676,0.008992309366374372,175.29397583007812,0
2023-05-31,AAPL,175.29397583007812,173.0312286376953,170.9876953125,64.04957257514069,-0.00028195228636329617,0.009003318393110794,178.10264587402344,1
2023-06-01,AAPL,178.10264587402344,174.66302185058595,171.62415771484376,69.6257750132819,0.016022627307329174,0.009906046982646365,178.95314025878906,1
2023-06-02,AAPL,178.95314025878906,176.237451171875,172.38511657714844,75.08865161182904,0.004775304603656494,0.009350324992860693,177.59825134277344,0
2023-06-05,AAPL,177.59825134277344,177.05828552246095,172.69415588378905,71.5886800647009,-0.007571193855868019,0.009956346494313758,177.23236083984375,0
2023-06-06,AAPL,177.23236083984375,177.43607482910156,172.98835830688478,70.14743023223008,-0.002060214558213702,0.009705776443208422,175.857666015625,0
2023-06-07,AAPL,175.857666015625,177.54881286621094,173.29925003051758,64.02782378686547,-0.007756454959492398,0.008367884916645217,178.57733154296875,1
2023-06-08,AAPL,178.57733154296875,177.64375,173.6577362060547,64.62549458709681,0.01546515195477527,0.00911267508323286,178.96304321289062,1
2023-06-09,AAPL,178.96304321289062,177.6457305908203,174.02612533569337,65.1187853204677,0.002159913952063164,0.009132121443949481,181.76181030273438,1
2023-06-12,AAPL,181.76181030273438,178.4784423828125,174.5809341430664,72.64039382385407,0.015638799159860106,0.009321330788808124,181.287109375,0
2023-06-13,AAPL,181.287109375,179.28939208984374,175.1367317199707,81.12155113108825,-0.0026116648318132984,0.00932413641147707,181.9200439453125,1
2023-06-14,AAPL,181.9200439453125,180.50186767578126,175.72417602539062,81.44270368958885,0.0034913379803704903,0.009235494707049596,183.95730590820312,1
2023-06-15,AAPL,183.95730590820312,181.57786254882814,176.38282623291016,82.17757001563461,0.011198666835761317,0.008629659313920986,182.87933349609375,0
2023-06-16,AAPL,182.87933349609375,182.36112060546876,176.8708808898926,75.2337592734196,-0.005859905410048216,0.0090681414204853,182.9683380126953,1
2023-06-20,AAPL,182.9683380126953,182.60242614746093,177.35794525146486,72.59233474159277,0.0004866843885531491,0.008438633308537773,181.92991638183594,0
2023-06-21,AAPL,181.92991638183594,182.73098754882812,177.84056015014647,68.7071389196575,-0.005675417081108969,0.008751857198668882,184.93638610839844,1
2023-06-22,AAPL,184.93638610839844,183.33425598144532,178.6040412902832,68.86249702394086,0.016525427957942318,0.008909713939974435,184.61988830566406,0
2023-06-23,AAPL,184.61988830566406,183.4667724609375,179.33785171508788,66.14856353590201,-0.0017113874094460968,0.008321862018865096,183.2254638671875,0
2023-06-26,AAPL,183.2254638671875,183.53599853515624,179.94507522583007,66.16085480922447,-0.00755294812099494,0.009015919385658972,185.9846649169922,1
2023-06-27,AAPL,185.9846649169922,184.13926391601564,180.5696044921875,71.96960087107242,0.015059047970563233,0.008922662400664347,187.1615447998047,1
2023-06-28,AAPL,187.1615447998047,185.1855895996094,181.1605110168457,78.67124539519044,0.00632783290674932,0.008819216269759527,187.49778747558594,1
2023-06-29,AAPL,187.49778747558594,185.69786987304687,181.77070159912108,75.63744806192302,0.0017965371900563465,0.008829891469835571,191.8294677734375,1
2023-06-30,AAPL,191.8294677734375,187.13978576660156,182.4570426940918,79.99684795519786,0.02310256753518014,0.010661520537645384,190.3361358642578,0
2023-07-03,AAPL,190.3361358642578,188.56192016601562,183.02619247436525,71.42806090405132,-0.007784684629075889,0.01087946358067782,189.21861267089844,0
2023-07-05,AAPL,189.21861267089844,189.20870971679688,183.6072105407715,69.35742237227831,-0.005871313864206806,0.01128938072126905,189.6933135986328,1
2023-07-06,AAPL,189.6933135986328,189.7150634765625,184.23025817871093,69.0872903497112,0.0025087433050785535,0.010844512926821807,188.5757598876953,0
2023-07-07,AAPL,188.5757598876953,189.93065795898437,184.86616287231445,61.991930448631116,-0.005891371128146861,0.010327374647649096,186.52862548828125,0
2023-07-10,AAPL,186.52862548828125,188.87048950195313,185.26372756958008,59.205571644556365,-0.01085576640726893,0.011070457800749459,186.00448608398438,0
2023-07-11,AAPL,186.00448608398438,188.00415954589843,185.61579971313478,57.56447897804908,-0.0028099676546954333,0.010756461281592496,187.67581176757812,1
2023-07-12,AAPL,187.67581176757812,187.6955993652344,185.91149978637696,63.627028212706385,0.008985405238232325,0.010058242869481777,188.4373016357422,1
2023-07-13,AAPL,188.4373016357422,187.44439697265625,186.26900939941407,59.27965496719925,0.004057474753896839,0.009948409873919055,188.5856475830078,1
2023-07-14,AAPL,188.5856475830078,187.44637451171874,186.60228958129883,60.570941134542636,0.0007872430032582756,0.00994143432422053,191.8492431640625,1
2023-07-17,AAPL,191.8492431640625,188.510498046875,186.99688644409179,70.64516731597887,0.0173056413511965,0.00855768817674724,191.5921173095703,0
2023-07-18,AAPL,191.5921173095703,189.62802429199218,187.43252563476562,65.24673636919869,-0.0013402495118122193,0.008134918499756115,192.94700622558594,1
2023-07-19,AAPL,192.94700622558594,190.68226318359376,187.93145904541015,65.504831602422,0.007071736222980629,0.008004013557122566,190.9987030029297,0
2023-07-20,AAPL,190.9987030029297,191.19454345703124,188.38489837646483,58.83556466806546,-0.010097607943076237,0.008858911124947343,189.82186889648438,0
2023-07-21,AAPL,189.82186889648438,191.44178771972656,188.62917251586913,44.48467603009881,-0.006161476952161626,0.008881695504576641,190.62294006347656,1
2023-07-24,AAPL,190.62294006347656,191.19652709960937,188.92932510375977,51.08487227011736,0.004220120535369132,0.007932083146355837,191.4833221435547,1
2023-07-25,AAPL,191.4833221435547,191.17476806640624,189.34221801757812,57.09730859326091,0.004513528538546474,0.007754023573646866,192.3536376953125,1
2023-07-26,AAPL,192.3536376953125,191.05609436035155,189.66066665649413,58.08290819124342,0.004545124567586933,0.007491700252275138,191.08773803710938,0
2023-07-27,AAPL,191.08773803710938,191.0739013671875,189.8569763183594,57.634450824711166,-0.006581105891058314,0.007983618396570934,193.6689453125,1
2023-07-28,AAPL,193.6689453125,191.84331665039062,190.16553421020507,70.65769402653743,0.013507969176386192,0.008838176221848789,194.28208923339844,1
2023-07-31,AAPL,194.28208923339844,192.575146484375,190.2881652832031,73.81385339797308,0.0031659382453343987,0.007225520338105148,193.45135498046875,0
2023-08-01,AAPL,193.45135498046875,192.9687530517578,190.44392623901368,67.52710352414529,-0.004275917848153732,0.0074014999872459575,190.45481872558594,0
2023-08-02,AAPL,190.45481872558594,192.5889892578125,190.50573654174804,55.63833048809,-0.015489869560155523,0.008671622234099573,189.06036376953125,0
2023-08-03,AAPL,189.06036376953125,192.1835144042969,190.47408905029297,51.44988854083687,-0.007321710027530792,0.008397574599557122,179.98167419433594,0
2023-08-04,AAPL,179.98167419433594,189.44606018066406,190.044384765625,27.16143948108359,-0.04802005769047624,0.01714231481226777,176.87632751464844,0
2023-08-07,AAPL,176.87632751464844,185.96490783691405,189.56176986694337,24.322028685567744,-0.017253682596231945,0.01717978362345913,177.81582641601562,1
2023-08-08,AAPL,177.81582641601562,182.83780212402343,189.15233688354493,23.43676119789609,0.005311614700330036,0.017242608232069825,176.22361755371094,0
2023-08-09,AAPL,176.22361755371094,179.99156188964844,188.57972717285156,23.61621459249595,-0.008954258427928519,0.0167383871993182,176.0060272216797,0
2023-08-10,AAPL,176.0060272216797,177.3806945800781,187.95816345214843,24.42199286957522,-0.0012347399006544801,0.016894378205082782,176.06546020507812,1
2023-08-11,AAPL,176.06546020507812,176.59745178222656,187.33215408325196,22.333737687191785,0.000337675841768581,0.01548070872087868,177.71925354003906,1
2023-08-14,AAPL,177.71925354003906,176.7660369873047,186.6256546020508,24.940297913061258,0.009393059450925945,0.01615184760610741,175.72874450683594,0
2023-08-15,AAPL,175.72874450683594,176.34862060546874,185.83248596191407,20.859383481968564,-0.011200300437648858,0.01608698771025919,174.85728454589844,0
2023-08-16,AAPL,174.85728454589844,176.07535400390626,184.9279998779297,21.08430230173947,-0.004959120167751463,0.015991581879289177,172.3122100830078,0
2023-08-17,AAPL,172.3122100830078,175.3365905761719,183.9936752319336,12.020805578315233,-0.014555152617748535,0.01610110284453727,172.79747009277344,1
2023-08-18,AAPL,172.79747009277344,174.68299255371093,183.14245529174804,11.817180071248728,0.002816167290361271,0.008840398310988871,174.13436889648438,1
2023-08-21,AAPL,174.13436889648438,173.966015625,182.31802673339843,16.557520317180078,0.007736796163700488,0.008195573162030506,175.5108642578125,1
2023-08-22,AAPL,175.5108642578125,173.9224395751953,181.51940383911133,22.78931867626069,0.007904788526533757,0.008472479276465699,179.36314392089844,1
2023-08-23,AAPL,179.36314392089844,174.8236114501953,180.86987915039063,34.306933383797414,0.021948952729371918,0.01070155995180133,174.6691436767578,0
2023-08-24,AAPL,174.6691436767578,175.2949981689453,180.04894943237304,39.66974227240427,-0.026170372248887075,0.01391482895080423,176.8775177001953,1
2023-08-25,AAPL,176.8775177001953,176.1110076904297,179.20937805175782,50.376677144551145,0.012643183432125227,0.014544193148789833,178.4421844482422,1
2023-08-28,AAPL,178.4421844482422,176.97257080078126,178.4173828125,51.64120098719566,0.008846046509421113,0.014508247078602335,182.33404541015625,1
2023-08-29,AAPL,182.33404541015625,178.33720703125,177.86151733398438,61.65148301398609,0.02181020689669322,0.015284665794941777,185.8297882080078,1
2023-08-30,AAPL,185.8297882080078,179.6305358886719,177.63026580810546,66.43836894328979,0.019172189099342152,0.01564834152114441,186.0476531982422,1
2023-08-31,AAPL,186.0476531982422,181.90623779296874,177.47963027954103,66.6028413016032,0.0011723900260303122,0.014036142321708783,187.6222686767578,1
2023-09-01,AAPL,187.6222686767578,184.05518798828126,177.8616600036621,66.41957929243037,0.008463506265450116,0.013927060679024142,187.85992431640625,1
2023-09-05,AAPL,187.85992431640625,185.93873596191406,178.41083984375,71.35139401054013,0.0012666707492907658,0.014107973642377095,181.13580322265625,0
2023-09-06,AAPL,181.13580322265625,185.69908752441407,178.57683868408202,59.790369322276,-0.035793270535043886,0.019699091797938183,175.8376922607422,0
2023-09-07,AAPL,175.8376922607422,183.70066833496094,178.5575424194336,55.50451765806825,-0.02924938564134394,0.020938325391954338,176.45166015625,1
2023-09-08,AAPL,176.45166015625,181.7814697265625,178.5798240661621,55.65065991027891,0.003491673984195476,0.01912202978888098,177.62020874023438,1
2023-09-11,AAPL,177.62020874023438,179.78105773925782,178.6575614929199,55.40906765465617,0.006622485631189834,0.018813373947197013,174.5899200439453,0
2023-09-12,AAPL,174.5899200439453,177.12705688476564,178.50109481811523,49.33643231693495,-0.017060495074188275,0.019325415119672815,172.52017211914062,0
2023-09-13,AAPL,172.52017211914062,175.4039306640625,178.34066619873047,41.00268358831399,-0.011854910777688188,0.017567026872011445,174.03533935546875,1
2023-09-14,AAPL,174.03533935546875,175.0434600830078,178.299568939209,49.547016719705766,0.008782551151651719,0.016208507429377593,173.31240844726562,0
2023-09-15,AAPL,173.31240844726562,174.41560974121094,178.34957885742188,44.80018125558581,-0.004153931672041256,0.016017833924065018,176.24371337890625,1
2023-09-18,AAPL,176.24371337890625,174.14031066894532,178.52189102172852,47.196846188271536,0.016913416401645343,0.017107049328899542,177.33302307128906,1
2023-09-19,AAPL,177.33302307128906,174.68893127441407,178.68182373046875,42.34728171183892,0.0061807009821730485,0.017410175283668113,173.7877655029297,0
2023-09-20,AAPL,173.7877655029297,174.94244995117188,178.5956687927246,30.932263758085057,-0.01999208893503246,0.01490317507840534,172.2428741455078,0
2023-09-21,AAPL,172.2428741455078,174.58395690917968,178.2396553039551,28.94055454415667,-0.008889528862696783,0.01222551181688868,173.09451293945312,1
2023-09-22,AAPL,173.09451293945312,174.54037780761718,178.16092376708986,27.513204922719794,0.00494440654320405,0.01230633045609872,174.3720245361328,1
2023-09-25,AAPL,174.3720245361328,174.1660400390625,178.03564910888673,29.957462887265876,0.00738042803890937,0.012366502181887803,170.29200744628906,0
2023-09-26,AAPL,170.29200744628906,172.7578369140625,177.62814025878907,32.15573934049006,-0.023398346728481623,0.01335947440757357,168.77682495117188,0
2023-09-27,AAPL,168.77682495117188,171.75564880371093,176.95027923583984,36.56080800810845,-0.008897554957739806,0.01315835152206667,169.03431701660156,1
2023-09-28,AAPL,169.03431701660156,171.1139373779297,176.11050567626953,35.710011161853316,0.0015256363870108647,0.012682185086390237,169.54928588867188,1
2023-09-29,AAPL,169.54928588867188,170.40489196777344,175.28558731079102,34.10256475765473,0.0030465344621100066,0.01280304498755707,172.06463623046875,1
2023-10-02,AAPL,172.06463623046875,169.94341430664062,174.50770568847656,45.17840243577945,0.014835511271032331,0.012472431623551421,170.72772216796875,0
2023-10-03,AAPL,170.72772216796875,170.03055725097656,173.65109558105468,46.528387660630344,-0.007769836334697522,0.012192217901643917,171.9755096435547,1
2023-10-04,AAPL,171.9755096435547,170.67029418945313,173.1930809020996,45.94561336125302,0.007308640095123664,0.011156710305013431,173.21337890625,1
2023-10-05,AAPL,173.21337890625,171.5061065673828,173.061865234375,50.139514730089,0.007197939202279402,0.01105066208089777,175.76837158203125,1
2023-10-06,AAPL,175.76837158203125,172.7499237060547,173.02770080566407,49.34724792930259,0.014750550401560591,0.011881181945961605,177.25381469726562,1
2023-10-09,AAPL,177.25381469726562,173.78775939941406,173.00938110351564,50.1782726906647,0.008451139996715096,0.011943742564181377,176.6596221923828,0
2023-10-10,AAPL,176.6596221923828,174.97413940429686,173.1128662109375,57.036359245942236,-0.0033522127910061705,0.008426734285474191,178.0559539794922,1
2023-10-11,AAPL,178.0559539794922,176.1902282714844,173.38965530395507,64.04691379304491,0.007904080003005909,0.00722273648202584,178.95712280273438,1
2023-10-12,AAPL,178.95712280273438,177.33897705078124,173.63574447631837,64.0816382329426,0.005061155232955583,0.007098024533009061,177.1151885986328,0
2023-10-13,AAPL,177.1151885986328,177.60834045410155,173.8258834838867,56.61216164319869,-0.010292600681404251,0.008727499464464885,176.98641967773438,0
2023-10-16,AAPL,176.98641967773438,177.55486145019532,173.86301879882814,69.30466932801978,-0.0007270348856993625,0.008020697152719141,175.431640625,0
2023-10-17,AAPL,175.431640625,177.30926513671875,173.76794967651367,69.38207783396845,-0.008784736453595676,0.008174988077173092,174.13436889648438,0
2023-10-18,AAPL,174.13436889648438,176.5249481201172,173.7852798461914,64.14450745407447,-0.007394742042506786,0.008576707955068125,173.758056640625,0
2023-10-19,AAPL,173.758056640625,175.48513488769532,173.86103897094728,61.80606720345687,-0.002161045279252538,0.008367425886080526,171.20309448242188,0
2023-10-20,AAPL,171.20309448242188,174.30271606445314,173.7664680480957,47.868477374404996,-0.014704136358335451,0.007904639520677775,171.32191467285156,1
2023-10-23,AAPL,171.32191467285156,173.16981506347656,173.61396255493165,51.99982322126306,0.0006940306236222771,0.007032112016910409,171.7576446533203,1
2023-10-24,AAPL,171.7576446533203,172.4350158691406,173.6872444152832,49.56695533484759,0.002543340595397847,0.007277166846478759,169.44033813476562,0
2023-10-25,AAPL,169.44033813476562,171.49620971679687,173.72042007446288,39.28152555785754,-0.013491722730781475,0.006921495009547849,165.27117919921875,0
2023-10-26,AAPL,165.27117919921875,169.79883422851563,173.53226318359376,22.378428593332217,-0.02460546869441982,0.008371287438003189,166.58827209472656,1
2023-10-27,AAPL,166.58827209472656,168.87586975097656,173.38421249389648,22.03743168489001,0.007969283585253395,0.009679238404462451,168.63818359375,1
2023-10-30,AAPL,168.63818359375,168.33912353515626,173.21288986206054,30.746428414805507,0.012305256986264945,0.011230955203817726,169.11354064941406,1
2023-10-31,AAPL,169.11354064941406,167.810302734375,173.1321807861328,27.645032847212036,0.002818798480474616,0.011367859933119284,172.28250122070312,1
2023-11-01,AAPL,172.28250122070312,168.3787353515625,173.14753036499025,35.423295939051755,0.01873865663931995,0.013247692567879268,175.8475799560547,1
2023-11-02,AAPL,175.8475799560547,170.4940155029297,173.27924041748048,47.7816415782772,0.020693214401296123,0.014892350678891522,174.93650817871094,0
2023-11-03,AAPL,174.93650817871094,172.16366271972657,173.23764724731444,46.28381609405257,-0.005181031081413989,0.014035333214286443,177.49147033691406,1
2023-11-06,AAPL,177.49147033691406,173.93432006835937,173.24953002929686,54.33705157895246,0.014605082637141997,0.014544315470229325,180.05638122558594,1
2023-11-07,AAPL,180.05638122558594,176.12288818359374,173.41936798095702,61.18827428254603,0.014450896619444098,0.014927003035085542,181.11598205566406,1
2023-11-08,AAPL,181.11598205566406,177.88958435058595,173.57236938476564,63.46088499127592,0.0058848279792460545,0.013470994954387808,180.640625,0
2023-11-09,AAPL,180.640625,178.848193359375,173.65654449462892,68.6897083148209,-0.00262460027143252,0.008748472950871127,184.83511352539062,1
2023-11-10,AAPL,184.83511352539062,180.82791442871093,174.04254074096679,72.85979939694002,0.023220073144624154,0.009819183790729073,183.24855041503906,0
2023-11-13,AAPL,183.24855041503906,181.97933044433594,174.35564727783202,68.89553175699028,-0.008583667248558857,0.01147300663218489,185.86639404296875,1
2023-11-14,AAPL,185.86639404296875,183.1413330078125,174.87738494873048,76.70309285997412,0.01428575354075412,0.01142590175489773,186.43161010742188,1
2023-11-15,AAPL,186.43161010742188,184.20445861816407,175.49224700927735,89.38530714896098,0.0030409804169464483,0.011096653211268051,188.11732482910156,1
2023-11-16,AAPL,188.11732482910156,185.69979858398438,176.21021041870117,89.45854446570587,0.009042000552955454,0.010187839275511616,188.09751892089844,0
2023-11-17,AAPL,188.09751892089844,186.35227966308594,177.054931640625,88.48744646996806,-0.00010528487060468272,0.009635280733778418,189.8427276611328,1
2023-11-20,AAPL,189.8427276611328,187.67111511230468,177.98097229003906,88.98408852900498,0.009278212441325762,0.00933029378045643,189.03953552246094,0
2023-11-21,AAPL,189.03953552246094,188.3057434082031,178.8450668334961,84.6735429528949,-0.004230829110849932,0.009494546426690873,189.70391845703125,1
2023-11-22,AAPL,189.70391845703125,188.960205078125,179.85824584960938,82.44318705187348,0.003514518445753234,0.009497390839927976,188.3751678466797,0
2023-11-24,AAPL,188.3751678466797,189.01177368164062,181.01344528198243,81.18917866772323,-0.007004339294407025,0.009961508312589008,188.1966552734375,0
2023-11-27,AAPL,188.1966552734375,189.03160095214844,182.09386444091797,77.878191288007,-0.000947643870913395,0.007465647110596925,188.80154418945312,1
2023-11-28,AAPL,188.80154418945312,188.8233642578125,183.10203247070314,75.26094842157698,0.0032141321275702683,0.006508113152844881,187.7801971435547,0
2023-11-29,AAPL,187.7801971435547,188.57149658203124,184.03536529541014,69.41217247582651,-0.005409632904662898,0.005638236228655007,188.3553009033203,1
2023-11-30,AAPL,188.3553009033203,188.30177307128906,184.83900527954103,72.31779296860847,0.003062643284616362,0.0056390948879510615,189.63450622558594,1
2023-12-01,AAPL,189.63450622558594,188.55364074707032,185.5283515930176,66.52522878664797,0.006791448481305196,0.0053202064475423244,187.83966064453125,0
2023-12-04,AAPL,187.83966064453125,188.48224182128905,186.1735092163086,65.78693116499288,-0.009464762593995313,0.006243509852747166,191.79620361328125,1
2023-12-05,AAPL,191.79620361328125,189.0811737060547,186.88874588012695,68.47794528788148,0.021063405646996936,0.008802430885955859,190.7054443359375,0
2023-12-06,AAPL,190.7054443359375,189.66622314453124,187.42119903564452,63.013868581762935,-0.0056870743883077335,0.008911041586803147,192.63905334472656,1
2023-12-07,AAPL,192.63905334472656,190.5229736328125,187.99735260009766,63.46522380432909,0.010139243876975623,0.009360812927459532,194.06695556640625,1
2023-12-08,AAPL,194.06695556640625,191.40946350097656,188.66866912841797,66.31945889821677,0.00741231955248689,0.008995598949794532,191.55819702148438,0
2023-12-11,AAPL,191.55819702148438,192.15317077636718,189.00482330322265,54.722017818267545,-0.01292728346049321,0.01028724979587056,193.07537841796875,1
2023-12-12,AAPL,193.07537841796875,192.40900573730468,189.49616470336915,60.366032550375046,0.007920211299097923,0.01046426227248807,196.29808044433594,1
2023-12-13,AAPL,196.29808044433594,193.52753295898438,190.0177490234375,64.80184433127799,0.016691418930645296,0.010978644128563284,196.44680786132812,1
2023-12-14,AAPL,196.44680786132812,194.2890838623047,190.5185089111328,69.11225009236159,0.0007576610869324263,0.011036224082986894,195.9113311767578,0
2023-12-15,AAPL,195.9113311767578,194.657958984375,190.90820922851563,68.02726506373645,-0.002725810057185085,0.011203687484420154,194.24545288085938,0
2023-12-18,AAPL,194.24545288085938,195.19541015625,191.21560592651366,62.28133149253574,-0.008503225851675844,0.011085293330026882,195.28663635253906,1
2023-12-19,AAPL,195.28663635253906,195.63766174316407,191.487801361084,66.8304140804157,0.0053601433456376135,0.009271119944660108,193.19435119628906,0
2023-12-20,AAPL,193.19435119628906,195.01691589355468,191.6955421447754,60.34963111958249,-0.010713918757210394,0.009843429293843749,193.04559326171875,0
2023-12-21,AAPL,193.04559326171875,194.3366729736328,191.86262588500978,57.721352789301434,-0.0007699911185248265,0.00935227606200148,191.97467041015625,0
2023-12-22,AAPL,191.97467041015625,193.5493408203125,192.0426010131836,59.66689109698378,-0.005547512551144385,0.009145163664913978,191.42929077148438,0
2023-12-26,AAPL,191.42929077148438,192.9861083984375,192.20423278808593,49.26797254057398,-0.002840893736171912,0.00819611000027608,191.52845764160156,1
2023-12-27,AAPL,191.52845764160156,192.23447265625,192.34057846069337,52.569482734518004,0.0005180339420238766,0.007717906751935867,191.95484924316406,1
2023-12-28,AAPL,191.95484924316406,191.986572265625,192.54931106567383,48.14955219846622,0.0022262571672788667,0.004933251334723738,190.9136505126953,0
2023-12-29,AAPL,190.9136505126953,191.5601837158203,192.67722854614257,40.36550582088083,-0.005424185607052712,0.004905359880499333,184.08148193359375,0
2024-01-02,AAPL,184.08148193359375,189.9815460205078,192.39957733154296,31.64287759650371,-0.03578669498359022,0.01151131289717346,182.7031707763672,0
2024-01-03,AAPL,182.7031707763672,188.23632202148437,192.14275283813475,24.25507554191961,-0.007487505765103375,0.011492690157871218,180.3828125,0
2024-01-04,AAPL,180.3828125,186.00719299316407,191.57208328247071,8.743015559383934,-0.012700153295135519,0.01090501883203632,179.658935546875,0
2024-01-05,AAPL,179.658935546875,183.54801025390626,191.01975784301757,7.74674076892164,-0.004013004027892064,0.01091553838815119,184.00216674804688,1
2024-01-08,AAPL,184.00216674804688,182.16571350097655,190.5879135131836,25.60500063703884,0.024174868831050578,0.014728218393797666,183.585693359375,0
2024-01-09,AAPL,183.585693359375,182.06655578613282,190.06385040283203,26.93834693170848,-0.0022634156761977,0.01474353187933256,184.6269073486328,1
2024-01-10,AAPL,184.6269073486328,182.45130310058593,189.71728591918946,27.12772339477152,0.005671542102246407,0.015082800938455754,184.03192138671875,0
2024-01-11,AAPL,184.03192138671875,183.18112487792968,189.26511306762694,28.93178272144192,-0.00322263948661905,0.01501809275451512,184.35914611816406,1
2024-01-12,AAPL,184.35914611816406,184.1211669921875,188.66816635131835,30.239625987446516,0.001778086806786705,0.014998493403072652,182.08837890625,0
2024-01-16,AAPL,182.08837890625,183.73840942382813,187.95024490356445,28.539726608892153,-0.012317084667221367,0.015231508695894553,181.14634704589844,0
2024-01-17,AAPL,181.14634704589844,183.25054016113282,187.21199569702148,27.997422802438734,-0.005173486995765808,0.010661499617665434,187.04638671875,1
2024-01-18,AAPL,187.04638671875,183.73443603515625,186.852042388916,42.905196736522406,0.032570569426700224,0.014876997389466252,189.9517822265625,1
2024-01-19,AAPL,189.9517822265625,184.918408203125,186.58529968261718,47.424373057006,0.01553302129370282,0.014352013862679975,192.26222229003906,1
2024-01-22,AAPL,192.26222229003906,186.4990234375,186.5386932373047,52.55279161064996,0.012163297634769199,0.014098362441601356,193.54139709472656,1
2024-01-23,AAPL,193.54139709472656,188.7896270751953,186.56348342895507,67.62512665270927,0.006653282113621817,0.012734532568825034,192.86712646484375,0
2024-01-24,AAPL,192.86712646484375,191.13378295898437,186.60810623168945,69.5355869240292,-0.0034838574072749706,0.01281892964990209,192.53990173339844,0
2024-01-25,AAPL,192.53990173339844,192.23248596191405,186.66363677978515,75.38906504291637,-0.0016966330003623797,0.01298778949125037,190.8045654296875,0
2024-01-26,AAPL,190.8045654296875,192.40304260253907,186.62744216918946,72.6116577024604,-0.009012865842810025,0.013479232460313642,190.12037658691406,0
2024-01-29,AAPL,190.12037658691406,191.97467346191405,186.53571853637695,64.5988342000733,-0.003585809601739154,0.01366965363487798,186.46136474609375,0
2024-01-30,AAPL,186.46136474609375,190.5586669921875,186.31310424804687,56.294717377520776,-0.019245763691971174,0.014679850887634648,182.85191345214844,0
2024-01-31,AAPL,182.85191345214844,188.55562438964844,186.25162582397462,47.12006975784807,-0.01935763636000598,0.016115719438677355,185.29127502441406,1
2024-02-01,AAPL,185.29127502441406,187.10589904785155,186.38103103637695,52.618702621422514,0.013340640118070235,0.012728475789287801,184.28973388671875,0
2024-02-02,AAPL,184.28973388671875,185.8029327392578,186.57637710571288,50.307897220594,-0.005405225570191297,0.011381403690937925,186.10435485839844,1
2024-02-05,AAPL,186.10435485839844,184.99972839355468,186.89864807128907,57.36814158924439,0.009846565695271536,0.011058281227761242,187.71078491210938,1
2024-02-06,AAPL,187.71078491210938,185.2496124267578,187.08407897949218,61.509414278374784,0.008631877824316403,0.011269743567799298,187.81985473632812,1
2024-02-07,AAPL,187.81985473632812,186.24320068359376,187.29578704833983,51.93014881885617,0.0005810525179457127,0.011323407961025,186.739013671875,0
2024-02-08,AAPL,186.739013671875,186.53274841308593,187.40139236450196,43.12652840797072,-0.005754668833976462,0.011360473811539519,187.5034942626953,1
2024-02-09,AAPL,187.5034942626953,187.17550048828124,187.5749710083008,38.98036462753643,0.004093845071729829,0.011345252239243129,185.8156280517578,0
2024-02-12,AAPL,185.8156280517578,187.1177551269531,187.64779510498047,32.28463300195877,-0.009001785367118376,0.011573034644477726,183.7206573486328,0
2024-02-13,AAPL,183.7206573486328,186.31972961425782,187.72940902709962,30.203037980065872,-0.011274459124296365,0.010494876838728288,182.83700561523438,0
2024-02-14,AAPL,182.83700561523438,185.32315979003906,187.8139419555664,29.44441031363553,-0.004809757085299293,0.008564395891065788,182.54910278320312,0
2024-02-15,AAPL,182.54910278320312,184.48517761230468,187.58907775878907,31.324299395266536,-0.0015746420209764578,0.007173564120395548,181.01014709472656,0
2024-02-16,AAPL,181.01014709472656,183.18650817871094,187.14199600219726,30.073747670083918,-0.008430365666076356,0.007417738418152107,180.26548767089844,0
2024-02-20,AAPL,180.26548767089844,182.07648010253905,186.54215927124022,34.35812712178564,-0.004113909832018536,0.006202927732319393,181.02008056640625,1
2024-02-21,AAPL,181.02008056640625,181.53636474609374,185.9160934448242,44.68128012553581,0.004186008676743791,0.005366343035500225,183.05543518066406,1
2024-02-22,AAPL,183.05543518066406,181.58005065917968,185.42550888061524,43.377212380277,0.011243805703153198,0.007077955753701922,181.21865844726562,0
2024-02-23,AAPL,181.21865844726562,181.3139617919922,184.85944671630858,41.231562130607415,-0.010033991788256147,0.007415006748072367,179.86834716796875,0
2024-02-26,AAPL,179.86834716796875,181.08560180664062,184.31263580322266,31.515823656514243,-0.007451281732613668,0.007084103434201673,181.32786560058594,1
2024-02-27,AAPL,181.32786560058594,181.29807739257814,183.87301025390624,31.124917997143882,0.008114370624945133,0.007806116536874798,180.12649536132812,0
2024-02-28,AAPL,180.12649536132812,181.1193603515625,183.55626678466797,28.578754412670833,-0.006625403300693389,0.007344611284157445,179.4612579345703,0
2024-02-29,AAPL,179.4612579345703,180.40052490234376,183.38673400878906,29.201227841665897,-0.003693168100691535,0.007304675079536826,178.37904357910156,0
2024-03-01,AAPL,178.37904357910156,179.83260192871094,183.04112243652344,24.377073070290564,-0.006030350884218771,0.0074217913697744555,173.85154724121094,0
2024-03-04,AAPL,173.85154724121094,178.62924194335938,182.51921310424805,20.842413617440357,-0.025381324213025747,0.010342691085989654,168.9070587158203,0
2024-03-05,AAPL,168.9070587158203,176.14508056640625,181.65934829711915,18.092921689538343,-0.02844086580679306,0.012918329205563859,167.9141845703125,0
2024-03-06,AAPL,167.9141845703125,173.70261840820314,180.6695182800293,17.945573450053786,-0.005878227665892188,0.01238189988743173,167.7950439453125,0
2024-03-07,AAPL,167.7950439453125,171.36937561035157,179.66827774047852,18.064690832948216,-0.0007095328206183638,0.010864129716980477,169.5126953125,1
2024-03-08,AAPL,169.5126953125,169.59610595703126,178.80696182250978,25.56461361682861,0.010236603696991864,0.012357910462160428,171.518310546875,1
2024-03-11,AAPL,171.518310546875,169.12945861816405,178.00770263671876,32.61372035785416,0.011831652081736976,0.013645253303196101,171.994873046875,1
2024-03-12,AAPL,171.994873046875,169.747021484375,177.3166648864746,31.928651077472338,0.002778493435951601,0.013186951757291066,169.9098663330078,0
2024-03-13,AAPL,169.9098663330078,170.14615783691406,176.62612533569336,23.65725009343066,-0.012122493403038503,0.013366729938133686,171.76654052734375,1
2024-03-14,AAPL,171.76654052734375,170.94045715332032,176.07260208129884,31.29949685130717,0.010927406597430966,0.014377022433262799,171.38922119140625,0
2024-03-15,AAPL,171.38922119140625,171.31576232910157,175.51460800170898,32.51806350892183,-0.0021966986980065384,0.014376241908744562,172.48138427734375,1
2024-03-18,AAPL,172.48138427734375,171.5083770751953,175.08816986083986,31.63571476831757,0.006372414077999489,0.012485753333581543,174.82455444335938,1
2024-03-19,AAPL,174.82455444335938,172.07431335449218,174.81612319946288,39.755970140765164,0.01358506122752301,0.008580516314486825,177.39610290527344,1
2024-03-20,AAPL,177.39610290527344,173.57156066894532,174.63492431640626,46.587785581824306,0.014709309399368209,0.008554803876424264,170.14813232421875,0
2024-03-21,AAPL,170.14813232421875,173.2478790283203,173.98955917358398,37.86584449866534,-0.040857552462271296,0.017033463719551997,171.05165100097656,1
2024-03-22,AAPL,171.05165100097656,173.18036499023438,173.48120880126953,45.64516771085626,0.005310188624557677,0.016823504130310387,169.63186645507812,0
2024-03-25,AAPL,169.63186645507812,172.61046142578124,172.969384765625,51.949815045586796,-0.008300326466245789,0.016590741695387094,168.49998474121094,0
2024-03-26,AAPL,168.49998474121094,171.34554748535157,172.32799072265624,51.66834572637753,-0.006672577137308844,0.016622047760388708,172.0742950439453,1
2024-03-27,AAPL,172.0742950439453,170.28118591308595,171.9253807067871,58.02269782675052,0.021212525972770457,0.0176598558690247,170.25735473632812,0
2024-03-28,AAPL,170.25735473632812,170.30303039550782,171.465185546875,51.79720980818015,-0.010559045481797091,0.017680186024021095,168.8177032470703,0
2024-04-01,AAPL,168.8177032470703,169.85624084472656,170.98711853027345,45.651268046373495,-0.008455737442222944,0.017847495955582823,167.6361846923828,0
2024-04-02,AAPL,167.6361846923828,169.4571044921875,170.67635040283204,42.85526994692228,-0.006998783492263905,0.017703658457563182,168.44039916992188,1
2024-04-03,AAPL,168.44039916992188,169.4451873779297,170.65301742553712,47.786198514888795,0.0047973799869927,0.01700984523790703,167.61631774902344,0
2024-04-04,AAPL,167.61631774902344,168.5535919189453,170.63812408447265,42.59415439731812,-0.004892421443783879,0.01575068616536791,168.3708953857422,1
2024-04-05,AAPL,168.3708953857422,168.17630004882812,170.66691665649415,44.83296294576561,0.0045018148999587115,0.009892009486263198,167.24896240234375,0
2024-04-08,AAPL,167.24896240234375,167.8625518798828,170.55373001098633,40.7045626349998,-0.006663461525390435,0.009766437396686303,168.46026611328125,1
2024-04-09,AAPL,168.46026611328125,168.0273681640625,170.40082778930665,38.21680219803995,0.0072425185396578495,0.009923787847542768,166.58372497558594,0
2024-04-10,AAPL,166.58372497558594,167.65603332519532,170.1302703857422,29.175707040632318,-0.011139369425152368,0.010317758207695246,173.79196166992188,1
2024-04-11,AAPL,173.79196166992188,168.891162109375,170.3243751525879,57.550353524275096,0.04327095396259373,0.01626236331144767,175.29119873046875,1
2024-04-12,AAPL,175.29119873046875,170.2752227783203,170.50060806274413,58.468491161927645,0.008626619126345547,0.015859414815961797,171.45872497558594,0
2024-04-15,AAPL,171.45872497558594,171.11717529296874,170.50408325195312,53.7169499983479,-0.021863469373472055,0.01742745965158564,168.17233276367188,0
2024-04-16,AAPL,168.17233276367188,171.05958862304686,170.28863067626952,49.97554522885178,-0.019167249799518893,0.0184936192111107,166.8021697998047,0
2024-04-17,AAPL,166.8021697998047,171.10327758789063,169.88751144409179,41.14762508572119,-0.008147374430445997,0.01860984295505697,165.8489990234375,0
2024-04-18,AAPL,165.8489990234375,169.51468505859376,169.31015625,42.382109982474404,-0.0057143787608469054,0.018631615575510147,163.8235626220703,0
2024-04-19,AAPL,163.8235626220703,167.22115783691407,168.9939277648926,41.41852654447761,-0.01221253316748061,0.01884118494565689,164.6575469970703,1
2024-04-22,AAPL,164.6575469970703,165.86092224121094,168.67422256469726,45.01922257173761,0.005090747397088036,0.018924369913255672,165.7100067138672,1
2024-04-23,AAPL,165.7100067138672,165.36845703125,168.4781295776367,45.55075587041736,0.006391809765121881,0.018883062630193067,167.81491088867188,1
2024-04-24,AAPL,167.81491088867188,165.57100524902344,168.44387588500976,50.844922877928575,0.012702335945464327,0.019033389880277835,168.67869567871094,1
2024-04-25,AAPL,168.67869567871094,166.13694458007814,168.27409591674805,51.027909656606504,0.005147246960742979,0.012191331984010009,168.09291076660156,0
2024-04-26,AAPL,168.09291076660156,166.99081420898438,168.1658737182617,51.98457045413534,-0.003472785402758527,0.011499414752347375,172.26295471191406,1
2024-04-29,AAPL,172.26295471191406,168.51189575195312,168.3381362915039,56.47666574879473,0.02480797034386928,0.012887243517987241,169.1155548095703,0
2024-04-30,AAPL,169.1155548095703,169.19300537109376,168.41210479736327,54.4099986637039,-0.018270903965436736,0.01273716720656556,168.09291076660156,0
2024-05-01,AAPL,168.09291076660156,169.24860534667968,168.39473037719728,39.81082925383992,-0.006047013499853926,0.012592804884128344,171.79627990722656,1
2024-05-02,AAPL,171.79627990722656,169.87212219238282,168.6037284851074,44.52732660764626,0.02203167952613505,0.013969119935155398,182.07249450683594,1
2024-05-03,AAPL,182.07249450683594,172.66803894042968,169.2888084411621,65.05973603540475,0.05981628126731686,0.02146112175221673,180.41444396972656,0
2024-05-06,AAPL,180.41444396972656,174.2983367919922,169.94708251953125,68.34958505627584,-0.00910654045576953,0.022334071207182577,181.09947204589844,1
2024-05-07,AAPL,181.09947204589844,176.69512023925782,170.57904281616212,71.82858438949809,0.003796969140047457,0.02238791365024637,181.4370880126953,1
2024-05-08,AAPL,181.4370880126953,179.36395568847655,171.32171096801758,74.25559587421263,0.0018642570460465357,0.022458552588221853,183.2540283203125,1
2024-05-09,AAPL,183.2540283203125,181.65550537109374,171.7948143005371,80.43216102607079,0.010014161533997035,0.022441224851371674,181.99136352539062,0
2024-05-10,AAPL,181.99136352539062,181.6392791748047,172.12982254028321,76.99755640331703,-0.0068902430494725,0.02266940652941591,185.20269775390625,1
2024-05-13,AAPL,185.20269775390625,182.59692993164063,172.81702117919923,78.28151074985486,0.01764553089942411,0.022194606596184618,186.34603881835938,1
2024-05-14,AAPL,186.34603881835938,183.6462432861328,173.7257064819336,77.55466180278421,0.006173457937272531,0.020308688617833952,188.622802734375,1
2024-05-15,AAPL,188.622802734375,185.08338623046876,174.8167381286621,78.33971988024516,0.012217935677371061,0.01951808188701558,188.7421112060547,1
2024-05-16,AAPL,188.7421112060547,186.18100280761718,175.96139373779297,79.77341525443528,0.0006325241166504902,0.019439262561116426,188.7719268798828,1
2024-05-17,AAPL,188.7719268798828,187.53711547851563,177.20881195068358,76.91889984128466,0.00015797043721521575,0.008262974660990977,189.93515014648438,1
2024-05-20,AAPL,189.93515014648438,188.48360595703124,178.4726921081543,86.43930406021445,0.006162056434067864,0.006950143538470434,191.2375946044922,1
2024-05-21,AAPL,191.2375946044922,189.4619171142578,179.74907150268555,90.20805665772843,0.006857311334965255,0.006949980180301313,189.7959747314453,0
2024-05-22,AAPL,189.7959747314453,189.69655151367186,180.8481246948242,84.1911766920058,-0.007538370664138316,0.008043970861863585,185.79920959472656,0
2024-05-23,AAPL,185.79920959472656,189.10797119140625,181.704150390625,59.503101770513354,-0.02105821866019042,0.011112071618906427,188.88128662109375,1
2024-05-24,AAPL,188.88128662109375,189.12984313964844,182.74356918334962,69.82340066694177,0.0165882138739446,0.011625847174926263,188.8912353515625,1
2024-05-28,AAPL,188.8912353515625,188.92106018066406,183.57498321533203,68.83097867971793,5.267186944091229e-05,0.010579157785316545,189.1894989013672,1
2024-05-29,AAPL,189.1894989013672,188.51144104003907,184.57868041992188,68.75269519823762,0.0015790227071657004,0.010478239022521051,190.1837158203125,1
2024-05-30,AAPL,190.1837158203125,188.5889892578125,185.68322067260743,67.38601507298404,0.005255137968644075,0.009907500061799761,191.13815307617188,1
2024-05-31,AAPL,191.13815307617188,189.65677795410156,186.6503143310547,73.25844198660975,0.005018501461824032,0.009992593108460209,192.9078826904297,1
2024-06-03,AAPL,192.9078826904297,190.46209716796875,187.19208374023438,70.98273634049353,0.009258902975548544,0.0102863946121993,193.2260284423828,1
2024-06-04,AAPL,193.2260284423828,191.3290557861328,187.8326629638672,69.58651416860721,0.0016492107399450617,0.010192678655763156,194.7372283935547,1
2024-06-05,AAPL,194.7372283935547,192.4386016845703,188.51455078125,68.09448158511277,0.007820892264638557,0.010250546026991283,193.35525512695312,0
2024-06-06,AAPL,193.35525512695312,193.07290954589843,189.1104591369629,62.85559688442246,-0.007096605400014555,0.01020638604073876,195.75132751464844,1
2024-06-07,AAPL,195.75132751464844,193.99554443359375,189.73532409667968,67.05055821422873,0.012392072747762217,0.006734581689270144,192.0031280517578,0
2024-06-10,AAPL,192.0031280517578,193.81459350585936,190.23591232299805,54.793788808150815,-0.01914776012239372,0.009112322165601754,205.9519805908203,1
2024-06-11,AAPL,205.9519805908203,196.3597839355469,191.27337646484375,70.68968705966742,0.07264909004660769,0.024162666222556202,211.8377685546875,1
2024-06-12,AAPL,211.8377685546875,199.77989196777344,192.54796295166017,77.27418286102164,0.028578447980847077,0.024750340045125302,213.00099182128906,1
2024-06-13,AAPL,213.00099182128906,203.70903930664062,193.76687240600586,86.37205317323624,0.005491104228192656,0.024743690380020847,211.26113891601562,0
2024-06-14,AAPL,211.26113891601562,206.81100158691407,194.8928237915039,81.31348227456525,-0.008168285463821645,0.025477551633020633,215.4169464111328,1
2024-06-17,AAPL,215.4169464111328,211.49376525878907,196.2250747680664,83.11254258896676,0.019671424268754345,0.025640590671115987,213.05068969726562,0
2024-06-18,AAPL,213.05068969726562,212.91350708007812,197.38085174560547,78.70495184460039,-0.010984543014322945,0.026471331239286182,208.4673614501953,0
2024-06-20,AAPL,208.4673614501953,212.2394256591797,198.24234008789062,70.83762792126687,-0.0215128533664124,0.028315526361242946,206.2900390625,0
2024-06-21,AAPL,206.2900390625,210.89723510742186,199.06704330444336,67.06436442980329,-0.010444428195132582,0.028522209248863947,206.936279296875,1
2024-06-24,AAPL,206.936279296875,210.03226318359376,200.12389678955077,66.18226405757375,0.003132677841896303,0.028472643794159945,207.8609161376953,1
2024-06-25,AAPL,207.8609161376953,208.52105712890625,201.07287826538087,66.5939636808025,0.004468220091527808,0.02710854765419888,212.01670837402344,1
2024-06-26,AAPL,212.01670837402344,208.31426086425782,202.2291519165039,68.2623073932036,0.019993139227651557,0.01609439052729569,212.86180114746094,1
2024-06-27,AAPL,212.86180114746094,209.19314880371093,203.4127670288086,70.80131556282207,0.0039859725203668095,0.013410638401529899,209.4019317626953,0
2024-06-28,AAPL,209.4019317626953,209.81552734375,204.37367782592773,64.61418849723196,-0.016254064214972885,0.014258953380442639,215.49647521972656,1
2024-07-01,AAPL,215.49647521972656,211.5275665283203,205.59159393310546,73.52440295048194,0.029104523562551998,0.016968596344475485,218.99612426757812,1
2024-07-02,AAPL,218.99612426757812,213.75460815429688,206.8960060119629,65.9827740058637,0.016239936380784137,0.016604934176320203,220.26870727539062,1
2024-07-03,AAPL,220.26870727539062,215.4050079345703,208.24813995361328,61.56376013661939,0.005810984153571619,0.016009930102926114,225.031005859375,1
2024-07-05,AAPL,225.031005859375,217.83884887695314,209.7628288269043,64.80293091529235,0.021620404654349334,0.014250241901002441,226.50245666503906,1
2024-07-08,AAPL,226.50245666503906,221.2589538574219,211.4201889038086,68.80519689157796,0.006538880275829939,0.012774437782668034,227.35748291015625,1
2024-07-09,AAPL,227.35748291015625,223.63115539550782,213.000496673584,65.95305827050666,0.003774909366133894,0.01274063981112182,231.6326141357422,1
2024-07-10,AAPL,231.6326141357422,226.15845336914063,214.9819709777832,73.4642523580451,0.01880356507674441,0.012913349322840651,226.25390625,0
2024-07-11,AAPL,226.25390625,227.3554931640625,215.9970672607422,72.780052177691,-0.023220857329659728,0.01633312078092488,229.2067108154297,1
2024-07-12,AAPL,229.2067108154297,228.19063415527344,216.8655143737793,78.77680150307899,0.013050844577096488,0.016420744578414914,233.04440307617188,1
2024-07-15,AAPL,233.04440307617188,229.4990234375,217.86768493652343,80.22393758348919,0.016743367797082076,0.014282751478526479,233.4619903564453,1
2024-07-16,AAPL,233.4619903564453,230.7199249267578,218.97772750854492,79.95517915089403,0.0017918786066573045,0.012952966662867044,227.55633544921875,0
2024-07-17,AAPL,227.55633544921875,229.90466918945313,219.5846969604492,67.972630072621,-0.02529600170978552,0.016288385936484177,222.8834991455078,0
2024-07-18,AAPL,222.8834991455078,229.2305877685547,220.07633743286132,61.00932042146229,-0.020534854784360568,0.017997097942401556,223.01275634765625,1
2024-07-19,AAPL,223.01275634765625,227.991796875,220.80360717773436,66.00295233748453,0.0005799316802006516,0.016531231345439438,222.664794921875,0
2024-07-22,AAPL,222.664794921875,225.91587524414064,221.62234497070312,59.780527181897774,-0.0015602758850207232,0.016330166246339636,223.70870971679688,1
2024-07-23,AAPL,223.70870971679688,223.96521911621093,222.46096649169922,56.947850843130176,0.004688279506817272,0.01636600183645797,217.276123046875,0
2024-07-24,AAPL,217.276123046875,221.9091766357422,222.9317268371582,46.85110658299653,-0.028754296951894243,0.016718045592661348,216.23220825195312,0
2024-07-25,AAPL,216.23220825195312,220.57891845703125,223.1425018310547,38.77435240235741,-0.0048045536724560245,0.015619236254266748,216.69947814941406,1
2024-07-26,AAPL,216.69947814941406,219.3162628173828,223.33438568115236,37.15735575634047,0.002160963444060471,0.014613889107683922,216.9778594970703,1
2024-07-29,AAPL,216.9778594970703,218.1788757324219,223.7131820678711,36.198877099218386,0.0012846424459975747,0.012690780448783284,217.5346221923828,1
2024-07-30,AAPL,217.5346221923828,216.94405822753907,223.8150894165039,29.153185382712323,0.00256598851423373,0.0127528778592718,220.795654296875,1
2024-07-31,AAPL,220.795654296875,217.64796447753906,223.90506591796876,41.68151611117936,0.01499086477189926,0.012682520049660261,217.09716796875,0
2024-08-01,AAPL,217.09716796875,217.82095642089843,223.74648895263672,31.441284783643525,-0.01675072066025418,0.012144177048742157,218.58848571777344,1
2024-08-02,AAPL,218.58848571777344,218.19875793457032,223.42436294555665,26.337340187770096,0.006869356072107369,0.012482993717223223,208.05975341796875,0
2024-08-05,AAPL,208.05975341796875,216.41513671875,222.50222778320312,18.51318943832267,-0.04816691174391807,0.019214672475125295,206.0315399169922,0
2024-08-06,AAPL,206.0315399169922,214.11452026367186,221.43593063354493,20.27410420540737,-0.00974822601515879,0.01881110476056765,208.6065673828125,1
2024-08-07,AAPL,208.6065673828125,211.67670288085938,220.28462829589844,29.363848481794037,0.012498219771874597,0.01827837116041431,212.07638549804688,1
2024-08-08,AAPL,212.07638549804688,210.67254638671875,219.57575225830078,35.97669731766797,0.01663331197462692,0.019385448493039588,214.98944091796875,1
2024-08-09,AAPL,214.98944091796875,209.9527374267578,218.86488876342773,41.0708357215003,0.013735878292534753,0.01998236905297119,216.5222930908203,1
2024-08-12,AAPL,216.5222930908203,211.64524536132814,218.03878326416014,41.84400675635751,0.007129895153485499,0.020128864751230928,220.24497985839844,1
2024-08-13,AAPL,220.24497985839844,214.48793334960936,217.3779327392578,54.46672397116218,0.017193087669806983,0.02085631395662281,220.69288635253906,1
2024-08-14,AAPL,220.69288635253906,216.9051971435547,217.03476028442384,56.52939584027453,0.0020336740225752603,0.020316306025105053,223.6790008544922,1
2024-08-15,AAPL,223.6790008544922,219.22572021484376,217.07453536987305,59.228257690567794,0.013530633231118472,0.019767875878712215,225.00283813476562,1
2024-08-16,AAPL,225.00283813476562,221.22839965820313,217.1740394592285,60.23445659989164,0.00591846921354322,0.019750387832976078,224.84356689453125,0
2024-08-19,AAPL,224.84356689453125,222.8926544189453,217.28297805786133,59.45624175108124,-0.0007078632498803694,0.008653609064931152,225.460693359375,1
2024-08-20,AAPL,225.460693359375,223.93579711914063,217.37057723999024,56.597188893628434,0.0027446925583298754,0.006458678498528969,225.35121154785156,0
2024-08-21,AAPL,225.35121154785156,224.86746215820312,217.77433166503906,62.445886508993546,-0.000485591567612742,0.0069773874394757985,223.48988342285156,0
2024-08-22,AAPL,223.48988342285156,224.829638671875,218.137215423584,57.57294621674826,-0.00825967658312221,0.007850774481368934,225.78916931152344,1
2024-08-23,AAPL,225.78916931152344,224.98690490722657,218.59169998168946,84.11893541786768,0.010288098295355708,0.007506480786283499,226.12759399414062,1
2024-08-26,AAPL,226.12759399414062,225.24371032714845,219.04918670654297,91.6089856825688,0.001498852596203415,0.007534983987756551,226.97366333007812,1
2024-08-27,AAPL,226.97366333007812,225.54630432128906,219.52113876342773,90.9018021942301,0.003741557237633808,0.006046111125416646,225.4407958984375,0
2024-08-28,AAPL,225.4407958984375,225.56422119140626,219.75339584350587,82.76282433381031,-0.006753503508516889,0.006798749602757322,228.72549438476562,1
2024-08-29,AAPL,228.72549438476562,226.61134338378906,220.33481216430664,82.91442190266176,0.014570115729221955,0.006997111449097724,227.93917846679688,0
2024-08-30,AAPL,227.93917846679688,227.04134521484374,220.8023468017578,78.45142768829808,-0.00343781492344708,0.007077969622480509,221.738037109375,0
2024-09-03,AAPL,221.738037109375,226.16343383789064,221.48626098632812,53.69474872483928,-0.02720524571130356,0.011499947657270125,219.82691955566406,0
2024-09-04,AAPL,219.82691955566406,224.7340850830078,222.17602996826173,48.52632190974793,-0.008618807934915762,0.011613465486076733,221.34983825683594,1
2024-09-05,AAPL,221.34983825683594,223.9158935546875,222.81319351196288,45.16651522299816,0.006927808042118455,0.011984628940598418,219.7970733642578,0
2024-09-06,AAPL,219.7970733642578,222.13020935058594,223.19922790527343,38.89420678147548,-0.0070149809225359405,0.01191548295583957,219.8866424560547,1
2024-09-09,AAPL,219.8866424560547,220.5197021484375,223.44408798217773,39.40848526730883,0.0004075081184016227,0.011208833122052796,219.09034729003906,0
2024-09-10,AAPL,219.09034729003906,219.99016418457032,223.57249069213867,36.40337339931038,-0.0036213894446761596,0.011117956854674487,221.6285400390625,1
2024-09-11,AAPL,221.6285400390625,220.35048828125,223.64166870117188,43.025419403293306,0.011585141839513868,0.011903232248624145,221.738037109375,1
2024-09-12,AAPL,221.738037109375,220.42812805175782,223.69392623901368,46.63795746151681,0.0004940567234399396,0.011823406184436594,221.46926879882812,0
2024-09-13,AAPL,221.46926879882812,220.76256713867187,223.58343963623048,40.40116045244431,-0.0012120983573706834,0.010393262192078307,215.3179168701172,0
2024-09-16,AAPL,215.3179168701172,219.84882202148438,223.09919357299805,30.580890315059392,-0.02777519410288265,0.012988509768040342,215.78570556640625,1
2024-09-17,AAPL,215.78570556640625,219.18789367675782,222.64630050659179,29.686616610679607,0.0021725488667589943,0.010676182968557482,219.6676483154297,1
2024-09-18,AAPL,219.6676483154297,218.79571533203125,222.35664825439454,40.702063165382725,0.01798980492629898,0.012230326743390899,227.8097686767578,1
2024-09-19,AAPL,227.8097686767578,220.01006164550782,222.47957611083984,49.2788939799902,0.03706563266720342,0.016936311547272806,227.14285278320312,0
2024-09-20,AAPL,227.14285278320312,221.1447784423828,222.66222457885743,49.44111508839566,-0.002927512272316024,0.016715389587604455,225.4208984375,0
2024-09-23,AAPL,225.4208984375,223.16537475585938,222.64381103515626,56.60725302367952,-0.007580931227216037,0.017062524737812397,226.31671142578125,1
2024-09-24,AAPL,226.31671142578125,225.27157592773438,222.65326690673828,61.65761735591494,0.003973957137472839,0.016922346116383075,225.3213348388672,0
2024-09-25,AAPL,225.3213348388672,226.40231323242188,222.57065048217774,57.47096099835311,-0.004398157699638028,0.01681558248738216,226.46603393554688,1
2024-09-26,AAPL,226.46603393554688,226.1335662841797,222.6219123840332,62.374326521836174,0.005080296091350078,0.016839132143791485,226.73475646972656,1
2024-09-27,AAPL,226.73475646972656,226.05194702148438,222.52237548828126,62.60502655997208,0.0011865908962584992,0.016801554986609835,231.92063903808594,1
2024-09-30,AAPL,231.92063903808594,227.35189514160157,222.7214485168457,70.00019156579674,0.022872023015367615,0.014081924376664737,225.16209411621094,0
2024-10-01,AAPL,225.16209411621094,227.1209716796875,222.8926513671875,55.43092894992455,-0.029141627713284768,0.01826835265650117,225.7294464111328,1
2024-10-02,AAPL,225.7294464111328,227.2025939941406,223.18777770996093,55.97514468211312,0.0025197504808649462,0.017634833511499477,224.6245880126953,0
2024-10-03,AAPL,224.6245880126953,226.8343048095703,223.3515151977539,54.759606564746164,-0.004894613511899348,0.012967259871905144,225.74935913085938,1
2024-10-04,AAPL,225.74935913085938,226.63722534179686,223.64912948608398,66.66263170266126,0.005007337478568852,0.013100798535988499,220.66302490234375,0
2024-10-07,AAPL,220.66302490234375,224.38570251464844,223.68794860839844,57.244652071285024,-0.02253089110905182,0.01474383629445214,224.72415161132812,1
2024-10-08,AAPL,224.72415161132812,224.29811401367186,223.9696388244629,57.350376401252234,0.018404201205805437,0.01604571725199314,228.47665405273438,1
2024-10-09,AAPL,228.47665405273438,224.8475555419922,224.3120445251465,51.44979641521937,0.01669826057635504,0.01685572988113135,227.97897338867188,0
2024-10-10,AAPL,227.97897338867188,225.5184326171875,224.62409133911132,51.71298950294935,-0.0021782560941548956,0.016841665684787423,226.4958953857422,0
2024-10-11,AAPL,226.4958953857422,225.66773986816406,224.87542266845702,52.095561607214826,-0.00650532801725201,0.01699669607416754,230.22850036621094,1
2024-10-14,AAPL,230.22850036621094,227.5808349609375,225.6209518432617,55.88970850980807,0.01647979083290574,0.016140624417045904,232.76670837402344,1
2024-10-15,AAPL,232.76670837402344,229.18934631347656,226.4700019836426,60.33962010810895,0.011024734139236214,0.012931399292102783,230.70626831054688,0
2024-10-16,AAPL,230.70626831054688,229.63526916503906,227.02193298339844,55.96867413728027,-0.008851953433846371,0.013504939730991577,231.07456970214844,1
2024-10-17,AAPL,231.07456970214844,230.25438842773437,227.18517303466797,56.075634698220064,0.001596408256691939,0.013276629116883935,233.91136169433594,1
2024-10-18,AAPL,233.91136169433594,231.73748168945312,227.52359848022462,53.13210435576536,0.012276521799192697,0.013599037212095872,235.38450622558594,1
2024-10-21,AAPL,235.38450622558594,232.76868286132813,228.02177886962892,66.76099135015798,0.00629787506078916,0.01001867994739326,234.76739501953125,0
2024-10-22,AAPL,234.76739501953125,233.1688201904297,228.4443130493164,64.84929491953913,-0.002621715489902532,0.009437931886747733,229.69100952148438,0
2024-10-23,AAPL,229.69100952148438,232.96576843261718,228.66279678344728,57.71679633168405,-0.021623043087497518,0.01146215230696639,229.50189208984375,0
2024-10-24,AAPL,229.50189208984375,232.65123291015624,228.8145896911621,55.964084451805824,-0.0008233558293579968,0.011433773182471142,230.3380126953125,1
2024-10-25,AAPL,230.3380126953125,231.93656311035156,228.9947525024414,66.98021319302498,0.0036431970031054473,0.011168008032314197,232.3187713623047,1
2024-10-28,AAPL,232.3187713623047,231.32341613769532,229.01465911865233,64.26460842409278,0.00859935641457632,0.01025289343603896,232.5875244140625,1
2024-10-29,AAPL,232.5875244140625,230.88744201660157,229.38593063354492,58.90785845945376,0.0011568288269685478,0.009631758478123646,229.03407287597656,0
2024-10-30,AAPL,229.03407287597656,230.7560546875,229.5511619567871,52.299829491571764,-0.015277911173601555,0.010463776012402443,224.8634796142578,0
2024-10-31,AAPL,224.8634796142578,229.8283721923828,229.56310653686523,47.53554606861159,-0.018209488262373785,0.011777496223181213,221.87738037109375,0
2024-11-01,AAPL,221.87738037109375,228.13624572753906,229.36950759887696,35.59562990872347,-0.013279609691562944,0.010918093821911147,220.98155212402344,0
2024-11-04,AAPL,220.98155212402344,225.86880187988282,229.38543395996095,28.378420399657216,-0.004037492445476021,0.010170907779107325,222.41485595703125,1
2024-11-05,AAPL,222.41485595703125,223.83426818847656,229.26996917724608,34.55244353189151,0.00648607912846666,0.010912406802099784,221.68826293945312,0
2024-11-06,AAPL,221.68826293945312,222.36510620117187,228.93054962158203,32.7041488175453,-0.0032668367157925315,0.009291957102589022,226.42620849609375,1
2024-11-07,AAPL,226.42620849609375,222.67765197753906,228.85291137695313,37.53540231058924,0.021372108265085066,0.01219880991042679,226.15716552734375,0
2024-11-08,AAPL,226.15716552734375,223.53360900878906,228.8359748840332,33.93303814271502,-0.0011882147854568315,0.012077167008126116,223.4368133544922,0
2024-11-11,AAPL,223.4368133544922,224.0246612548828,228.49639053344725,31.49622082102495,-0.012028591561573432,0.011870185592920109,223.4368133544922,0
2024-11-12,AAPL,223.4368133544922,224.229052734375,228.0298957824707,37.72324690878573,0.0,0.011821752944913295,224.3236541748047,1
2024-11-13,AAPL,224.3236541748047,224.75613098144532,227.71076507568358,40.196180670908916,0.003969089994608321,0.011327747010455616,227.4127197265625,1
2024-11-14,AAPL,227.4127197265625,224.95343322753905,227.5276725769043,45.134577610858805,0.013770574320934648,0.01074823977700855,224.2041015625,0
2024-11-15,AAPL,224.2041015625,224.5628204345703,227.0423095703125,36.4837502543935,-0.014109229105216725,0.01087470475716575,227.2134246826172,1
2024-11-18,AAPL,227.2134246826172,225.31814270019532,226.63375549316407,42.0318729186349,0.013422248295838157,0.01135001754838423,227.47247314453125,1
2024-11-19,AAPL,227.47247314453125,226.12527465820312,226.26900939941407,47.640449558023576,0.0011401107231050478,0.011285058901497324,228.18995666503906,1
2024-11-20,AAPL,228.18995666503906,226.89853515625,226.1939567565918,56.92491220440859,0.0031541553603804395,0.011113983348788452,227.71165466308594,0
2024-11-21,AAPL,227.71165466308594,226.95832214355468,226.1044448852539,63.28853539558348,-0.0020960694718709094,0.009084231810034702,229.05685424804688,1
2024-11-22,AAPL,229.05685424804688,227.92887268066406,226.04038696289064,67.92395060015642,0.005907469193666248,0.00920505716605948,232.04624938964844,1
2024-11-25,AAPL,232.04624938964844,228.89543762207032,226.02676086425782,69.8651531064518,0.01305088708833968,0.008560119514630427,234.228515625,1
2024-11-26,AAPL,234.228515625,230.24664611816405,226.1088104248047,74.32920725171066,0.009404445196126154,0.008610153641057458,234.0989532470703,0
2024-11-27,AAPL,234.0989532470703,231.4284454345703,226.36205444335937,68.04146742128138,-0.0005531451949134514,0.008773596740581613,236.49049377441406,1
2024-11-29,AAPL,236.49049377441406,233.18421325683593,226.9434051513672,72.00301660230951,0.01021593857713543,0.008412239874684192,238.7424774169922,1
2024-12-02,AAPL,238.7424774169922,235.121337890625,227.78666000366212,83.29431362869494,0.009522512328661525,0.0056351008551517,241.79165649414062,1
2024-12-03,AAPL,241.79165649414062,237.07041931152344,228.82716522216796,85.18101038569114,0.012771833107112718,0.005547042050451433,242.150390625,1
2024-12-04,AAPL,242.150390625,238.65479431152343,229.8139419555664,84.84799995776955,0.0014836497506194313,0.005512825025030875,242.18028259277344,1
2024-12-05,AAPL,242.18028259277344,240.27106018066405,230.83854293823242,82.7152476548368,0.00012344381397144666,0.005780929378532471,241.98098754882812,0
2024-12-06,AAPL,241.98098754882812,241.36915893554686,231.61628189086915,95.85012919886469,-0.0008229201890908033,0.005594234630734248,245.8771514892578,1
2024-12-09,AAPL,245.8771514892578,242.79609375,232.60228118896484,95.97887557444231,0.016101115959135104,0.006420809045714082,246.89353942871094,1
2024-12-10,AAPL,246.89353942871094,243.81647033691405,233.77511749267578,96.11361374056872,0.004133722606175283,0.006119243754757424,245.6180877685547,0
2024-12-11,AAPL,245.6180877685547,244.510009765625,234.8841812133789,90.54422758164267,-0.005165998523523618,0.006958632192883499,247.08287048339844,1
2024-12-12,AAPL,247.08287048339844,245.49052734375,236.0221420288086,93.1295673035424,0.005963659794566922,0.006704074748051503,247.25228881835938,1
2024-12-13,AAPL,247.25228881835938,246.54478759765624,237.01412048339844,92.73094057100394,0.0006856741409451139,0.00662548758552624,250.15196228027344,1
2024-12-16,AAPL,250.15196228027344,247.39974975585938,238.3115135192871,92.62246520055629,0.011727589968011376,0.006845027581028872,252.58334350585938,1
2024-12-17,AAPL,252.58334350585938,248.53771057128907,239.58000946044922,92.64859361916271,0.009719616841789014,0.006504709107232788,247.1725616455078,0
2024-12-18,AAPL,247.1725616455078,248.84860534667968,240.56501388549805,75.04930250485174,-0.021421768297346322,0.010468804824907908,248.90638732910156,1
2024-12-19,AAPL,248.90638732910156,249.21330871582032,241.60083541870117,74.30041726516703,0.007014636544004471,0.01055040844044842,253.5897674560547,1
2024-12-20,AAPL,253.5897674560547,250.48080444335938,242.8947410583496,76.36019594253503,0.018815829425706143,0.01157999841355521,254.36700439453125,1
2024-12-23,AAPL,254.36700439453125,251.32381286621094,244.16024856567384,74.20037658467886,0.0030649380938103654,0.010873299693860201,257.28668212890625,1
2024-12-24,AAPL,257.28668212890625,252.2644805908203,245.42227020263672,76.41869891466288,0.01147820937438282,0.011168371335447293,258.1037292480469,1
2024-12-26,AAPL,258.1037292480469,254.45071411132812,246.61603088378905,77.02204962310024,0.003175629272296643,0.010693497569209337,254.6858673095703,0
2024-12-27,AAPL,254.6858673095703,255.6066101074219,247.64537658691407,69.75947118292842,-0.013242202847801088,0.012133430868621673,251.30787658691406,0
2024-12-30,AAPL,251.30787658691406,255.15023193359374,248.38624572753906,58.801761075665496,-0.01326336148267826,0.013197243036948976,249.5341796875,0
2024-12-31,AAPL,249.5341796875,254.1836669921875,248.92583084106445,54.360711770411704,-0.007057864335583752,0.012946998752371907,242.9874267578125,0
2025-01-02,AAPL,242.9874267578125,251.32381591796874,248.98561935424806,46.868084377630424,-0.026235896572911255,0.014760503057608482,242.49916076660156,0
2025-01-03,AAPL,242.49916076660156,248.2029022216797,249.00305786132813,44.107816996317155,-0.002009429038061228,0.013393918856030824,244.1333465576172,1
2025-01-06,AAPL,244.1333465576172,246.09239807128907,249.1007110595703,46.291070558618074,0.006738933800222391,0.013373968176725624,241.35321044921875,0
2025-01-07,AAPL,241.35321044921875,244.10146484375,249.06932220458984,38.80831933603311,-0.011387776998101784,0.011461148882714168,241.8414764404297,1
2025-01-08,AAPL,241.8414764404297,242.56292419433595,248.86753845214844,35.60292696687786,0.0020230349963117344,0.011385446102704446,236.01219177246094,0
2025-01-10,AAPL,236.01219177246094,241.16787719726562,248.32347106933594,34.964699749991695,-0.024103742475309553,0.011230068586229217,233.5708465576172,0
2025-01-13,AAPL,233.5708465576172,239.38221435546876,247.72110900878906,29.61702327843834,-0.010344148734474867,0.010450153805553116,232.45480346679688,0
2025-01-14,AAPL,232.45480346679688,237.0465057373047,246.98970565795898,19.064150445595047,-0.00477817804434344,0.010491007878391643,237.028564453125,1
2025-01-15,AAPL,237.028564453125,236.18157653808595,246.47851943969727,27.709163914754782,0.019675915137548072,0.013698905183809784,227.4525604248047,0
2025-01-16,AAPL,227.4525604248047,233.30379333496094,245.34354934692382,17.14060982497415,-0.04040021104804048,0.01756522593624772,229.16647338867188,1
2025-01-17,AAPL,229.16647338867188,231.9346496582031,244.17270584106444,19.05397646863817,0.007535254651194867,0.017142126482791245,221.85243225097656,0
2025-01-21,AAPL,221.85243225097656,229.590966796875,242.90669937133788,17.33899225396617,-0.03191584279123816,0.018940204445375003,223.03823852539062,1
2025-01-22,AAPL,223.03823852539062,227.70765380859376,241.61329193115233,20.705537083603076,0.005345022645830477,0.01881873132877272,222.86883544921875,0
2025-01-23,AAPL,222.86883544921875,224.8757080078125,240.07724533081054,21.380354823457665,-0.0007595248119419695,0.018958152523444828,221.991943359375,0
2025-01-24,AAPL,221.991943359375,223.78358459472656,238.45849227905273,24.169509062727258,-0.003934565764101894,0.01870809370337846,229.04690551757812,1
2025-01-27,AAPL,229.04690551757812,223.75967102050782,237.04650344848633,36.4176659780813,0.0317802621637584,0.02160736071480727,237.4171905517578,1
2025-01-28,AAPL,237.4171905517578,226.87262268066405,236.01217651367188,44.63826652991399,0.03654397781653196,0.02465579540337485,238.51329040527344,1
2025-01-29,AAPL,238.51329040527344,229.96763305664064,235.20354766845702,48.05234826195699,0.004616767012398215,0.024551436733043764,236.7495574951172,0
2025-01-30,AAPL,236.7495574951172,232.7437774658203,234.4756317138672,46.04288583382636,-0.007394694472410257,0.02397556135206062,235.16519165039062,0
2025-01-31,AAPL,235.16519165039062,235.37842712402343,233.7571823120117,49.82945594825798,-0.006692159687602506,0.019615423161811345,227.2034454345703,0
2025-02-03,AAPL,227.2034454345703,235.00973510742188,232.9679832458496,44.84884321433583,-0.03385597230587034,0.022783463952363688,231.9765167236328,1
2025-02-04,AAPL,231.9765167236328,233.92160034179688,232.44185104370118,50.308626419441566,0.021007917727361436,0.020765160448454886,231.6476593017578,0
2025-02-05,AAPL,231.6476593017578,232.54847412109376,231.81756668090821,45.81015643449867,-0.001417632381586209,0.020850523948573934,232.39501953125,1
2025-02-06,AAPL,232.39501953125,231.6775665283203,231.36965713500976,56.14334057925369,0.0032262800830575866,0.02078765724139313,226.82479858398438,0
2025-02-07,AAPL,226.82479858398438,230.00948791503907,230.6188232421875,48.25403322729146,-0.023968762146886702,0.02256803275125688,227.0941162109375,1
2025-02-10,AAPL,227.0941162109375,229.9876220703125,230.17291946411132,57.066558538210565,0.001187337666050725,0.02007646660315099,232.05198669433594,1
2025-02-11,AAPL,232.05198669433594,230.00271606445312,230.09697647094725,60.637549987497586,0.02183178748142156,0.017407686430683213,236.29161071777344,1
2025-02-12,AAPL,236.29161071777344,230.93150634765624,230.2888168334961,64.18466721115544,0.01827014749510436,0.018498312625589642,240.9402313232422,1
2025-02-13,AAPL,240.9402313232422,232.6405487060547,230.48440017700196,68.31978150170042,0.01967323592804604,0.019382215938975513,244.00274658203125,1
2025-02-14,AAPL,244.00274658203125,236.07613830566407,231.3119094848633,65.47545068084574,0.012710684479589673,0.019394769913556223,243.87306213378906,0
2025-02-18,AAPL,243.87306213378906,239.4319274902344,232.04723892211913,58.12525289460673,-0.0005314876576546501,0.014417269701176466,244.27207946777344,1
2025-02-19,AAPL,244.27207946777344,241.87594604492188,233.168221282959,57.40547929444441,0.001636168138018812,0.01363593906830064,245.22975158691406,1
2025-02-20,AAPL,245.22975158691406,243.66357421875,234.27779693603514,60.88625399509393,0.00392051404821725,0.01344860346327236,244.95042419433594,0
2025-02-21,AAPL,244.95042419433594,244.46561279296876,235.38187637329102,62.943162587391306,-0.0011390436550645644,0.013611133539915799,246.49664306640625,1
2025-02-24,AAPL,246.49664306640625,244.96439208984376,236.60711135864258,80.22636119098505,0.006312374747486027,0.008922254626015872,246.43678283691406,0
2025-02-25,AAPL,246.43678283691406,245.47713623046874,237.4766052246094,76.47955508446123,-0.00024284399473972762,0.009060872338417757,239.77310180664062,0
2025-02-26,AAPL,239.77310180664062,244.57734069824218,237.59440078735352,62.649464152316426,-0.0270401234489549,0.01316731948696975,236.72056579589844,0
2025-02-27,AAPL,236.72056579589844,242.87550354003906,237.50476455688477,56.57726064576016,-0.012730935987990133,0.012913022721668844,241.24948120117188,1
2025-02-28,AAPL,241.24948120117188,242.13531494140625,237.7297607421875,71.51896257019449,0.019131905122169668,0.012823406404604267,237.4487762451172,0
2025-03-03,AAPL,237.4487762451172,240.32574157714845,237.84393997192382,64.30727646501042,-0.015754251313333967,0.012897494737728561,235.35391235351562,0
2025-03-04,AAPL,235.35391235351562,238.10916748046876,238.2514633178711,55.20360740596218,-0.0088223823459046,0.013012591829720949,235.1643829345703,0
2025-03-05,AAPL,235.1643829345703,237.1874237060547,238.41085662841797,48.58893838362562,-0.0008052953828132647,0.012928717234966546,234.75538635253906,0
2025-03-06,AAPL,234.75538635253906,236.7943878173828,238.56624298095704,38.84885089156583,-0.0017391944176556873,0.012678688747090881,238.4862518310547,1
2025-03-07,AAPL,238.4862518310547,236.2417419433594,238.87080459594728,40.53059009826042,0.01589256603004152,0.014200559661801292,226.92454528808594,0
2025-03-10,AAPL,226.92454528808594,234.13689575195312,238.87579193115235,28.655264706960097,-0.04847955156408401,0.019839360350380447,220.30075073242188,0
2025-03-11,AAPL,220.30075073242188,231.1262634277344,238.53612365722657,23.670116541672655,-0.02918941424893018,0.02066670179965475,216.45018005371094,0
2025-03-12,AAPL,216.45018005371094,227.3834228515625,237.75603332519532,20.18808816995933,-0.017478699758893934,0.02005180228269079,209.16799926757812,0
2025-03-13,AAPL,209.16799926757812,222.2659454345703,236.39985275268555,17.42235631416257,-0.033643680889180905,0.021412892844310975,212.9687042236328,1
2025-03-14,AAPL,212.9687042236328,217.16243591308594,235.00127639770508,21.35306201550719,0.018170585220316893,0.021258758644340625,213.4774627685547,1
2025-03-17,AAPL,213.4774627685547,214.4730194091797,233.47501220703126,22.12142345624632,0.002388888765495034,0.021690121215820028,212.17066955566406,0
2025-03-18,AAPL,212.17066955566406,212.8470031738281,231.889892578125,24.130336125216672,-0.006121457487563542,0.021728325231679346,214.7144317626953,1
2025-03-19,AAPL,214.7144317626953,212.499853515625,230.4120101928711,29.429912130522055,0.011989226467345793,0.02269181671692643,213.5772247314453,0
2025-03-20,AAPL,213.5772247314453,213.38169860839844,228.82938385009766,22.45025364426904,-0.005296369796450651,0.02259614542016212,217.73704528808594,1
2025-03-21,AAPL,217.73704528808594,214.33536682128906,227.46871490478514,30.943028495567603,0.019476892079065333,0.023061628162268033,220.19102478027344,1
2025-03-24,AAPL,220.19102478027344,215.6780792236328,226.1534339904785,35.67980021761983,0.01127038115604373,0.019032399206184568,223.2036590576172,1
2025-03-25,AAPL,223.2036590576172,217.88467712402343,224.99177780151368,39.549830960813054,0.013681912241200633,0.01717642239407712,220.98907470703125,0
2025-03-26,AAPL,220.98907470703125,219.1396057128906,224.0525764465332,38.218064945599295,-0.009921810242430995,0.016400106043514003,223.3034210205078,1
2025-03-27,AAPL,223.3034210205078,221.08484497070313,223.38171920776367,36.8086479679319,0.010472672988674825,0.010592248880863579,217.36793518066406,0
2025-03-28,AAPL,217.36793518066406,221.01102294921876,222.1876419067383,40.545993565891585,-0.02658036232816441,0.014053657752037893,221.58761596679688,1
2025-03-31,AAPL,221.58761596679688,221.29034118652345,221.39458389282225,51.89911880043721,0.019412618437147255,0.015081204673594552,222.64503479003906,1
2025-04-01,AAPL,222.64503479003906,221.17861633300782,220.75914001464844,57.78252291243624,0.0047720122743710736,0.014669663928487394,223.34332275390625,1
2025-04-02,AAPL,223.34332275390625,221.64946594238282,220.16808700561523,70.54547752079424,0.0031363284814578396,0.014461820003669487,202.69384765625,0
2025-04-03,AAPL,202.69384765625,217.52755126953124,218.56501007080078,40.763817898955,-0.09245620080797823,0.03390736835952945,187.92002868652344,0
2025-04-04,AAPL,187.92002868652344,211.63796997070312,216.0366989135742,30.640492801836402,-0.07288735766061138,0.03882174343822187,181.0169219970703,0
2025-04-07,AAPL,181.0169219970703,203.52383117675782,213.74131774902344,27.866094683170175,-0.0367342786061855,0.03832696048888797,171.9989776611328,0
2025-04-08,AAPL,171.9989776611328,193.39461975097657,211.32622909545898,21.872572707727358,-0.04981823929192353,0.03761767616887728,198.3644561767578,1
2025-04-09,AAPL,198.3644561767578,188.3988464355469,210.42194290161132,44.95267288817229,0.1532885769098551,0.06802878785469203,189.9550323486328,0
2025-04-10,AAPL,189.9550323486328,185.85108337402343,209.46129455566407,39.506950587697794,-0.042393803760042426,0.06842292506713396,197.66615295410156,1
2025-04-11,AAPL,197.66615295410156,187.80030822753906,208.6961669921875,42.58583724066942,0.040594452856169694,0.07032449852863742,202.02549743652344,1
2025-04-14,AAPL,202.02549743652344,192.00202331542968,208.12356872558593,43.40818463919716,0.02205407661995684,0.07044088247572731,201.6464080810547,0
2025-04-15,AAPL,201.6464080810547,197.93150939941407,207.59735565185548,44.01399287777244,-0.0018764431236599766,0.07034827702479578,193.79563903808594,0
2025-04-16,AAPL,193.79563903808594,197.0177459716797,206.551416015625,40.21205835032897,-0.03893334435103357,0.07088351102227855,196.4990234375,1
2025-04-17,AAPL,196.4990234375,198.32654418945313,205.69750595092773,43.424702400503406,0.013949665806890499,0.0652093991143723,192.6883544921875,0
2025-04-21,AAPL,192.6883544921875,197.33098449707032,204.4450714111328,40.1485882286981,-0.019392813657033492,0.06072178997400375,199.25228881835938,1
2025-04-22,AAPL,199.25228881835938,196.7763427734375,203.39813461303712,42.96918513713698,0.03406502870124406,0.059551233273185754,204.1004180908203,1
2025-04-23,AAPL,204.1004180908203,197.26714477539062,202.44297256469727,44.84975384663755,0.02433161145205487,0.05560116112685492,207.8612060546875,1
2025-04-24,AAPL,207.8612060546875,200.08025817871095,201.78657913208008,53.92735007291767,0.018426164919435495,0.029543170547164016,208.76898193359375,1
2025-04-25,AAPL,208.76898193359375,202.53424987792968,201.0598571777344,62.187283973040536,0.004367221263343435,0.024456416962844712,209.62689208984375,1
2025-04-28,AAPL,209.62689208984375,205.92195739746094,200.67280502319335,67.40496430762165,0.004109375580146679,0.021936757674505813,210.6942901611328,1
2025-04-29,AAPL,210.6942901611328,208.21035766601562,200.12813873291014,75.73832854342922,0.005091894749990278,0.02121070294790369,211.9811248779297,1
2025-04-30,AAPL,211.9811248779297,209.7864990234375,199.59494323730468,62.786058462511996,0.006107591790042166,0.021097582772621123,212.79913330078125,1
2025-05-01,AAPL,212.79913330078125,210.77408447265626,199.06773376464844,74.61503734106236,0.0038588738658813515,0.014437041901863387,204.8485870361328,0
2025-05-02,AAPL,204.8485870361328,209.99000549316406,199.17547073364258,58.29261621348995,-0.037361741757710676,0.02051534552937606,198.40435791015625,0
2025-05-05,AAPL,198.40435791015625,207.74549865722656,199.6996871948242,46.97624402269964,-0.03145849927117084,0.02234112554335038,198.02528381347656,0
2025-05-06,AAPL,198.02528381347656,205.21169738769532,200.55010528564452,46.9696481200676,-0.0019106137620794605,0.019530173556733504,195.7707977294922,0
2025-05-07,AAPL,195.7707977294922,201.96963195800782,201.7386962890625,52.96523637816265,-0.011384839554669735,0.01767348011230041,197.00778198242188,1
2025-05-08,AAPL,197.00778198242188,198.81136169433594,201.6708625793457,51.24115039246048,0.006318533035958307,0.01632881763751696,198.0452423095703,1
2025-05-09,AAPL,198.0452423095703,197.45069274902343,202.07537307739258,57.68498618014302,0.0052660880535218,0.01638985521781901,210.55104064941406,1
2025-05-12,AAPL,210.55104064941406,199.880029296875,202.7196174621582,63.19978894330487,0.06314616899655467,0.027174597873875432,212.68861389160156,1
2025-05-13,AAPL,212.68861389160156,202.8126953125,203.2527732849121,60.702647790478636,0.010152280585241868,0.02731085143544352,212.08929443359375,0
2025-05-14,AAPL,212.08929443359375,206.0763946533203,203.77491760253906,56.07300338138185,-0.0028178257737542234,0.027281140378746425,211.21029663085938,0
2025-05-15,AAPL,211.21029663085938,208.91689758300782,204.64565048217773,53.876377130826015,-0.004144470399044975,0.0272851648439664,211.0205078125,0
2025-05-16,AAPL,211.0205078125,211.51195068359374,205.37172470092773,52.623460751855426,-0.0008985774907133148,0.024043630375856447,208.54331970214844,0
2025-05-19,AAPL,208.54331970214844,211.11040649414062,206.1644729614258,48.253471992268935,-0.01173908704907789,0.0215635669042091,206.62550354003906,0
2025-05-20,AAPL,206.62550354003906,209.8977844238281,206.53313369750975,44.44789781042719,-0.00919624836148425,0.021950074321594914,201.86090087890625,0
2025-05-21,AAPL,201.86090087890625,207.85210571289062,206.42115783691406,38.785230352087744,-0.023059121838798324,0.023163919047895387,201.13172912597656,0
2025-05-22,AAPL,201.13172912597656,205.83639221191407,206.0846839904785,45.85680906280353,-0.0036122485818445016,0.02323303443812427,195.04864501953125,0
2025-05-23,AAPL,195.04864501953125,202.64201965332032,205.3986671447754,46.159599605083976,-0.03024427887573744,0.025348432780642978,199.98304748535156,1
2025-05-27,AAPL,199.98304748535156,200.92996520996093,204.91647491455078,53.15630928627147,0.025298317070217013,0.015628476240739122,200.1927947998047,1
2025-05-28,AAPL,200.1927947998047,199.64342346191407,204.3914001464844,56.47864085743876,0.0010488254734115632,0.014893985156597123,199.72332763671875,0
2025-05-29,AAPL,199.72332763671875,199.21590881347657,203.77851028442382,54.36722092577808,-0.00234507522388816,0.014905729589734554,200.622314453125,1
2025-05-30,AAPL,200.622314453125,199.11402587890626,203.169669342041,54.18561279056089,0.004501160816033689,0.015264584042723356,201.47134399414062,1
2025-06-02,AAPL,201.47134399414062,200.39856567382813,203.0008071899414,33.935576141603875,0.00423197959474253,0.015503032030351506,203.03956604003906,1
2025-06-03,AAPL,203.03956604003906,201.00986938476564,203.23256759643556,32.74043455885159,0.007783846649397574,0.015719492830510145,202.590087890625,0
2025-06-04,AAPL,202.590087890625,201.48932800292968,203.46080780029297,32.89220151855177,-0.002213746602105271,0.015546048677288302,200.40257263183594,0
2025-06-05,AAPL,200.40257263183594,201.62517700195312,203.69239654541016,31.294477330174516,-0.010797740805414291,0.014105114608354966,203.68882751464844,1
2025-06-06,AAPL,203.68882751464844,202.2384796142578,204.02644882202148,38.86824484707576,0.01639826694665114,0.015025202026277806,201.2216339111328,0
2025-06-09,AAPL,201.2216339111328,202.18853759765625,204.1852684020996,38.77326971221156,-0.012112562253018933,0.011457121120320279,202.44024658203125,1
2025-06-10,AAPL,202.44024658203125,202.06867370605468,203.77972869873048,43.631962247821036,0.00605607184084711,0.00858545387856746,198.55465698242188,0
2025-06-11,AAPL,198.55465698242188,201.26158752441407,203.0730308532715,44.78840585732442,-0.019193760456297837,0.010752402253589642,198.97418212890625,1
2025-06-12,AAPL,198.97418212890625,200.9759094238281,202.41727523803712,46.7175036219171,0.002112895022762018,0.01077220050964821,196.227294921875,0
2025-06-13,AAPL,196.227294921875,199.48360290527344,201.6681251525879,52.722144855340865,-0.013805244367089187,0.011398516139601899,198.195068359375,1
2025-06-16,AAPL,198.195068359375,198.87828979492187,201.02685317993163,46.31220652057512,0.010028031208825672,0.011895831448978511,195.418212890625,0
2025-06-17,AAPL,195.418212890625,197.47388305664063,200.37059783935547,40.697347137346746,-0.014010719296581597,0.011986948684313485,196.35714721679688,1
2025-06-18,AAPL,196.35714721679688,197.0343811035156,199.85718002319337,43.667827664470295,0.004804743182752258,0.01228881216593778,200.7721405029297,1
2025-06-20,AAPL,200.7721405029297,197.39397277832032,199.80274200439453,50.604842114182986,0.02248450514132916,0.014300272223696201,201.27157592773438,1
2025-06-23,AAPL,201.27157592773438,198.4028289794922,199.80973434448242,50.00767398926542,0.00248757334336136,0.013191323294279661,200.07293701171875,0
2025-06-24,AAPL,200.07293701171875,198.77840270996094,200.0609489440918,45.18569553004257,-0.005955331300461331,0.0127575184208194,201.33151245117188,1
2025-06-25,AAPL,201.33151245117188,199.9610626220703,200.1283721923828,48.22138244936231,0.0062905831155934955,0.01277111548580193,200.7721405029297,0
2025-06-26,AAPL,200.7721405029297,200.84406127929688,200.15733947753907,51.01310373151233,-0.0027783626191049127,0.011034801268129502,200.85205078125,1
2025-06-27,AAPL,200.85205078125,200.86004333496095,200.21377563476562,44.615675940030386,0.00039801477495893245,0.011031773333613682,204.93740844726562,1
2025-06-30,AAPL,204.93740844726562,201.59320983886718,200.42953033447264,57.36509038964796,0.020340134193924886,0.01122466969929884,207.58441162109375,1
2025-07-01,AAPL,207.58441162109375,203.0955047607422,200.7351837158203,59.490570757725266,0.012916154224275056,0.011420757918809858,212.1991729736328,1
2025-07-02,AAPL,212.1991729736328,205.26903686523437,201.1931640625,74.01246287822298,0.022230770203315764,0.010540716339311555,213.30792236328125,1
2025-07-03,AAPL,213.30792236328125,207.77619323730468,201.72905578613282,74.57506512170396,0.005225041050401336,0.010525961581275157,209.7119903564453,0
2025-07-07,AAPL,209.7119903564453,209.54818115234374,202.19452667236328,73.02436589550219,-0.016857939297312052,0.011921643928659662,209.7719268798828,1
2025-07-08,AAPL,209.7719268798828,210.51508483886718,202.498681640625,71.10701694150212,0.0002858039892503772,0.011981677796996118,210.90065002441406,1
2025-07-09,AAPL,210.90065002441406,211.17833251953124,202.98263244628907,80.07434853593966,0.005380715910463962,0.011436992022463342,212.16920471191406,1
2025-07-10,AAPL,212.16920471191406,211.1723388671875,203.4690803527832,80.26034714227299,0.006014939675876629,0.011434786692886471,210.92062377929688,0
2025-07-11,AAPL,210.92062377929688,210.69487915039062,204.08737869262694,72.15609258686587,-0.005884835805047839,0.011717798342444453,208.3834991455078,0
2025-07-14,AAPL,208.3834991455078,210.42918090820314,204.55784454345704,64.51080875595841,-0.012028812490351148,0.012863566329105989,208.87295532226562,1
2025-07-15,AAPL,208.87295532226562,210.2493865966797,205.19012756347655,68.44035481305862,0.0023488240612374867,0.01146997506397285,209.92176818847656,1
2025-07-16,AAPL,209.92176818847656,210.0536102294922,205.77646255493164,68.10004645189325,0.0050212956703405975,0.010889305161109707,209.78192138671875,0
2025-07-17,AAPL,209.78192138671875,209.57615356445314,206.49464797973633,69.34433726425355,-0.0006661853268702389,0.007991280912223259,210.9405975341797,1
2025-07-18,AAPL,210.9405975341797,209.58014831542968,207.22382049560548,70.64578761340397,0.005523241182089356,0.008018083962315195,212.23912048339844,1
2025-07-21,AAPL,212.23912048339844,210.3512725830078,207.79716949462892,66.73771398385273,0.0061558702516160135,0.00604931305303125,214.15695190429688,1
2025-07-22,AAPL,214.15695190429688,211.40807189941407,208.44143829345703,65.48059205237696,0.009036182474420285,0.0065149125807057425,213.9072265625,0
2025-07-23,AAPL,213.9072265625,212.20516357421874,209.1331527709961,55.13999684038662,-0.0011660856188711044,0.006476329658295547,213.51766967773438,0
2025-07-24,AAPL,213.51766967773438,212.9523132324219,209.74246063232422,50.8580505079664,-0.0018211487803653226,0.006333147286407484,213.63754272460938,1
2025-07-25,AAPL,213.63754272460938,213.4917022705078,210.3857307434082,65.15558390340016,0.0005614197975087887,0.0059076549697748065,213.80735778808594,1
2025-07-28,AAPL,213.80735778808594,213.80534973144532,211.03349609375,65.43983078930964,0.0007948746335069146,0.0036567667540076394,211.03050231933594,0
2025-07-29,AAPL,211.03050231933594,213.18005981445313,211.33815078735353,50.64411965960428,-0.012987651582609505,0.006138124484643781,208.81301879882812,0
2025-07-30,AAPL,208.81301879882812,212.16121826171874,211.39958114624022,39.516778085894195,-0.010507881543836084,0.006933312418751673,207.33470153808594,0
2025-07-31,AAPL,207.33470153808594,210.92462463378905,211.1563575744629,38.893070557171555,-0.007079622090835236,0.00723946550792591,202.1505889892578,0
2025-08-01,AAPL,202.1505889892578,208.62723388671876,210.5984909057617,33.20222894821431,-0.0250035932739211,0.010016752141362682,203.11949157714844,1
2025-08-04,AAPL,203.11949157714844,206.48966064453126,210.26886596679688,34.99401233578878,0.004792974350137147,0.009868338228281098,202.68995666503906,0
2025-08-05,AAPL,202.68995666503906,204.82155151367186,209.91476745605468,30.454739213944634,-0.0021146907604691068,0.008756558548860673,213.0082550048828,1
2025-08-06,AAPL,213.0082550048828,205.6605987548828,210.02014770507813,56.17205755313052,0.05090680618623611,0.019936014318166058,219.7805633544922,1
2025-08-07,AAPL,219.7805633544922,208.14977111816407,210.40071563720704,63.161861245220955,0.03179364268982976,0.02233098046037772,229.0900115966797,1
2025-08-08,AAPL,229.0900115966797,213.53765563964845,211.30918502807617,69.79926076296748,0.04235792328538146,0.025488108768963604,227.17999267578125,0
2025-08-11,AAPL,227.17999267578125,218.349755859375,212.24900970458984,65.52985514303404,-0.008337416841468825,0.025907054445429224,229.64999389648438,1
2025-08-12,AAPL,229.64999389648438,223.74176330566405,213.2878616333008,67.6790646162736,0.010872441677679756,0.025008059032262043,233.3300018310547,1
2025-08-13,AAPL,233.3300018310547,227.80611267089844,214.4582733154297,70.53973707040663,0.01602441991019199,0.02412772441809121,232.77999877929688,0
2025-08-14,AAPL,232.77999877929688,230.40599975585937,215.6081771850586,69.73057412403817,-0.0023571895917441354,0.023768925556973537,231.58999633789062,0
2025-08-15,AAPL,231.58999633789062,230.90599670410157,216.64064712524413,68.07787033109618,-0.005112133549474374,0.02101027314572551,230.88999938964844,0
2025-08-18,AAPL,230.88999938964844,231.647998046875,217.57319107055665,71.15754763430003,-0.0030225698834628334,0.021525025784425954,230.55999755859375,0
2025-08-19,AAPL,230.55999755859375,231.8299987792969,218.3933433532715,74.21625065484753,-0.001429259958971918,0.02147221634722021,226.00999450683594,0
2025-08-20,AAPL,226.00999450683594,230.36599731445312,218.99848175048828,70.02075138735573,-0.019734572779050663,0.019174872061517367,224.89999389648438,0
2025-08-21,AAPL,224.89999389648438,228.7899963378906,219.56759796142578,76.92508718481972,-0.004911289931109564,0.01711350128706678,227.75999450683594,1
2025-08-22,AAPL,227.75999450683594,228.02399597167968,220.27372055053712,77.78880214935366,0.012716766064777785,0.01085185347755894,227.16000366210938,0
2025-08-25,AAPL,227.16000366210938,227.2779968261719,220.94135284423828,77.59832783115364,-0.0026343118159346535,0.010541314785856558,229.30999755859375,1
2025-08-26,AAPL,229.30999755859375,227.0279968261719,221.85532760620117,72.16188869747035,0.009464667467088184,0.010388892044644564,230.49000549316406,1
2025-08-27,AAPL,230.49000549316406,227.9239990234375,222.93917694091797,67.01466359799548,0.00514590705653295,0.008988016512958531,232.55999755859375,1
2025-08-28,AAPL,232.55999755859375,229.45599975585938,224.20044174194337,57.073207286768884,0.008980832210059075,0.009523242927051019,232.13999938964844,0
2025-08-29,AAPL,232.13999938964844,230.33200073242188,225.69991226196288,60.65023215267121,-0.00180597769760249,0.009384492994277622,229.72000122070312,0
2025-09-02,AAPL,229.72000122070312,230.84400024414063,227.02993774414062,50.43393279504441,-0.010424735828844955,0.009948642807882607,238.47000122070312,1
2025-09-03,AAPL,238.47000122070312,232.6760009765625,228.81893997192384,59.125785652748625,0.038089848308826335,0.015705651911858208,239.77999877929688,1
2025-09-04,AAPL,239.77999877929688,234.53399963378905,230.15752716064452,61.94750707953286,0.005493343195739575,0.013420797574321606,239.69000244140625,0
2025-09-05,AAPL,239.69000244140625,235.96000061035156,231.15299911499022,64.3095339995632,-0.00037532879451496193,0.013083012612319785,237.8800048828125,0
2025-09-08,AAPL,237.8800048828125,237.10800170898438,231.59249877929688,62.04756178981231,-0.007551410322323426,0.013567880158510301,234.35000610351562,0
2025-09-09,AAPL,234.35000610351562,238.03400268554688,231.95099945068358,56.19487589957243,-0.014839409394815983,0.014770457538740827,226.7899932861328,0
2025-09-10,AAPL,226.7899932861328,235.6980010986328,231.80799942016603,51.64499381747212,-0.03225949486019408,0.018284845173052646,230.02999877929688,1
2025-09-11,AAPL,230.02999877929688,233.7480010986328,231.64299926757812,57.401500862112236,0.014286368839370622,0.018843616622311328,234.07000732421875,1
2025-09-12,AAPL,234.07000732421875,232.6240020751953,231.7074996948242,58.6236612559119,0.017562963814985233,0.019484668751087886,236.6999969482422,1
2025-09-15,AAPL,236.6999969482422,232.38800048828125,231.9629997253418,62.11254731199875,0.011235910376080627,0.019724545784045203,238.14999389648438,1
2025-09-16,AAPL,238.14999389648438,233.147998046875,232.32599945068358,61.38628808871848,0.0061258849469238985,0.01924330765189691,238.99000549316406,1
2025-09-17,AAPL,238.99000549316406,235.58800048828124,232.74749984741212,61.02407617515498,0.0035272375318422533,0.015040568358444634,237.8800048828125,0
2025-09-18,AAPL,237.8800048828125,237.1580017089844,233.34100036621095,57.258434909968344,-0.0046445482440198305,0.014994762574553096,245.5,1
2025-09-19,AAPL,245.5,239.44400024414062,234.37100067138672,64.67868934948612,0.03203293660995743,0.018225301166682008,256.0799865722656,1
2025-09-22,AAPL,256.0799865722656,243.31999816894532,235.7870002746582,74.18219508464915,0.04309566831880085,0.021794732164559488,254.42999267578125,0
2025-09-23,AAPL,254.42999267578125,246.57599792480468,237.1504997253418,66.85605686676831,-0.006443275472520216,0.020980209516000128,252.30999755859375,0
2025-09-24,AAPL,252.30999755859375,249.23999633789063,238.3004997253418,63.20261544512481,-0.008332331793480807,0.01676160113928371,256.8699951171875,1
2025-09-25,AAPL,256.8699951171875,253.03799438476562,239.61949920654297,66.33319738468208,0.018072995928489766,0.016890269776446996,255.4600067138672,0
2025-09-26,AAPL,255.4600067138672,255.02999572753907,240.76449966430664,66.96086401185273,-0.005489112898051984,0.017491288433205278,254.42999267578125,0
2025-09-29,AAPL,254.42999267578125,254.6999969482422,241.87899932861328,70.4544966678064,-0.004031997224675621,0.017927413917444356,254.6300048828125,1
2025-09-30,AAPL,254.6300048828125,254.73999938964843,243.12449951171874,83.52495373194768,0.0007861188255666729,0.01804840974705877,255.4499969482422,1
2025-10-01,AAPL,255.4499969482422,255.3679992675781,243.9734992980957,82.4173469692644,0.003220327729275496,0.01805496153392525,257.1300048828125,1
2025-10-02,AAPL,257.1300048828125,255.4200012207031,244.84099960327148,81.15986344604615,0.00657666061710982,0.017605922754226642,258.0199890136719,1
2025-10-03,AAPL,258.0199890136719,255.93199768066407,245.75749893188475,80.15550353601817,0.0034612223931820285,0.015449469685138844,256.69000244140625,0
2025-10-06,AAPL,256.69000244140625,256.3839996337891,246.69799880981446,76.46435140532466,-0.005154587353288997,0.008000306374185032,256.4800109863281,0
2025-10-07,AAPL,256.4800109863281,256.7540008544922,247.80449905395508,75.44036812085086,-0.0008180741481198517,0.007666912282572184,258.05999755859375,1
2025-10-08,AAPL,258.05999755859375,257.2760009765625,249.3679992675781,78.93212631420334,0.006160271773966164,0.00709083333142646,254.0399932861328,0
2025-10-09,AAPL,254.0399932861328,256.6579986572266,250.56849899291993,63.96241091689287,-0.015577789314472068,0.0067384039002231465,245.27000427246094,0
2025-10-10,AAPL,245.27000427246094,254.10800170898438,251.12849884033204,32.26178710857947,-0.034522080166306646,0.012573813650213577,247.66000366210938,1
2025-10-13,AAPL,247.66000366210938,252.302001953125,251.6764991760254,39.37906294214788,0.009744360696440912,0.013302293044223158,247.77000427246094,1
2025-10-14,AAPL,247.77000427246094,250.56000061035155,252.15749969482422,42.491858898112305,0.0004441597703503941,0.01329302225234669,249.33999633789062,1
2025-10-15,AAPL,249.33999633789062,248.81600036621094,252.67499923706055,35.89565959401088,0.0063364896410271765,0.013481030636746575,247.4499969482422,0
2025-10-16,AAPL,247.4499969482422,247.4980010986328,253.15349884033202,35.17684818898461,-0.007580008893106838,0.013181201986342062,252.2899932861328,1
2025-10-17,AAPL,252.2899932861328,248.9019989013672,253.49299850463868,46.93040343343533,0.019559492412937862,0.01501529399264287,262.239990234375,1
2025-10-20,AAPL,262.239990234375,251.8179962158203,253.80099868774414,59.864530869237996,0.03943873008454002,0.019860758081902515,262.7699890136719,1
2025-10-21,AAPL,262.7699890136719,254.8179931640625,254.21799850463867,59.55871565527756,0.002021044840732289,0.019831208327210078,258.45001220703125,0
2025-10-22,AAPL,258.45001220703125,256.63999633789064,254.52499923706054,52.11441381045166,-0.016440145325788524,0.020651544578639117,259.5799865722656,1
2025-10-23,AAPL,259.5799865722656,259.0659942626953,254.66049880981444,52.37378831752976,0.004372119604812541,0.019892382558279107,262.82000732421875,1
2025-10-24,AAPL,262.82000732421875,261.1719970703125,255.02849884033202,57.299384790149695,0.012481781799657865,0.015219546370145286,268.80999755859375,1
2025-10-27,AAPL,268.80999755859375,262.4859985351562,255.74749908447265,62.46511122894556,0.02279122619072771,0.016015735863222372,269.0,1
2025-10-28,AAPL,269.0,263.73200073242185,256.465998840332,61.399084878826834,0.0007068280314419528,0.016001551909123054,269.70001220703125,1
2025-10-29,AAPL,269.70001220703125,265.98200073242185,257.17849960327146,67.3022783966305,0.0026022758625696696,0.01609753163157428,271.3999938964844,1
2025-10-30,AAPL,271.3999938964844,268.34600219726565,257.8919990539551,84.07382031709133,0.006303231785351748,0.015177366831213297,270.3699951171875,0
2025-10-31,AAPL,270.3699951171875,269.8559997558594,258.50949935913087,80.80017563993226,-0.0037951319176879883,0.015234322542610378,269.04998779296875,0
2025-11-03,AAPL,269.04998779296875,269.90399780273435,259.127498626709,78.1010231004769,-0.0048822256465500535,0.010464303391153241,270.0400085449219,1
2025-11-04,AAPL,270.0400085449219,270.11199951171875,259.80549850463865,77.70429884841823,0.003679690752169673,0.010466968315425618,270.1400146484375,1
2025-11-05,AAPL,270.1400146484375,270.2,260.40949935913085,81.98741637397652,0.00037033809935982376,0.008124612888253613,269.7699890136719,0
2025-11-06,AAPL,269.7699890136719,269.8739990234375,261.1959991455078,78.15564504357323,-0.001369754996301431,0.00833200005994563,268.4700012207031,0
2025-11-07,AAPL,268.4700012207031,269.49400024414064,262.3559989929199,63.86418770728194,-0.004818874767062664,0.008143531286749599,269.42999267578125,1
2020-12-09,MSFT,203.6109161376953,205.86043395996094,205.75849075317382,52.097215911309895,-0.019489633429325637,0.008485223676381465,202.38038635253906,0
2020-12-10,MSFT,202.38038635253906,205.14519348144532,205.49582748413087,45.520013741651674,-0.006043535427757152,0.008624368285495067,205.0144500732422,1
2020-12-11,MSFT,205.0144500732422,204.93369750976564,205.41808319091797,57.24661177308525,0.013015410080869705,0.009513165745941455,205.9180908203125,1
2020-12-14,MSFT,205.9180908203125,204.91638793945313,205.3342254638672,59.876131999352225,0.004407692954069731,0.009501434048158956,205.85079956054688,0
2020-12-15,MSFT,205.85079956054688,204.5549285888672,205.21248321533204,51.025047935776776,-0.0003267865368096201,0.008844985898814899,210.80165100097656,1
2020-12-16,MSFT,210.80165100097656,205.99307556152343,205.47108001708983,61.99928511585514,0.024050678700295647,0.011744558996292974,210.93626403808594,1
2020-12-17,MSFT,210.93626403808594,207.70425109863282,205.87195587158203,59.85553196609872,0.0006385767685888055,0.011493503792227156,210.13833618164062,0
2020-12-18,MSFT,210.13833618164062,208.7290283203125,206.16852645874025,60.81913824606979,-0.003782791262014751,0.011653830758843613,213.9837188720703,1
2020-12-21,MSFT,213.9837188720703,210.34215393066407,206.75494232177735,63.82841235995037,0.018299291601441947,0.012680855660999617,215.28147888183594,1
2020-12-22,MSFT,215.28147888183594,212.22828979492186,207.41970596313476,68.06647591636839,0.006064760518259327,0.012624629926210624,212.4744110107422,0
2020-12-23,MSFT,212.4744110107422,212.562841796875,207.76386337280275,63.57418734490101,-0.01303905884367551,0.011415983535268138,214.1375274658203,1
2020-12-24,MSFT,214.1375274658203,213.20309448242188,208.1906982421875,65.68622060725446,0.007827372939483324,0.010844081929933276,216.2620849609375,1
2020-12-28,MSFT,216.2620849609375,214.42784423828124,208.65838928222655,68.36822735064327,0.009921462717254359,0.01065515676511238,215.4833984375,0
2020-12-29,MSFT,215.4833984375,214.7277801513672,209.1429016113281,64.53659729925721,-0.003600661316005338,0.011032795403750507,213.10888671875,0
2020-12-30,MSFT,213.10888671875,214.29326171875,209.40582504272462,69.0158401689045,-0.011019464775328003,0.012036413727684901,213.8202667236328,1
2020-12-31,MSFT,213.8202667236328,214.56243286132812,209.74469604492188,73.37785133230881,0.0033381057722929874,0.00966186112181548,209.27316284179688,0
2021-01-04,MSFT,209.27316284179688,213.58955993652344,209.91052474975587,58.43106105397899,-0.02126600977312021,0.012056294998727898,209.47503662109375,1
2021-01-05,MSFT,209.47503662109375,212.23215026855468,210.0806800842285,57.27813430275299,0.0009646424632550055,0.012015942523870369,204.04348754882812,0
2021-01-06,MSFT,204.04348754882812,209.9441680908203,209.98262252807618,47.48486224573833,-0.025929338215562203,0.0125569650515424,209.84994506835938,1
2021-01-07,MSFT,209.84994506835938,209.2923797607422,210.09221496582032,48.985989353702735,0.02845696076500226,0.016163356189130094,211.1285400390625,1
2021-01-08,MSFT,211.1285400390625,208.75403442382813,210.46809616088868,50.72936039033352,0.006092901145561935,0.015898802344447363,209.08091735839844,0
2021-01-11,MSFT,209.08091735839844,208.71558532714843,210.80312271118163,48.91628022296189,-0.00969846464284374,0.015842096355181568,206.619873046875,0
2021-01-12,MSFT,206.619873046875,208.1445526123047,210.88339385986328,39.415189230308634,-0.01177077440933938,0.015467359296422171,207.97535705566406,1
2021-01-13,MSFT,207.97535705566406,208.93092651367186,210.98625717163085,39.60342508785301,0.0065602789741407985,0.015857683903573866,204.78370666503906,0
2021-01-14,MSFT,204.78370666503906,207.9176788330078,210.93290252685546,39.03866364177438,-0.015346291194349382,0.01614430096019216,204.4280242919922,0
2021-01-15,MSFT,204.4280242919922,206.57757568359375,210.61422119140624,35.538571767489216,-0.0017368685177120424,0.01597173735298585,208.0714874267578,1
2021-01-19,MSFT,208.0714874267578,206.3756896972656,210.47098236083986,38.65174630904251,0.017822718521026015,0.01615860597179713,215.66604614257812,1
2021-01-20,MSFT,215.66604614257812,208.18492431640624,210.74736785888672,50.755241710742794,0.03649975693326857,0.019965282287890396,216.27166748046875,1
2021-01-21,MSFT,216.27166748046875,209.84418640136718,210.86176528930665,54.4600442667112,0.002808144113191746,0.017200107253513806,217.2137908935547,1
2021-01-22,MSFT,217.2137908935547,212.3302032470703,210.95838088989257,54.704956232606214,0.004356203584415574,0.015280319194314732,220.65536499023438,1
2021-01-25,MSFT,220.65536499023438,215.57567138671874,211.3674285888672,64.93413726916623,0.01584417859714171,0.015763510187555105,223.34713745117188,1
2021-01-26,MSFT,223.34713745117188,218.63080139160155,211.82790908813476,66.95309107293727,0.01219898941073394,0.015072559101459632,223.8950958251953,1
2021-01-27,MSFT,223.8950958251953,220.276611328125,212.20955963134764,77.53957175707932,0.0024533933153418896,0.013746100337890364,229.69189453125,1
2021-01-28,MSFT,229.69189453125,222.96065673828124,212.91998443603515,77.1986702035561,0.02589069083755402,0.014815864554487397,222.9914093017578,0
2021-01-29,MSFT,222.9914093017578,224.11618041992188,213.41411056518555,64.75613924697191,-0.02917162246045457,0.017797137931334556,230.38409423828125,1
2021-02-01,MSFT,230.38409423828125,226.06192626953126,214.24230194091797,73.08799982711638,0.03315233066453893,0.018909567955691594,230.24949645996094,0
2021-02-02,MSFT,230.24949645996094,227.44239807128906,215.29111862182617,77.08750649926813,-0.0005842320788912447,0.019193607984468515,233.6045379638672,1
2021-02-03,MSFT,233.6045379638672,229.38428649902343,216.49759368896486,77.9515432192547,0.01457133047189818,0.017000806364276127,232.65281677246094,0
2021-02-04,MSFT,232.65281677246094,229.97647094726562,217.92806015014648,82.31954485319612,-0.004074069792057933,0.01737632308739541,232.83551025390625,1
2021-02-05,MSFT,232.83551025390625,231.9452911376953,219.07733840942382,83.10302079974613,0.0007852622804218612,0.01748364126858406,233.0950469970703,1
2021-02-08,MSFT,233.0950469970703,232.48748168945312,220.17566375732423,81.56455829109771,0.0011146785251143765,0.017285067975329537,234.3448028564453,1
2021-02-09,MSFT,234.3448028564453,233.30654296875,221.43885803222656,77.79702805476211,0.005361571923022002,0.017131056381756066,233.43153381347656,0
2021-02-10,MSFT,233.43153381347656,233.27194213867188,222.77944107055663,75.41501631971283,-0.003897116692313407,0.017350192184660277,235.03695678710938,1
2021-02-11,MSFT,235.03695678710938,233.74877014160157,224.1325210571289,75.81241971932869,0.006877489717887153,0.01568496726603925,235.51763916015625,1
2021-02-12,MSFT,235.51763916015625,234.28519592285156,225.66921768188476,73.46490014335988,0.0020451352826282854,0.011151616881764208,234.27749633789062,0
2021-02-16,MSFT,234.27749633789062,234.5216857910156,227.16169128417968,68.21116848624473,-0.005265604846787286,0.00601468255452356,235.29884338378906,1
2021-02-17,MSFT,235.29884338378906,234.71249389648438,228.52305908203124,68.65298059503502,0.004359561041344717,0.006009842982459611,234.90379333496094,0
2021-02-18,MSFT,234.90379333496094,235.00694580078124,229.48494644165038,60.44625052171142,-0.0016789289872699564,0.004219759868780249,232.18658447265625,0
2021-02-19,MSFT,232.18658447265625,234.43687133789064,230.28069229125975,71.60812771982957,-0.011567326451940585,0.005580540043490835,225.9620819091797,0
2021-02-22,MSFT,225.9620819091797,232.5257598876953,230.718106842041,39.459294684048565,-0.02680819211675689,0.010065952545986717,224.76724243164062,0
2021-02-23,MSFT,224.76724243164062,230.62370910644532,230.92370071411133,37.47839043850801,-0.005287787523657661,0.009982250527723772,226.00062561035156,1
2021-02-24,MSFT,226.00062561035156,228.76406555175782,231.0563751220703,30.765916345171846,0.005487379590404684,0.009994851739554864,220.64328002929688,0
2021-02-25,MSFT,220.64328002929688,225.911962890625,230.8937843322754,24.97200266677413,-0.023705003322828433,0.011855657176287063,223.90969848632812,1
2021-02-26,MSFT,223.90969848632812,224.25658569335937,230.60467453002929,33.86600132673233,0.014804069521616725,0.012989913399317368,228.30349731445312,1
2021-03-01,MSFT,228.30349731445312,224.72486877441406,230.87027893066406,42.81570076590774,0.019623084028194793,0.01504078103046634,225.34539794921875,0
2021-03-02,MSFT,225.34539794921875,224.8404998779297,230.61834411621095,36.84913077387582,-0.012956872759421811,0.015362497734493585,219.265380859375,0
2021-03-03,MSFT,219.265380859375,223.4934509277344,230.06913833618165,31.769225290577594,-0.026980879774673117,0.016661004821095237,218.46560668945312,0
2021-03-04,MSFT,218.46560668945312,223.05791625976562,229.31219177246095,28.206049936927556,-0.0036475168436863603,0.016603900226927506,223.1581573486328,1
2021-03-05,MSFT,223.1581573486328,222.90760803222656,228.83745880126952,35.80344835632515,0.021479585415246083,0.01876488875783199,219.1016082763672,0
2021-03-08,MSFT,219.1016082763672,221.06723022460938,228.15076370239257,33.45151812200734,-0.01817791077172326,0.01776067788803913,225.25868225097656,1
2021-03-09,MSFT,225.25868225097656,221.04988708496094,227.7589454650879,40.62330170089226,0.02810145495072347,0.02023554637996598,223.9482421875,0
2021-03-10,MSFT,223.9482421875,221.98645935058593,227.23911743164064,39.8742436916171,-0.005817489698428213,0.020235704704259,228.48654174804688,1
2021-03-11,MSFT,228.48654174804688,223.9906463623047,226.99186782836915,47.0787901934429,0.02026494834796333,0.019450098743377456,227.15687561035156,0
2021-03-12,MSFT,227.15687561035156,224.79039001464844,226.59786376953124,51.7363838957994,-0.005819450579113483,0.01923040194626483,226.2510986328125,0
2021-03-15,MSFT,226.2510986328125,226.2202880859375,226.13453674316406,52.05544342542708,-0.003987451293760436,0.01819414786133825,229.04542541503906,1
2021-03-16,MSFT,229.04542541503906,226.97763671875,225.8729331970215,53.566822923004715,0.012350555639782934,0.018067846953095115,228.39984130859375,0
2021-03-17,MSFT,228.39984130859375,227.86795654296876,225.52798309326172,59.251016344359364,-0.0028185854630167206,0.015179540428659937,222.31019592285156,0
2021-03-18,MSFT,222.31019592285156,226.6326873779297,224.89830322265624,48.79035780351845,-0.026662213733828266,0.017985674387898914,221.95372009277344,0
2021-03-19,MSFT,221.95372009277344,225.59205627441406,224.38666000366212,43.109675730293226,-0.0016035064365731433,0.016621914004531148,227.38812255859375,1
2021-03-22,MSFT,227.38812255859375,225.8194610595703,224.4579620361328,52.761163105051345,0.02448439460058971,0.017026813832702378,228.92015075683594,1
2021-03-23,MSFT,228.92015075683594,225.79440612792968,224.66560745239258,62.33406612777289,0.006737503177402848,0.014846409552978744,226.87745666503906,0
2021-03-24,MSFT,226.87745666503906,225.48992919921875,224.70944900512694,60.57763718092372,-0.008923172927518652,0.015052491331272799,223.8711395263672,0
2021-03-25,MSFT,223.8711395263672,225.80211791992187,224.87084197998047,51.36263533139348,-0.013250841149503811,0.014086170636392798,227.86021423339844,1
2021-03-26,MSFT,227.86021423339844,226.98341674804686,225.068367767334,61.44052424387639,0.01781861974469212,0.015295959820301758,226.66546630859375,0
2021-03-29,MSFT,226.66546630859375,226.83888549804686,224.98646621704103,52.4168244816743,-0.005243337143451043,0.01534120732006977,223.39901733398438,0
2021-03-30,MSFT,223.39901733398438,225.73465881347656,224.8891471862793,49.67652357120241,-0.01441088061540996,0.015337530486662606,227.17611694335938,1
2021-03-31,MSFT,227.17611694335938,225.7943908691406,225.28468399047853,48.62718202093919,0.016907413714037034,0.01650031370799431,233.5163116455078,1
2021-04-01,MSFT,233.5163116455078,227.72342529296876,226.03721923828124,58.00274451415943,0.02790872028035052,0.015866869606223164,239.99134826660156,1
2021-04-05,MSFT,239.99134826660156,230.14965209960937,226.87887878417968,64.75069077825714,0.02772841252701541,0.01716023681353089,238.82545471191406,0
2021-04-06,MSFT,238.82545471191406,232.58164978027344,227.86507110595704,60.98901409187541,-0.004858064939042395,0.016520469103828306,240.79107666015625,1
2021-04-07,MSFT,240.79107666015625,236.0600616455078,228.641690826416,63.396513791666784,0.008230370379125773,0.016544226533306686,244.0189666748047,1
2021-04-08,MSFT,244.0189666748047,239.4286315917969,229.64522705078124,74.78478194929073,0.013405355627875482,0.0159228160979552,246.52418518066406,1
2021-04-09,MSFT,246.52418518066406,242.03020629882812,230.5471092224121,76.67708793776052,0.010266490920757043,0.014170269199898933,246.58203125,1
2021-04-12,MSFT,246.58203125,243.3483428955078,231.51836700439452,73.4622040010409,0.00023464663028316401,0.01415226161493854,249.06796264648438,1
2021-04-13,MSFT,249.06796264648438,245.39684448242187,232.65921020507812,73.95723898499234,0.010081559405940688,0.013364637721631923,246.27369689941406,0
2021-04-14,MSFT,246.27369689941406,246.49336853027344,233.52062377929687,73.02211331043246,-0.011218888681545747,0.012752907049579711,250.04112243652344,1
2021-04-15,MSFT,250.04112243652344,247.6977996826172,234.60268783569336,80.53968218567249,0.015297717882751138,0.012664039462024589,251.2358856201172,1
2021-04-16,MSFT,251.2358856201172,248.6401397705078,236.04897232055663,79.05191056129922,0.004778266758489025,0.01096924133251639,249.30885314941406,0
2021-04-19,MSFT,249.30885314941406,249.1855041503906,237.41672897338867,77.94293718243065,-0.007670211864625576,0.00925620342970525,248.84637451171875,0
2021-04-20,MSFT,248.84637451171875,249.1411865234375,238.48964157104493,84.04261112488567,-0.0018550429792324463,0.008986920433405318,251.08177185058594,1
2021-04-21,MSFT,251.08177185058594,250.10280151367186,239.59772262573242,83.21350716131397,0.00898304161856256,0.009027903047270318,247.7960968017578,0
2021-04-22,MSFT,247.7960968017578,249.65379638671874,240.64365463256837,71.90273130094839,-0.013086075602427139,0.009882771673460916,251.63101196289062,1
2021-04-23,MSFT,251.63101196289062,249.73282165527343,242.03164825439453,69.15837784008195,0.015476091878076748,0.010508953050504626,252.01646423339844,1
2021-04-26,MSFT,252.01646423339844,250.27434387207032,243.23946075439454,72.29654852585485,0.0015318154447698795,0.01049133186333357,252.42111206054688,1
2021-04-27,MSFT,252.42111206054688,250.98929138183593,244.5272430419922,70.70743675765691,0.00160564044249778,0.010122593516356897,245.28123474121094,0
2021-04-28,MSFT,245.28123474121094,249.82918395996094,245.62135391235353,52.354609110554165,-0.0282855790510238,0.013393755010227461,243.30596923828125,0
2021-04-29,MSFT,243.30596923828125,248.93115844726563,246.4278465270996,45.248002907373426,-0.008053064087897854,0.012363843682570158,242.98797607421875,0
2021-04-30,MSFT,242.98797607421875,247.20255126953126,246.90142974853515,44.69097215032406,-0.0013069681975252934,0.01210423173451567,242.67967224121094,0
2021-05-03,MSFT,242.67967224121094,245.33519287109374,247.0358459472656,39.5894984958637,-0.001268802835386551,0.01201437192479342,238.7579803466797,0
2021-05-04,MSFT,238.7579803466797,242.60256652832032,247.0324722290039,38.0290573523235,-0.016159952163744884,0.012741967672445217,237.48609924316406,0
2021-05-05,MSFT,237.48609924316406,241.04353942871094,246.8672233581543,28.057473283992692,-0.005327072635096131,0.011889910371172761,240.62728881835938,1
2021-05-06,MSFT,240.62728881835938,240.50780334472657,246.69763946533203,32.96566122599317,0.013226835529346115,0.012890889782012062,243.2578125,1
2021-05-07,MSFT,243.2578125,240.5617706298828,246.53432083129883,40.72085497646668,0.010931942484820656,0.012236335829930745,238.17022705078125,0
2021-05-10,MSFT,238.17022705078125,239.65988159179688,246.11373062133788,35.41073705312898,-0.02091437638500815,0.013264889338345602,237.25489807128906,0
2021-05-11,MSFT,237.25489807128906,239.35926513671876,245.52307739257813,30.33123938148306,-0.0038431712931819018,0.013048204266320857,230.2884063720703,0
2021-05-12,MSFT,230.2884063720703,237.9197265625,244.72381286621095,27.192559396247304,-0.029362899378901353,0.013254547119142845,234.17152404785156,1
2021-05-13,MSFT,234.17152404785156,236.62857360839843,243.93033294677736,27.82844694093177,0.016861976410168955,0.015084497143233478,239.10487365722656,1
2021-05-14,MSFT,239.10487365722656,235.79798583984376,243.32378234863282,35.739667784204144,0.02106724816108252,0.01701709931375863,236.24313354492188,0
2021-05-17,MSFT,236.24313354492188,235.41256713867188,242.6704963684082,32.924228453288734,-0.011968556175928069,0.01733582306754218,234.2196807861328,0
2021-05-18,MSFT,234.2196807861328,234.80552368164064,241.9391616821289,36.769356272327926,-0.008565128342256312,0.016832315151133388,234.7991180419922,1
2021-05-19,MSFT,234.7991180419922,235.707666015625,241.12502899169922,39.54088850228462,0.0024739050702935472,0.01683090864265229,238.04415893554688,1
2021-05-20,MSFT,238.04415893554688,236.48219299316406,240.63743209838867,44.588056957306414,0.013820498648441815,0.016887652981602403,236.77899169921875,0
2021-05-21,MSFT,236.77899169921875,236.0170166015625,239.89483108520508,43.584906172552884,-0.005314842598892255,0.016391785126368092,242.19696044921875,1
2021-05-24,MSFT,242.19696044921875,237.20778198242186,239.4038558959961,54.27966179382107,0.02288196563013689,0.016793144188175867,243.1048126220703,1
2021-05-25,MSFT,243.1048126220703,238.98480834960938,238.93804092407225,56.76925866188536,0.003748404485207857,0.01668065244140696,242.8826904296875,0
2021-05-26,MSFT,242.8826904296875,240.60152282714844,238.8181137084961,53.15728006673262,-0.0009136889968859307,0.012543322786573826,240.7772979736328,0
2021-05-27,MSFT,240.7772979736328,241.1481506347656,238.69168014526366,47.44812987305947,-0.008668351179452083,0.012551427559996423,241.13461303710938,1
2021-05-28,MSFT,241.13461303710938,242.01927490234374,238.5990119934082,54.53763339469417,0.0014840064511218998,0.010799861999253544,238.9326629638672,0
2021-06-01,MSFT,238.9326629638672,241.36641540527344,238.41166152954102,52.69190296975677,-0.009131621734053241,0.010456122137285286,238.83612060546875,0
2021-06-02,MSFT,238.83612060546875,240.51267700195314,238.41556854248046,64.67811984519679,-0.0004040567631100611,0.009915370156031538,237.30052185058594,0
2021-06-03,MSFT,237.30052185058594,239.3962432861328,238.40628967285156,56.02380603248868,-0.006429508028308106,0.010261544635150867,242.20664978027344,1
2021-06-04,MSFT,242.20664978027344,239.68211364746094,238.48525772094726,55.875618604404316,0.020674745640789638,0.011373728938031997,245.12330627441406,1
2021-06-07,MSFT,245.12330627441406,240.47985229492187,238.57853240966796,66.17221795531586,0.012042016587020088,0.01149231858711651,243.92575073242188,0
2021-06-08,MSFT,243.92575073242188,241.4784698486328,238.86630859375,68.32939751189686,-0.004885522964721778,0.00947388366420178,244.91079711914062,1
2021-06-09,MSFT,244.91079711914062,242.6934051513672,239.24910354614258,68.76234512625635,0.004038304212494959,0.009484510201514994,248.43589782714844,1
2021-06-10,MSFT,248.43589782714844,244.92048034667968,240.15647811889647,68.91795101285817,0.014393406699390932,0.01037416442419133,249.0636749267578,1
2021-06-11,MSFT,249.0636749267578,246.29188537597656,240.9010856628418,72.88177040686533,0.002526917829106079,0.00963540344379781,250.9952392578125,1
2021-06-14,MSFT,250.9952392578125,247.46627197265624,241.4956039428711,68.65699433814153,0.0077553032638046915,0.0096984909471404,249.5175323486328,0
2021-06-15,MSFT,249.5175323486328,248.58462829589843,242.15932388305663,63.39980138593016,-0.005887390189348696,0.00925225924641067,248.57110595703125,0
2021-06-16,MSFT,248.57110595703125,249.31669006347656,242.87689514160155,61.612103048951994,-0.0037930256150464636,0.00950565774050897,251.97067260742188,1
2021-06-17,MSFT,251.97067260742188,250.02364501953124,243.73547286987304,71.49879498675243,0.013676435309332602,0.009164553795871926,250.55091857910156,0
2021-06-18,MSFT,250.55091857910156,250.32109375,244.36081085205078,67.49815127665514,-0.005634600303394577,0.008229666442183887,253.6414337158203,1
2021-06-21,MSFT,253.6414337158203,250.85033264160157,245.20393295288085,76.38449270369162,0.012334878491946366,0.008264194080548902,256.4228820800781,1
2021-06-22,MSFT,256.4228820800781,252.2314025878906,245.91522903442382,78.70244837216143,0.01096606466660388,0.008003310481379203,256.1910400390625,0
2021-06-23,MSFT,256.1910400390625,253.75538940429686,246.56954040527344,82.34105580694636,-0.0009041394400334246,0.008221516482884312,257.5625,1
2021-06-24,MSFT,257.5625,254.8737548828125,247.30353088378905,79.74428334749534,0.005353270593414949,0.007481834162434194,255.94955444335938,0
2021-06-25,MSFT,255.94955444335938,255.95348205566407,248.0621437072754,72.19125260619633,-0.006262346252426609,0.008116388949286723,259.5230407714844,1
2021-06-28,MSFT,259.5230407714844,257.1298034667969,248.98156509399413,79.08458430911918,0.01396168215997351,0.008753089083109384,262.111328125,1
2021-06-29,MSFT,262.111328125,258.2674926757812,250.14049835205077,80.17900164365616,0.00997324686787504,0.00831294283178931,261.6283874511719,0
2021-06-30,MSFT,261.6283874511719,259.35496215820314,251.28011169433594,75.88621023428604,-0.0018425021050513246,0.008104836762955812,262.304443359375,1
2021-07-01,MSFT,262.304443359375,260.3033508300781,252.5303077697754,75.89985566871167,0.002584031170276946,0.007550172897431624,268.1473388671875,1
2021-07-02,MSFT,268.1473388671875,262.74290771484374,253.82734222412108,78.93091752561128,0.02227524411322057,0.008649681742086544,268.15704345703125,1
2021-07-06,MSFT,268.15704345703125,264.46970825195314,254.97902908325196,83.17790212054288,3.619125919640531e-05,0.008656547228229197,270.3492431640625,1
2021-07-07,MSFT,270.3492431640625,266.11729125976564,256.30020370483396,87.15244790274419,0.008175059206984914,0.008508545775418534,267.92523193359375,0
2021-07-08,MSFT,267.92523193359375,267.37666015625,257.45092544555666,78.39303245682022,-0.008966221625402282,0.009490674369441409,268.42742919921875,1
2021-07-09,MSFT,268.42742919921875,268.60125732421875,258.4505020141602,82.9633729618159,0.0018743933223484,0.009520806014272475,267.82861328125,0
2021-07-12,MSFT,267.82861328125,268.5375122070312,259.3887489318848,78.82081322226475,-0.0022308298364110968,0.009105770320105932,271.3634338378906,1
2021-07-13,MSFT,271.3634338378906,269.1787902832031,260.4071586608887,79.30497315110063,0.013198069143302016,0.009021200198007203,272.841064453125,1
2021-07-14,MSFT,272.841064453125,269.6771545410156,261.5733352661133,81.10957825268083,0.005445209011163632,0.008827951798371942,271.41162109375,0
2021-07-15,MSFT,271.41162109375,270.3744323730469,262.7153610229492,75.9552976769194,-0.0052391063722029285,0.009139899496913287,271.1412658691406,0
2021-07-16,MSFT,271.1412658691406,270.9171997070313,263.6738906860352,80.08760507896093,-0.0009961077698880105,0.009258479788984865,267.5292663574219,0
2021-07-19,MSFT,267.5292663574219,270.8573303222656,264.5228080749512,66.10125724881895,-0.013321467317564228,0.007923574440763411,269.76019287109375,1
2021-07-20,MSFT,269.76019287109375,270.53668212890625,265.32874603271483,65.51517071344031,0.008338999856155382,0.008373593126268857,271.7690124511719,1
2021-07-21,MSFT,271.7690124511719,270.3222717285156,266.0960525512695,69.28545420087093,0.007446686476229036,0.008303523982867737,276.34674072265625,1
2021-07-22,MSFT,276.34674072265625,271.3092956542969,267.10383758544924,73.11448388785942,0.01684418775413854,0.008997560066684672,279.7559509277344,1
2021-07-23,MSFT,279.7559509277344,273.0322326660156,268.21351013183596,70.55627933410388,0.012336712190500032,0.009432333012173241,279.1571350097656,0
2021-07-26,MSFT,279.1571350097656,275.35780639648436,269.37388916015624,69.12891363313992,-0.0021404939411759916,0.009425549433005807,276.7331237792969,0
2021-07-27,MSFT,276.7331237792969,276.752392578125,270.23439331054686,61.16490221382199,-0.008683321779985875,0.009639743811955159,276.42401123046875,0
2021-07-28,MSFT,276.42401123046875,277.6833923339844,270.9500274658203,66.00396988949021,-0.0011170059608572869,0.009602679130316939,276.6944885253906,1
2021-07-29,MSFT,276.6944885253906,277.75294189453126,271.7033325195313,65.69418264462789,0.0009784869762865522,0.009326171755124204,275.1588134765625,0
2021-07-30,MSFT,275.1588134765625,276.83351440429686,272.34605102539064,63.548730316548934,-0.005550074585917164,0.00959435624951583,275.07196044921875,0
2021-08-02,MSFT,275.07196044921875,276.0164794921875,272.69228210449216,57.90224629528311,-0.00031564690313345967,0.008129680810518713,277.293212890625,1
2021-08-03,MSFT,277.293212890625,276.1284973144531,273.1490905761719,59.11379337148307,0.008075168540547573,0.008110162510163815,276.7041015625,0
2021-08-04,MSFT,276.7041015625,276.18451538085935,273.4668334960937,61.19964504622965,-0.0021245068423559887,0.008063849820055924,279.6111145019531,1
2021-08-05,MSFT,279.6111145019531,276.76784057617186,274.0511276245117,65.99202479036978,0.010505854170710593,0.006920682957924756,279.5531005859375,0
2021-08-06,MSFT,279.5531005859375,277.6466979980469,274.60741119384767,76.21374806625899,-0.00020748072235599047,0.005707638753396534,278.4617919921875,0
2021-08-09,MSFT,278.4617919921875,278.3246643066406,275.13907012939455,70.03304843449362,-0.0039037613657749715,0.005805522225056298,276.636474609375,0
2021-08-10,MSFT,276.636474609375,278.1933166503906,275.40272216796876,61.43409655731225,-0.0065550012077194575,0.00549190122667289,277.12908935546875,1
2021-08-11,MSFT,277.12908935546875,278.2783142089844,275.61712341308595,52.39570567068617,0.0017807295541534263,0.0055041037674492446,279.8911437988281,1
2021-08-12,MSFT,279.8911437988281,278.3343200683594,276.04109954833984,50.573145827366346,0.009966670946681244,0.006308110590724149,282.8271484375,1
2021-08-13,MSFT,282.8271484375,278.9891296386719,276.6253936767578,59.494117472247176,0.0104898089979657,0.006448014013510636,284.5171813964844,1
2021-08-16,MSFT,284.5171813964844,280.20020751953126,277.47478942871095,70.72576178225512,0.0059754976434232,0.0064202216946409535,283.04925537109375,0
2021-08-17,MSFT,283.04925537109375,281.482763671875,278.1392425537109,66.73210093386211,-0.005159358103386413,0.006707137551476758,281.3171691894531,0
2021-08-18,MSFT,281.3171691894531,282.32037963867185,278.616650390625,60.985752018774775,-0.0061193808101340785,0.007093049086483564,287.16162109375,1
2021-08-19,MSFT,287.16162109375,283.77447509765625,279.1573944091797,73.48119805238123,0.020775311798907348,0.009000280419099217,294.50592041015625,1
2021-08-20,MSFT,294.50592041015625,286.1102294921875,279.89489288330077,79.46534047152397,0.02557549051448116,0.011436695167484435,294.7864990234375,1
2021-08-23,MSFT,294.7864990234375,288.1640930175781,280.6763610839844,78.13683492534797,0.0009527095852284173,0.01110146208737759,292.82232666015625,0
2021-08-24,MSFT,292.82232666015625,290.11870727539065,281.48082122802737,75.04317880311943,-0.0066630336524505784,0.011114831281071049,292.2319641113281,0
2021-08-25,MSFT,292.2319641113281,292.3016662597656,282.27121887207034,71.14750556631195,-0.0020161118025446845,0.011328565596067156,289.406494140625,0
2021-08-26,MSFT,289.406494140625,292.7506408691406,282.90681915283204,65.32462040100009,-0.00966858632078571,0.012118891164034307,290.0162048339844,1
2021-08-27,MSFT,290.0162048339844,291.8526977539062,283.6496887207031,68.20732369050165,0.002106762307355625,0.011862292705447785,293.76092529296875,1
2021-08-30,MSFT,293.76092529296875,291.6475830078125,284.5841369628906,75.34446014770468,0.012912107656632532,0.012278679557119311,292.10626220703125,0
2021-08-31,MSFT,292.10626220703125,291.5043701171875,285.3247894287109,71.5682871586473,-0.005632686118098529,0.01231563909140569,292.0578308105469,0
2021-09-01,MSFT,292.0578308105469,291.46954345703125,286.0924758911133,68.98332335325917,-0.00016580061008775182,0.011952419123217052,291.39984130859375,0
2021-09-02,MSFT,291.39984130859375,291.868212890625,286.6819122314453,64.44667908986818,-0.0022529425084306665,0.010445632291344296,291.39013671875,0
2021-09-03,MSFT,291.39013671875,292.14299926757815,287.2737640380859,62.30144911468393,-3.330334635798238e-05,0.0061454536358472615,290.46124267578125,0
2021-09-07,MSFT,290.46124267578125,291.4830627441406,287.8737365722656,63.55403168692945,-0.003187801939450452,0.006135296450081699,290.4902648925781,1
2021-09-08,MSFT,290.4902648925781,291.15986328125,288.5664260864258,67.81893733771906,9.991769135719863e-05,0.005864835740514499,287.6260986328125,0
2021-09-09,MSFT,287.6260986328125,290.2735168457031,289.09127655029295,51.335523167592825,-0.009859766766451838,0.006534253968693346,286.135986328125,0
2021-09-10,MSFT,286.135986328125,289.2207458496094,289.4035186767578,26.462862142882955,-0.0051807270333621425,0.006052440912420504,287.3745422363281,1
2021-09-13,MSFT,287.3745422363281,288.417626953125,289.6308883666992,30.335228967549213,0.004328556935801808,0.00622242316439688,290.0838623046875,1
2021-09-14,MSFT,290.0838623046875,288.34215087890624,289.9092224121094,43.17918250070822,0.009427836047256166,0.005407423046808531,294.9510498046875,1
2021-09-15,MSFT,294.9510498046875,289.23430786132815,290.5043121337891,55.9239677832811,0.0167785531443585,0.007590655367515958,295.33807373046875,1
2021-09-16,MSFT,295.33807373046875,290.7767028808594,291.20535736083986,64.09194434762291,0.0013121632421295715,0.007579913517316124,290.1612854003906,0
2021-09-17,MSFT,290.1612854003906,291.5817626953125,291.3553405761719,50.573697333371236,-0.017528347309539782,0.009608193143362906,284.7716369628906,0
2021-09-20,MSFT,284.7716369628906,291.061181640625,290.8686264038086,33.85543028245456,-0.01857466419085807,0.011191487950921569,285.2554626464844,1
2021-09-21,MSFT,285.2554626464844,290.0955017089844,290.39207458496094,37.2069549074851,0.0016989953379971112,0.011251955563752391,288.9131164550781,1
2021-09-22,MSFT,288.9131164550781,288.8879150390625,290.19661407470704,45.07732951045939,0.012822379542391626,0.012166429576900586,289.86126708984375,1
2021-09-23,MSFT,289.86126708984375,287.7925537109375,290.0780792236328,47.78396659990474,0.0032817846638439896,0.011742767926975437,289.6581726074219,0
2021-09-24,MSFT,289.6581726074219,287.6919311523437,290.09066314697264,47.47963051182381,-0.0007006609902071581,0.011571904479788793,284.64581298828125,0
2021-09-27,MSFT,284.64581298828125,287.66676635742186,289.8221435546875,41.84247635906581,-0.01730439563993924,0.012886987241413926,274.34063720703125,0
2021-09-28,MSFT,274.34063720703125,285.4838012695312,288.85112915039065,32.03194618525211,-0.036203503831880535,0.016425153474400225,274.8050537109375,1
2021-09-29,MSFT,274.8050537109375,282.6621887207031,287.98606872558594,34.96643539759161,0.0016928461952787632,0.014766603250767498,272.79241943359375,0
2021-09-30,MSFT,272.79241943359375,279.2484191894531,287.0227981567383,34.46342484901507,-0.00732386195292023,0.014479432173672837,279.74005126953125,1
2021-10-01,MSFT,279.74005126953125,277.264794921875,286.43980865478517,42.60741404542233,0.025468566356656952,0.017369730722873237,273.9438781738281,0
2021-10-04,MSFT,273.9438781738281,275.12440795898436,285.56749572753904,34.75832819383619,-0.020719854269700133,0.017588267746423213,279.4110107421875,1
2021-10-05,MSFT,279.4110107421875,276.13848266601565,285.0149841308594,35.8817713071215,0.01995712627274071,0.01909726446027137,283.6201171875,1
2021-10-06,MSFT,283.6201171875,277.9014953613281,284.67147674560545,40.32742806852975,0.015064211085067836,0.019301399678957606,285.3038024902344,1
2021-10-07,MSFT,285.3038024902344,280.4037719726563,284.55536193847655,46.009452924476044,0.005936410010088489,0.019395232658510512,285.3038024902344,0
2021-10-08,MSFT,285.3038024902344,281.5165222167969,284.51375274658204,51.09113640167587,0.0,0.019399358337646368,284.70391845703125,0
2021-10-11,MSFT,284.70391845703125,283.6685302734375,284.3802215576172,49.96097316850085,-0.0021026149247472814,0.018588302331212527,283.3975830078125,0
2021-10-12,MSFT,283.3975830078125,284.4658447265625,284.04590759277346,44.52978171259787,-0.004588399964069678,0.013779798494424894,286.7165222167969,1
2021-10-13,MSFT,286.7165222167969,285.0851257324219,283.6341812133789,47.30026137049196,0.011711247406414493,0.014009142450603949,292.9480285644531,1
2021-10-14,MSFT,292.9480285644531,286.6139709472656,283.5146789550781,53.50929885570077,0.021734032972624995,0.014330847786720514,294.36077880859375,1
2021-10-15,MSFT,294.36077880859375,288.4253662109375,283.72465362548826,59.99539726544822,0.004822528593428688,0.012821627473087517,297.341064453125,1
2021-10-18,MSFT,297.341064453125,290.9527954101562,284.353125,77.03431984608395,0.010124601710165937,0.009055171415715864,298.2506408691406,1
2021-10-19,MSFT,298.2506408691406,293.92340698242185,285.0028839111328,77.23990871124415,0.0030590339672340594,0.008163861953145552,297.4571533203125,0
2021-10-20,MSFT,297.4571533203125,296.071533203125,285.43008575439455,79.67452820302158,-0.0026604722340773934,0.008039401270953452,300.69866943359375,1
2021-10-21,MSFT,300.69866943359375,297.6216613769531,285.97195587158205,77.45403117496268,0.010897421955056164,0.008266919579710968,299.1505432128906,0
2021-10-22,MSFT,299.1505432128906,298.5796142578125,286.44657440185546,87.69174360646134,-0.0051484305654535545,0.008778154724327435,298.1539001464844,0
2021-10-25,MSFT,298.1539001464844,298.7421813964844,287.1219787597656,82.37662276826187,-0.0033315769903081716,0.008893145255644292,300.0697021484375,1
2021-10-26,MSFT,300.0697021484375,299.1059936523437,288.40843200683594,80.73151154728477,0.006425547346561311,0.008281182269448871,312.7069396972656,1
2021-10-27,MSFT,312.7069396972656,302.15595092773435,290.3035263061523,86.14708494739946,0.042114340296098174,0.014184425669926597,313.8487243652344,1
2021-10-28,MSFT,313.8487243652344,304.7859619140625,292.35634155273436,86.5291991542763,0.0036512930255852005,0.013488417749854483,320.88330078125,1
2021-10-29,MSFT,320.88330078125,309.13251342773435,294.4135040283203,89.69832311881352,0.022413907943207967,0.01429646057495699,318.70611572265625,0
2021-11-01,MSFT,318.70611572265625,313.2429565429687,296.65161590576173,88.42617824310238,-0.0067849746412261824,0.015094171188551365,322.344482421875,1
2021-11-02,MSFT,322.344482421875,317.6979125976562,298.7982894897461,88.40407703206068,0.0114160554809839,0.01507915862289803,323.186279296875,1
2021-11-03,MSFT,323.186279296875,319.7937805175781,300.77659759521487,86.76712978407465,0.0026114821903429064,0.014757679667400877,325.5473327636719,1
2021-11-04,MSFT,325.5473327636719,322.1335021972656,302.78877410888674,87.00532303984455,0.007305549826971625,0.014734551040841967,325.1795959472656,0
2021-11-05,MSFT,325.1795959472656,322.9927612304688,304.7825637817383,85.22287018505406,-0.0011295955438627159,0.014384694965633498,326.0794677734375,1
2021-11-08,MSFT,326.0794677734375,324.467431640625,306.8513412475586,85.18936363403543,0.002767307166215316,0.013951537603484386,325.07318115234375,0
2021-11-09,MSFT,325.07318115234375,325.01317138671874,308.9351211547852,84.90852338512177,-0.0030860165099169112,0.014467243389043137,320.08990478515625,0
2021-11-10,MSFT,320.08990478515625,324.393896484375,310.6037902832031,73.92794331568548,-0.015329706220372885,0.010268146599821913,321.6670837402344,1
2021-11-11,MSFT,321.6670837402344,323.6178466796875,312.0397430419922,77.74713380840244,0.004927299897623305,0.010293548321991437,325.8182373046875,1
2021-11-12,MSFT,325.8182373046875,323.7455749511719,313.61261596679685,81.57021342709895,0.012905123882073877,0.008540668028023687,325.18927001953125,0
2021-11-15,MSFT,325.18927001953125,323.5675354003906,315.00502624511716,79.57642584851797,-0.0019304238165406273,0.008142293094344966,328.5179138183594,1
2021-11-16,MSFT,328.5179138183594,324.25648193359376,316.5183898925781,73.46279939105703,0.010236019775893057,0.007998687234601452,328.7408447265625,1
2021-11-17,MSFT,328.7408447265625,325.986669921875,318.08257446289065,72.7007680875856,0.0006785958963759775,0.008003680341233742,330.82501220703125,1
2021-11-18,MSFT,330.82501220703125,327.81825561523436,319.5888916015625,67.68282168313877,0.0063398495012152445,0.00793451894400981,332.6087341308594,1
2021-11-19,MSFT,332.6087341308594,329.1763549804688,321.2618011474609,75.04408638151084,0.005391738405534641,0.007949769538864322,329.4291076660156,0
2021-11-22,MSFT,329.4291076660156,330.0243225097656,322.8255615234375,63.14012784830511,-0.009559660160916805,0.008779902620454482,327.3448791503906,0
2021-11-23,MSFT,327.3448791503906,329.7897155761719,324.18932037353517,57.50126569988908,-0.006326789185059023,0.009006710674790364,327.5679016113281,1
2021-11-24,MSFT,327.5679016113281,329.555126953125,324.93236846923827,54.038061903416896,0.000681307315747004,0.007043025408531049,319.58978271484375,0
2021-11-26,MSFT,319.58978271484375,327.3080810546875,325.21942138671875,42.02941600495585,-0.024355618658725375,0.010884838589214704,326.3270263671875,1
2021-11-29,MSFT,326.3270263671875,326.05173950195314,325.4916076660156,50.67273028912034,0.021080910644615702,0.012234778403361565,320.47186279296875,0
2021-11-30,MSFT,320.47186279296875,324.2602905273437,325.57989501953125,45.205023569438524,-0.017942625345503727,0.013527506393607336,319.9775695800781,0
2021-12-01,MSFT,319.9775695800781,322.7868286132813,325.46154937744143,50.23540351511149,-0.0015423919235304506,0.01290227420360356,319.4055480957031,0
2021-12-02,MSFT,319.4055480957031,321.15435791015625,325.2725128173828,47.46119036531153,-0.0017876924470852096,0.012857078323233344,313.12396240234375,0
2021-12-03,MSFT,313.12396240234375,319.86119384765624,324.6513442993164,34.82463742067954,-0.019666488984960373,0.01342029857463743,316.2066650390625,1
2021-12-06,MSFT,316.2066650390625,317.8371215820313,324.20269775390625,40.05872596269267,0.009844991143659776,0.013884159797820456,324.66937255859375,1
2021-12-07,MSFT,324.66937255859375,318.67662353515624,324.13219299316404,46.57786863341285,0.026763216766749087,0.016957499320094358,324.71783447265625,1
2021-12-08,MSFT,324.71783447265625,319.6246765136719,324.1144256591797,46.391132295898316,0.0001492654317238884,0.01686868964519254,322.9051208496094,0
2021-12-09,MSFT,322.9051208496094,320.3245910644531,324.2551864624023,42.416705757463454,-0.005582427050829342,0.016928813604245738,332.05621337890625,1
2021-12-10,MSFT,332.05621337890625,324.1110412597656,324.77464294433594,50.02760690273504,0.028339880473926993,0.017155988666742172,329.0123291015625,0
2021-12-13,MSFT,329.0123291015625,326.67217407226565,324.93434753417966,50.14106939576936,-0.009166774042172143,0.016455288021124375,318.2908020019531,0
2021-12-14,MSFT,318.2908020019531,325.3964599609375,324.5894241333008,43.54068154086728,-0.032587007085378095,0.018806250829789553,324.4076843261719,1
2021-12-15,MSFT,324.4076843261719,325.3344299316406,324.38391265869143,48.34083315993178,0.01921790477684371,0.01980085109918629,314.95611572265625,0
2021-12-16,MSFT,314.95611572265625,323.74462890625,323.6946762084961,47.30391548986781,-0.029134848094450994,0.022071682151481708,313.8897399902344,0
2021-12-17,MSFT,313.8897399902344,320.1113342285156,322.84791259765626,41.10707248421486,-0.003385791477568567,0.02113741831017254,310.1187438964844,0
2021-12-20,MSFT,310.1187438964844,316.3326171875,321.7234130859375,42.33066563061242,-0.012013760290053854,0.021187604391132247,317.27288818359375,1
2021-12-21,MSFT,317.27288818359375,316.1290344238281,321.11560211181643,48.65422488636909,0.023069048317496677,0.020661079328562388,323.0020751953125,1
2021-12-22,MSFT,323.0020751953125,315.84791259765626,320.8984619140625,52.93376103942865,0.01805760033426962,0.02163191855018242,324.4464111328125,1
2021-12-23,MSFT,324.4464111328125,317.7459716796875,320.74238739013674,58.57655706987908,0.004471599560549766,0.02159369569293471,331.9689636230469,1
2021-12-27,MSFT,331.9689636230469,321.36181640625,321.36134643554686,60.926892971572876,0.023185808910535233,0.020911042239634338,330.80572509765625,0
2021-12-28,MSFT,330.80572509765625,325.49921264648435,321.5852813720703,54.983444449562064,-0.003504058068246052,0.020705732696279903,331.4842834472656,1
2021-12-29,MSFT,331.4842834472656,328.34149169921875,322.13590240478516,55.38397191532931,0.0020512291599821264,0.01709372301729263,328.9347229003906,0
2021-12-30,MSFT,328.9347229003906,329.52802124023435,322.5837600708008,54.84292064993436,-0.007691346691797496,0.016577405880768895,326.0265197753906,0
2021-12-31,MSFT,326.0265197753906,329.84404296875,322.91480865478513,45.85705109032597,-0.008841277379769585,0.01333387728287804,324.5046691894531,0
2022-01-03,MSFT,324.5046691894531,328.35118408203124,323.4838439941406,46.93223976062853,-0.004667873604226935,0.013413792800370323,318.9403076171875,0
2022-01-04,MSFT,318.9403076171875,325.9781005859375,323.6205261230469,51.03915983165009,-0.01714724655939237,0.014147864760058072,306.69683837890625,0
2022-01-05,MSFT,306.69683837890625,321.02061157226564,322.7218994140625,36.2126063486357,-0.03838796459987315,0.017389220024218274,304.27337646484375,0
2022-01-06,MSFT,304.27337646484375,316.0883422851563,321.6996765136719,40.622052168409226,-0.007901815769839948,0.01571212773491228,304.428466796875,1
2022-01-07,MSFT,304.428466796875,311.76873168945315,320.77584381103514,41.6004942845516,0.0005097072042028472,0.01547123694566205,304.6513977050781,1
2022-01-10,MSFT,304.6513977050781,307.79807739257814,319.4056030273438,44.98676135873095,0.0007322932396853776,0.011956283070480628,305.33966064453125,1
2022-01-11,MSFT,305.33966064453125,305.07794799804685,318.2219696044922,36.77482378977378,0.0022591819523487544,0.01235528953375353,308.52899169921875,1
2022-01-12,MSFT,308.52899169921875,305.4443786621094,317.73387908935547,33.12301564040378,0.010445190932469206,0.013352048163449941,295.47119140625,0
2022-01-13,MSFT,295.47119140625,303.68394165039064,316.28705444335935,23.096920448052046,-0.04232276591270434,0.017406875759192364,300.7060241699219,1
2022-01-14,MSFT,300.7060241699219,302.939453125,315.57454986572264,20.535225624719175,0.017716897335261272,0.019583483857764792,293.3869934082031,0
2022-01-18,MSFT,293.3869934082031,300.686572265625,314.5494125366211,18.222646120871673,-0.02433948831561461,0.02020356238018863,294.0462341308594,1
2022-01-19,MSFT,294.0462341308594,298.4278869628906,313.7457870483398,18.309086686252485,0.0022470005060484244,0.0203548550636585,292.3691711425781,0
2022-01-20,MSFT,292.3691711425781,295.1959228515625,312.50060119628904,18.507739053893246,-0.005703398967983109,0.017312921036869492,286.96966552734375,0
2022-01-21,MSFT,286.96966552734375,293.49561767578126,310.6989807128906,17.58385078212187,-0.018468108638585612,0.01784855443100693,287.2992248535156,1
2022-01-24,MSFT,287.2992248535156,290.8142578125,308.8416213989258,18.51728628853543,0.001148411716500597,0.01787433843142301,279.6604309082031,0
2022-01-25,MSFT,279.6604309082031,288.0689453125,306.22619476318357,17.637767409541425,-0.026588285955895907,0.0188551215254555,287.62884521484375,1
2022-01-26,MSFT,287.62884521484375,286.78546752929685,304.06735076904295,33.64744519265193,0.028493177532348923,0.022051041892859516,290.6630859375,1
2022-01-27,MSFT,290.6630859375,286.4442504882812,302.0262908935547,38.69038411997202,0.010549153094814967,0.022059541810408288,298.82537841796875,1
2022-01-28,MSFT,298.82537841796875,288.8153930664063,300.5208236694336,46.40586768376564,0.028081627407698484,0.02024206100988743,301.4621276855469,1
2022-01-31,MSFT,301.4621276855469,291.6479736328125,299.29260406494143,48.314664043564484,0.008823712636247594,0.01962735000370512,299.3100280761719,0
2022-02-01,MSFT,299.3100280761719,295.57789306640626,298.03287200927736,46.32523611348495,-0.007138872222184567,0.01789308774310377,303.8662109375,1
2022-02-02,MSFT,303.8662109375,298.8253662109375,297.27916717529297,47.407848793663696,0.015222286037702037,0.018365568603922577,292.02984619140625,0
2022-02-03,MSFT,292.02984619140625,299.0987182617188,296.54581756591796,48.09218721127056,-0.038952553196275885,0.022702800137275752,296.57635498046875,1
2022-02-04,MSFT,296.57635498046875,298.64891357421874,296.16096649169924,47.61013275813351,0.015568644261390263,0.0221516176131116,291.73907470703125,0
2022-02-07,MSFT,291.73907470703125,296.7043029785156,295.52649688720703,49.32205930987886,-0.016310404360307396,0.023029962224550497,295.2385559082031,1
2022-02-08,MSFT,295.2385559082031,295.8900085449219,295.0558547973633,51.44192122262666,0.011995243368362996,0.02088203012786848,301.68505859375,1
2022-02-09,MSFT,301.68505859375,295.4537780761719,294.87312469482424,56.87445743072629,0.021834894381312697,0.02016602124127926,293.1253662109375,0
2022-02-10,MSFT,293.1253662109375,295.6728820800781,294.10294342041016,54.70010399445868,-0.028372941048893652,0.02258057930537935,286.010009765625,0
2022-02-11,MSFT,286.010009765625,293.5596130371094,293.62988433837893,49.81069871282652,-0.024274106800406314,0.021674529858119705,285.97113037109375,0
2022-02-14,MSFT,285.97113037109375,292.40602416992186,292.8931396484375,54.96257200941759,-0.00013593718123050547,0.021259373396648813,291.2737731933594,1
2022-02-15,MSFT,291.2737731933594,291.6130676269531,292.7874786376953,53.1393667109562,0.018542580908025963,0.02249510766590278,290.93377685546875,0
2022-02-16,MSFT,290.93377685546875,289.4628112792969,292.6318557739258,50.78607328114871,-0.0011672741220848382,0.02164226733570431,282.41461181640625,0
2022-02-17,MSFT,282.41461181640625,287.32066040039064,292.1341278076172,38.711698728677725,-0.02928214499925419,0.02007237927902534,279.6947326660156,0
2022-02-18,MSFT,279.6947326660156,286.05760498046874,291.77038116455077,34.879882084829276,-0.00963080179491127,0.019013750449799614,279.4906921386719,0
2022-02-22,MSFT,279.4906921386719,284.7615173339844,291.3799545288086,35.843412744652454,-0.0007295115120647955,0.01868134111071704,272.2538146972656,0
2022-02-23,MSFT,272.2538146972656,280.9575256347656,291.0096237182617,27.99510626272661,-0.02589308926901801,0.01889031138940941,286.1641845703125,1
2022-02-24,MSFT,286.1641845703125,280.00360717773435,290.93639068603517,46.71125659408951,0.0510933883094149,0.025216129485598936,288.8064270019531,1
2022-02-25,MSFT,288.8064270019531,281.28197021484374,290.8435577392578,45.352673254892586,0.009233309317195237,0.024121035035510448,290.24407958984375,1
2022-02-28,MSFT,290.24407958984375,283.3918395996094,290.41449279785155,49.618723689911945,0.004977910646984718,0.022749916206413277,286.5139465332031,0
2022-03-01,MSFT,286.5139465332031,284.79649047851564,289.6670837402344,44.4005774035047,-0.012851711090582252,0.023214607867255425,291.6040344238281,1
2022-03-02,MSFT,291.6040344238281,288.6665344238281,289.2817840576172,43.43348634931507,0.017765585069120293,0.02314845225200256,287.45611572265625,0
2022-03-03,MSFT,287.45611572265625,288.9249206542969,288.461279296875,46.22926143844966,-0.014224490101337639,0.023607350605874183,281.5694885253906,0
2022-03-04,MSFT,281.5694885253906,287.4775329589844,287.9382614135742,47.04162272805211,-0.020478350869199025,0.022575137654414157,270.9327087402344,0
2022-03-07,MSFT,270.9327087402344,283.6152587890625,286.6560791015625,40.060718264388434,-0.037776748613147726,0.02546825807276577,267.960205078125,0
2022-03-08,MSFT,267.960205078125,279.9045104980469,285.4671356201172,33.75798285042674,-0.010971372470790719,0.025577494869325576,280.2484130859375,1
2022-03-09,MSFT,280.2484130859375,277.6333862304688,284.7176284790039,44.34087487607993,0.04585833185278321,0.0286104975215083,277.421630859375,0
2022-03-10,MSFT,277.421630859375,275.6264892578125,283.5044570922852,47.47501564712639,-0.010086701992120362,0.02329320958273506,272.0594787597656,0
2022-03-11,MSFT,272.0594787597656,273.7244873046875,282.45116271972654,45.83814955491089,-0.01932852922462791,0.02339708050262268,268.5333251953125,0
2022-03-14,MSFT,268.5333251953125,273.24461059570314,281.57732849121095,43.92787264619715,-0.012960965670182678,0.02317306253508799,278.9370422363281,1
2022-03-15,MSFT,278.9370422363281,275.4399780273437,281.22562408447266,54.731902702072105,0.0387427408998442,0.027237710841832886,285.9699401855469,1
2022-03-16,MSFT,285.9699401855469,276.58428344726565,280.960432434082,50.55481924932362,0.025213209019618654,0.02794145508639175,286.7761535644531,1
2022-03-17,MSFT,286.7761535644531,278.45518798828124,280.75255126953124,49.397589596713104,0.002819224210709459,0.027603685499932733,291.8371887207031,1
2022-03-18,MSFT,291.8371887207031,282.4107299804688,281.2236801147461,51.633657256360586,0.017648033469116697,0.02707302629048274,290.6035461425781,0
2022-03-21,MSFT,290.6035461425781,286.82477416992185,281.76912078857424,53.234932931474674,-0.004227160299661525,0.023122922012355544,295.36334228515625,1
2022-03-22,MSFT,295.36334228515625,290.1100341796875,282.56275329589846,53.00059917004514,0.01637900227219813,0.022329378765146932,290.9241027832031,0
2022-03-23,MSFT,290.9241027832031,291.1008666992187,283.4962677001953,52.846809715699564,-0.015029757814926437,0.01960169959314566,295.40228271484375,1
2022-03-24,MSFT,295.40228271484375,292.8260925292969,283.9581726074219,59.48341621875989,0.01539294918777423,0.019231677377557713,294.9942321777344,0
2022-03-25,MSFT,294.9942321777344,293.45750122070314,284.26756286621094,68.65529160999924,-0.0013813384695583464,0.017297302120028557,301.8135070800781,1
2022-03-28,MSFT,301.8135070800781,295.6994934082031,284.84603424072264,74.60983946308988,0.023116638084758057,0.0161004838632908,306.3887023925781,1
2022-03-29,MSFT,306.3887023925781,297.9045654296875,285.8397720336914,71.02587000628817,0.015159014441610497,0.013190735892244105,304.8830261230469,0
2022-03-30,MSFT,304.8830261230469,300.69635009765625,286.5037216186523,72.75622507125571,-0.004914268240876596,0.012634171025388725,299.4918212890625,0
2022-03-31,MSFT,299.4918212890625,301.5142578125,287.10550689697266,73.32457392484325,-0.017682863170639607,0.01477864549812693,300.570068359375,1
2022-04-01,MSFT,300.570068359375,302.6294250488281,288.0555358886719,78.52259681587476,0.0036002554783349794,0.014033149464881559,305.9613342285156,1
2022-04-04,MSFT,305.9613342285156,303.4589904785156,289.8069671630859,76.04693908382947,0.017936802219090442,0.014500142703433623,301.98834228515625,0
2022-04-05,MSFT,301.98834228515625,302.57891845703125,291.5083740234375,66.5895232207831,-0.012985274604640162,0.014963587672218196,290.93377685546875,0
2022-04-06,MSFT,290.93377685546875,299.7890686035156,292.0426422119141,54.05972002176411,-0.036605934341826685,0.01880571483414116,292.75030517578125,1
2022-04-07,MSFT,292.75030517578125,298.4407653808594,292.8090759277344,51.311750403302106,0.006243786266229678,0.018195112373051495,288.4761657714844,0
2022-04-08,MSFT,288.4761657714844,296.02198486328126,293.6299102783203,48.66412754389423,-0.014599948586664913,0.018718598891723344,277.1011047363281,0
2022-04-11,MSFT,277.1011047363281,290.24993896484375,294.0582992553711,36.34831479742893,-0.039431545426761416,0.01978598437943753,273.99261474609375,0
2022-04-12,MSFT,273.99261474609375,284.6507934570312,293.8110778808594,36.9773421889278,-0.011217891004773217,0.017983029766063606,279.3935546875,1
2022-04-13,MSFT,279.3935546875,282.3427490234375,293.48225860595704,38.18933044178427,0.01971199094695031,0.020424275543724016,271.8263854980469,0
2022-04-14,MSFT,271.8263854980469,278.1579650878906,292.7347702026367,34.267577115932696,-0.027084265411623232,0.02109900738442601,272.4966735839844,1
2022-04-18,MSFT,272.4966735839844,274.9620666503906,291.76774444580076,28.356469433925554,0.0024658683692879713,0.021024003485750415,277.1399230957031,1
2022-04-19,MSFT,277.1399230957031,274.96983032226564,291.09456329345704,28.938430264737477,0.017039655753036786,0.02089516583272352,278.1695556640625,1
2022-04-20,MSFT,278.1695556640625,275.8052185058594,290.23487396240233,30.702139231705658,0.0037152083931402125,0.02126281052395077,272.7783203125,0
2022-04-21,MSFT,272.7783203125,274.4821716308594,289.3275848388672,30.477417325427254,-0.019381112137495493,0.019292222348412116,266.1922302246094,0
2022-04-22,MSFT,266.1922302246094,273.3553405761719,287.8670822143555,26.57281785132011,-0.024144477758883065,0.01949714816965069,272.69091796875,1
2022-04-25,MSFT,272.69091796875,273.394189453125,286.7519165039063,28.408695719192778,0.024413514018260862,0.022052921853330833,262.4912414550781,0
2022-04-26,MSFT,262.4912414550781,270.464453125,284.7858032226562,25.961433775451113,-0.03740379983920383,0.02171183226939933,275.1194152832031,1
2022-04-27,MSFT,275.1194152832031,269.85442504882815,283.2223388671875,41.25919707314352,0.04810893406622929,0.027274188676808888,281.3460693359375,1
2022-04-28,MSFT,281.3460693359375,271.56797485351564,282.04549102783204,44.351173204782185,0.022632550473854263,0.027514445540366753,269.58245849609375,0
2022-04-29,MSFT,269.58245849609375,272.2460205078125,280.5500228881836,40.78645253423207,-0.04181188977549766,0.02950877567152306,276.3336486816406,1
2022-05-02,MSFT,276.3336486816406,272.9745666503906,279.33820190429685,50.32195767747363,0.02504313605272901,0.030599070176063566,273.72064208984375,0
2022-05-03,MSFT,273.72064208984375,275.22044677734374,277.7261672973633,50.596955176759735,-0.00945598411291304,0.03028035293685638,281.6861267089844,1
2022-05-04,MSFT,281.6861267089844,276.5337890625,276.7110565185547,51.99488519021371,0.029100781579074697,0.03173285427328865,269.4173889160156,0
2022-05-05,MSFT,269.4173889160156,274.14805297851564,275.635237121582,49.53595569390215,-0.04355463982663166,0.034332347908161295,266.872314453125,0
2022-05-06,MSFT,266.872314453125,273.60602416992185,274.3413375854492,47.86845524268834,-0.009446585734983803,0.0335225607616732,257.0125732421875,0
2022-05-09,MSFT,257.0125732421875,269.74180908203124,272.7681579589844,40.786563796662755,-0.03694553791067501,0.034318610974570236,261.7918395996094,1
2022-05-10,MSFT,261.7918395996094,267.3560485839844,272.00269470214846,43.04559942540114,0.018595457401682447,0.03305695532058101,253.0978240966797,0
2022-05-11,MSFT,253.0978240966797,261.6383880615234,270.95795516967775,41.57170382820138,-0.033209650523203904,0.029812111601135064,248.0465545654297,0
2022-05-12,MSFT,248.0465545654297,257.3642211914063,269.3906051635742,42.007172805102115,-0.01995777541461785,0.027948706351522343,253.65151977539062,1
2022-05-13,MSFT,253.65151977539062,254.72006225585938,268.4818618774414,41.74231248025073,0.022596424367920198,0.027778194787467833,254.02069091796875,1
2022-05-16,MSFT,254.02069091796875,254.12168579101564,267.5580627441406,46.2906507593654,0.0014554264957884477,0.02580690904665009,259.1884765625,1
2022-05-17,MSFT,259.1884765625,253.60101318359375,266.66049041748045,41.82786524608067,0.020343955548881132,0.027307558753570764,247.3877410888672,0
2022-05-18,MSFT,247.3877410888672,252.45899658203126,265.1213996887207,32.806673411422565,-0.04552955297295869,0.027118835135751078,246.4724884033203,0
2022-05-19,MSFT,246.4724884033203,252.14418334960936,263.80610809326174,36.727023307725524,-0.0036996687124366545,0.024895995168211654,245.9077606201172,0
2022-05-20,MSFT,245.9077606201172,250.59543151855468,262.7918846130371,31.092986481450836,-0.002291240644590853,0.024971025962979076,253.78468322753906,1
2022-05-23,MSFT,253.78468322753906,250.54822998046876,261.84657287597656,38.93981686386768,0.032032021224374096,0.025565092010564765,252.78184509277344,0
2022-05-24,MSFT,252.78184509277344,249.26690368652345,261.3611030578613,32.36383387419181,-0.00395153136119919,0.02462512429611058,255.60545349121094,1
2022-05-25,MSFT,255.60545349121094,250.9104461669922,260.3854049682617,40.65209369602325,0.011170139206006624,0.022530014557492452,258.8963623046875,1
2022-05-26,MSFT,258.8963623046875,253.3952209472656,259.2629196166992,44.990316242490145,0.012874955399140964,0.021468746864142005,266.04302978515625,1
2022-05-27,MSFT,266.04302978515625,257.4222747802734,259.08594818115233,57.4483920106266,0.027604356495585014,0.02198986047395773,264.7091369628906,0
2022-05-31,MSFT,264.7091369628906,259.60716552734374,258.50472259521484,52.98349181400862,-0.005013823603432943,0.022199911610223468,265.2446594238281,1
2022-06-01,MSFT,265.2446594238281,262.0997283935547,258.08092346191404,61.79248633976042,0.002023059978517372,0.02147792751766647,267.3477783203125,1
2022-06-02,MSFT,267.3477783203125,264.448193359375,257.36400604248047,69.53087353832225,0.007928977348885535,0.013275827186424907,262.90789794921875,0
2022-06-03,MSFT,262.90789794921875,265.25050048828126,257.0385314941406,59.95708499570755,-0.016607133969799737,0.015036186475954358,261.67138671875,0
2022-06-06,MSFT,261.67138671875,264.376171875,256.7784851074219,58.21900463259766,-0.004703210668504099,0.01521255960719321,265.3226013183594,1
2022-06-07,MSFT,265.3226013183594,264.4988647460938,257.1939865112305,56.80915182801701,0.013953434670080256,0.012683524242931758,263.28759765625,0
2022-06-08,MSFT,263.28759765625,264.1074523925781,257.2687744140625,71.0034759747099,-0.007669922019449715,0.01301003763807878,257.8156433105469,0
2022-06-09,MSFT,257.8156433105469,262.201025390625,257.50466537475586,63.80929734758099,-0.020783183083493917,0.014884810527727629,246.32644653320312,0
2022-06-10,MSFT,246.32644653320312,258.8847351074219,257.41865997314454,51.01823891293002,-0.04456361386692376,0.01998504683353158,235.87905883789062,0
2022-06-13,MSFT,235.87905883789062,253.72626953125,256.53003692626953,34.14755451154299,-0.042412773140476645,0.019639594837254946,238.05032348632812,1
2022-06-14,MSFT,238.05032348632812,248.27181396484374,255.7315185546875,37.419350764026724,0.00920499114730533,0.020671858073054706,245.1288299560547,1
2022-06-15,MSFT,245.1288299560547,244.6400604248047,255.02853622436524,42.15995731990879,0.029735336487089814,0.02409147625722456,238.51771545410156,0
2022-06-16,MSFT,238.51771545410156,240.7804748535156,254.58503494262695,34.89942262188377,-0.026969959033942836,0.024121047283142565,241.12705993652344,1
2022-06-17,MSFT,241.12705993652344,239.7405975341797,254.3177635192871,30.42590302825299,0.010939835129034625,0.024977663380624637,247.05670166015625,1
2022-06-21,MSFT,247.05670166015625,241.97612609863282,254.37521057128907,37.53603442350591,0.024591357457739438,0.027079341790596113,246.4627685546875,0
2022-06-22,MSFT,246.4627685546875,243.6586151123047,254.00911483764648,36.71076621810657,-0.002404035597810883,0.02626227519863063,252.04180908203125,1
2022-06-23,MSFT,252.04180908203125,245.0412109375,253.97211303710938,40.06901801935148,0.02263644346795446,0.027879499505772974,260.64898681640625,1
2022-06-24,MSFT,260.64898681640625,249.46746520996095,254.22428970336915,49.2712503296469,0.034149801438592364,0.029566588761653842,257.9129638671875,0
2022-06-27,MSFT,257.9129638671875,252.82464599609375,254.17511978149415,48.32131896517191,-0.010496963685287297,0.025329597346431813,249.7245330810547,0
2022-06-28,MSFT,249.7245330810547,253.35821228027345,253.35919494628905,41.23621128606087,-0.03174881426413856,0.023256103091923153,253.4049835205078,1
2022-06-29,MSFT,253.4049835205078,254.7466552734375,252.79398727416992,44.86999097980727,0.01473804112893684,0.023407115514952403,250.06527709960938,0
2022-06-30,MSFT,250.06527709960938,254.35134887695312,252.03501815795897,45.943672200016394,-0.013179324157325256,0.022597280280751624,252.74282836914062,1
2022-07-01,MSFT,252.74282836914062,252.7701171875,251.30477066040038,55.193688486739426,0.01070740928363545,0.020202675345915976,255.9267578125,1
2022-07-05,MSFT,255.9267578125,252.3728759765625,250.95571365356446,66.627640095411,0.012597506579728135,0.020254505997365876,259.19818115234375,1
2022-07-06,MSFT,259.19818115234375,254.26760559082032,250.83205337524413,67.09099088474765,0.012782654568071816,0.019386091601806977,261.3305358886719,1
2022-07-07,MSFT,261.3305358886719,255.85271606445312,250.63245010375977,64.09386984241664,0.008226734951796821,0.019227115253686616,260.61004638671875,0
2022-07-08,MSFT,260.61004638671875,257.961669921875,250.4985725402832,71.41568372663288,-0.0027570046474020282,0.018453150261309826,257.5429992675781,0
2022-07-11,MSFT,257.5429992675781,258.9217041015625,250.48494033813478,65.99622298062724,-0.011768721742175026,0.015447852428351323,246.988525390625,0
2022-07-12,MSFT,246.988525390625,257.1340576171875,250.51804428100587,50.545938695860386,-0.04098140468569833,0.019881978564399116,246.06358337402344,0
2022-07-13,MSFT,246.06358337402344,254.50713806152345,251.0272705078125,50.251927668739775,-0.003744878492386361,0.01737504421753483,247.3877410888672,1
2022-07-14,MSFT,247.3877410888672,251.7185791015625,251.49414138793946,46.226773520292134,0.005381364022611246,0.016649949493276858,249.95819091796875,1
2022-07-15,MSFT,249.95819091796875,249.5882080078125,251.73560943603516,39.48475116009819,0.010390368648777182,0.016602791001726985,247.55328369140625,0
2022-07-18,MSFT,247.55328369140625,247.59026489257812,252.1873878479004,39.6680658099817,-0.009621237926752846,0.01640074243418965,252.6941680908203,1
2022-07-19,MSFT,252.6941680908203,248.73139343261718,252.76574325561523,53.81051855526664,0.02076677926770132,0.017380061342097675,255.3619842529297,1
2022-07-20,MSFT,255.3619842529297,250.59107360839843,253.1810073852539,52.697326657435134,0.010557490037326644,0.01719537354122102,257.86431884765625,1
2022-07-21,MSFT,257.86431884765625,252.68638916015624,253.75108489990234,59.506024311212094,0.009799166473612786,0.01729960350384012,253.50230407714844,0
2022-07-22,MSFT,253.50230407714844,253.39521179199218,253.8241096496582,51.33667237601486,-0.016915930013119973,0.018006379375406712,252.0126190185547,0
2022-07-25,MSFT,252.0126190185547,254.28707885742188,253.3922912597656,45.942372962012506,-0.00587641624803692,0.01776834343841337,245.26515197753906,0
2022-07-26,MSFT,245.26515197753906,252.80127563476563,252.7599006652832,35.476821209262184,-0.026774322124396566,0.014591300887902885,261.6615905761719,1
2022-07-27,MSFT,261.6615905761719,254.06119689941406,253.35675354003905,51.095667269789494,0.066851888523219,0.025729711157700744,269.1296081542969,1
2022-07-28,MSFT,269.1296081542969,256.3142547607422,254.14298477172852,56.83001458988562,0.028540748230111435,0.026648143180214173,273.34552001953125,1
2022-07-29,MSFT,273.34552001953125,260.28289794921875,255.3069969177246,61.777558489175156,0.015664987193892532,0.02673579655209046,270.68743896484375,0
2022-08-01,MSFT,270.68743896484375,264.0178619384766,256.20422744750977,69.80295955762352,-0.009724253225359525,0.026743915443618937,267.5814514160156,0
2022-08-02,MSFT,267.5814514160156,268.4811218261719,256.78696212768557,67.63034236832716,-0.01147444285078747,0.027146854762831463,275.02996826171875,1
2022-08-03,MSFT,275.02996826171875,271.15479736328126,257.5785514831543,70.31453043420643,0.027836446832492534,0.028001044530854554,276.17889404296875,1
2022-08-04,MSFT,276.17889404296875,272.5646545410156,258.32096939086915,69.6174554183345,0.004177456691398351,0.02801271764568026,275.45831298828125,0
2022-08-05,MSFT,275.45831298828125,272.9872131347656,259.0633827209473,71.51273653767561,-0.0026091097843826683,0.026989107162995327,272.9366149902344,0
2022-08-08,MSFT,272.9366149902344,273.4370483398437,259.83306350708006,66.44577453381675,-0.00915455398927878,0.027204354183894677,274.8644104003906,1
2022-08-09,MSFT,274.8644104003906,274.8936401367188,261.2268577575684,65.96219751514832,0.007063161570407983,0.024301920545486085,281.5437316894531,1
2022-08-10,MSFT,281.5437316894531,276.19639282226564,263.00086517333983,67.88305254310342,0.024300422449500925,0.015820850389663507,279.46014404296875,0
2022-08-11,MSFT,279.46014404296875,276.85264282226564,264.60448532104493,70.49341400283959,-0.007400582616353901,0.01453006376283685,284.2212829589844,1
2022-08-12,MSFT,284.2212829589844,278.60523681640626,266.3176399230957,74.03910954122887,0.017036915701594824,0.014659726085158038,285.740234375,1
2022-08-15,MSFT,285.740234375,281.16596069335935,268.2269874572754,82.98208711148641,0.0053442564195125275,0.013843405702567788,285.000244140625,0
2022-08-16,MSFT,285.000244140625,283.19312744140626,269.8422912597656,75.15995149467042,-0.002589730620168318,0.012883943378158094,284.24896240234375,0
2022-08-17,MSFT,284.24896240234375,283.7341735839844,271.2866401672363,68.9898548463041,-0.002636074016520995,0.010662834933353026,283.1268615722656,0
2022-08-18,MSFT,283.1268615722656,284.46751708984374,272.5497673034668,63.38641290125672,-0.003947598684599041,0.010899976106665451,279.2044372558594,0
2022-08-19,MSFT,279.2044372558594,283.4641479492187,273.83487396240236,61.50893780149683,-0.013853946229701264,0.012013440625692632,271.0082702636719,0
2022-08-22,MSFT,271.0082702636719,280.51775512695315,274.7846565246582,54.517197122964376,-0.029355432430597905,0.015250686197128754,269.7300720214844,0
2022-08-23,MSFT,269.7300720214844,277.463720703125,276.00790252685545,43.16570881837738,-0.00471645474488247,0.015046243994752986,269.09588623046875,0
2022-08-24,MSFT,269.09588623046875,274.43310546875,276.37961730957034,40.605155256369436,-0.0023511868226732124,0.011956007196790843,272.08160400390625,1
2022-08-25,MSFT,272.08160400390625,272.22405395507815,276.52721710205077,46.03628275610791,0.011095367585368221,0.01284586349939893,261.5827941894531,0
2022-08-26,MSFT,261.5827941894531,268.69972534179686,275.9390808105469,38.078949240311864,-0.03858698882965417,0.015222386472119518,258.792236328125,0
2022-08-29,MSFT,258.792236328125,266.2565185546875,275.3443206787109,33.22750419832141,-0.010667971760050299,0.01446752058750616,256.5870361328125,0
2022-08-30,MSFT,256.5870361328125,263.62791137695314,274.79459991455076,21.173794103752897,-0.008521121910769036,0.014260958362707998,255.12342834472656,0
2022-08-31,MSFT,255.12342834472656,260.8334197998047,273.79927291870115,21.40345217440978,-0.005704137707597812,0.014108654055443152,254.07937622070312,0
2022-09-01,MSFT,254.07937622070312,257.23297424316405,272.6942970275879,11.459168710462578,-0.0040923412279201266,0.014101073695943359,249.8447723388672,0
2022-09-02,MSFT,249.8447723388672,254.88536987304687,271.4136199951172,7.168252726705475,-0.01666646047712894,0.014199221496081894,247.10299682617188,0
2022-09-06,MSFT,247.10299682617188,252.54752197265626,270.12193908691404,6.799923238493207,-0.010973915871958284,0.012659028167590876,251.8255157470703,1
2022-09-07,MSFT,251.8255157470703,251.5952178955078,268.96999435424806,16.814826848162724,0.01911154045703678,0.015502830575852106,252.24508666992188,1
2022-09-08,MSFT,252.24508666992188,251.01954956054686,267.5050621032715,17.97050459243897,0.001666117595775951,0.015680110141355827,258.0408630371094,1
2022-09-09,MSFT,258.0408630371094,251.8118469238281,266.4340980529785,29.412312688272323,0.022976766143205873,0.017492899740398495,260.177734375,1
2022-09-12,MSFT,260.177734375,253.8784393310547,265.2319206237793,38.16597961687346,0.008281135447850918,0.013318016468891074,245.8735809326172,0
2022-09-13,MSFT,245.8735809326172,253.63255615234374,263.2385879516602,29.27153294318792,-0.054978391893312106,0.021776955885266517,246.0979766845703,1
2022-09-14,MSFT,246.0979766845703,252.48704833984374,261.2934745788574,29.89408764808543,0.0009126468614562011,0.02180649714808706,239.4240264892578,0
2022-09-15,MSFT,239.4240264892578,249.92283630371094,259.05222778320314,22.995102051571152,-0.027119077877940767,0.023016226714592265,238.799560546875,0
2022-09-16,MSFT,238.799560546875,246.07457580566407,256.8358627319336,27.253577360864753,-0.0026082008206925744,0.023035303578749382,238.5849151611328,0
2022-09-19,MSFT,238.5849151611328,241.75601196289062,254.80488662719728,28.696547557617606,-0.0008988516781631706,0.02275745192181852,236.5651092529297,0
2022-09-20,MSFT,236.5651092529297,239.89431762695312,253.08272857666014,28.70515832107216,-0.008465773734433357,0.022690218509089748,233.1501007080078,0
2022-09-21,MSFT,233.1501007080078,237.30474243164062,251.25373001098632,27.40774219505728,-0.014435808203950407,0.021313287062650614,235.13079833984375,1
2022-09-22,MSFT,235.13079833984375,236.44609680175782,249.55547561645508,31.09649179274571,0.008495375407607142,0.021743517033190603,232.1450958251953,0
2022-09-23,MSFT,232.1450958251953,235.11520385742188,247.55865020751952,31.73383606559939,-0.012698049493002128,0.019081774442535504,231.68646240234375,0
2022-09-26,MSFT,231.68646240234375,233.73551330566406,246.06383361816407,33.28049847792096,-0.0019756326155471182,0.018225400384926933,230.6717529296875,0
2022-09-27,MSFT,230.6717529296875,232.5568420410156,244.65780944824218,24.91710259614318,-0.004379666650070058,0.009895919606841304,235.2186279296875,1
2022-09-28,MSFT,235.2186279296875,232.97054748535157,243.58938903808593,32.12641779314268,0.019711451195266072,0.012785614409299668,231.7352752685547,0
2022-09-29,MSFT,231.7352752685547,232.29144287109375,242.41998138427735,20.80480679401468,-0.01480900000051899,0.010797148662483758,227.2469482421875,0
2022-09-30,MSFT,227.2469482421875,231.3118133544922,241.07835998535157,15.257278291821507,-0.019368337518600565,0.01193484819126109,234.89666748046875,1
2022-10-03,MSFT,234.89666748046875,231.9538543701172,240.33095474243163,37.030720017705036,0.03366258291895119,0.01710219353799453,242.8390350341797,1
2022-10-04,MSFT,242.8390350341797,234.38731079101564,240.11775665283204,47.26417042940305,0.03381217638760803,0.02012686855503846,243.15127563476562,1
2022-10-05,MSFT,243.15127563476562,235.97384033203124,239.6840446472168,54.90582814013827,0.0012857924614220195,0.019224616613673126,240.79977416992188,0
2022-10-06,MSFT,240.79977416992188,237.7867401123047,239.1117790222168,52.794505035515414,-0.009670940276603424,0.019645565082106096,228.5543975830078,0
2022-10-07,MSFT,228.5543975830078,238.04822998046876,237.63745574951173,41.505825058227195,-0.05085294049434219,0.025707462290523873,223.68551635742188,0
2022-10-10,MSFT,223.68551635742188,235.80599975585938,235.8128448486328,39.34394989802746,-0.021302942656430957,0.026482227465834694,219.938720703125,0
2022-10-11,MSFT,219.938720703125,231.22593688964844,234.5161018371582,38.97791430618217,-0.016750282786794135,0.0268305564536847,220.27047729492188,1
2022-10-12,MSFT,220.27047729492188,226.6497772216797,233.22472686767577,37.214554875710476,0.001508404662609042,0.02560011427197093,228.5543975830078,1
2022-10-13,MSFT,228.5543975830078,224.20070190429686,232.68124542236328,47.83999162905535,0.037607946329523356,0.02881675797819434,223.01226806640625,0
2022-10-14,MSFT,223.01226806640625,223.09227600097657,231.89188079833986,44.15263435738159,-0.024248623413989367,0.029201034821583923,231.7645721435547,1
2022-10-17,MSFT,231.7645721435547,224.7080871582031,231.55086364746094,51.51790958144041,0.039245841285028726,0.02999063897728606,232.7110137939453,1
2022-10-18,MSFT,232.7110137939453,227.26254577636718,231.35815887451173,49.05961626269018,0.004083633842899781,0.02753643054648567,230.74002075195312,0
2022-10-19,MSFT,230.74002075195312,229.35645446777343,231.23765487670897,50.08987213175469,-0.008469702442779115,0.027504715179776432,230.4180145263672,0
2022-10-20,MSFT,230.4180145263672,229.72917785644532,231.00201568603515,53.26093113444353,-0.0013955369533926731,0.027469187707742603,236.24314880371094,1
2022-10-21,MSFT,236.24314880371094,232.37535400390624,231.20691833496093,51.83901378867966,0.02528072420603711,0.023291102204171393,241.2486114501953,1
2022-10-24,MSFT,241.2486114501953,234.27216186523438,231.6850257873535,49.526252034847914,0.021187757917345174,0.022097384063586942,244.57583618164062,1
2022-10-25,MSFT,244.57583618164062,236.64512634277344,232.38022994995117,51.818286071634645,0.013791684484502076,0.020369491758432674,225.70530700683594,0
2022-10-26,MSFT,225.70530700683594,235.63818359375,231.9045639038086,41.61954164192409,-0.07715614702341234,0.03460041837170022,221.24620056152344,0
2022-10-27,MSFT,221.24620056152344,233.80382080078124,231.38011016845704,45.7705582826622,-0.01975632077263223,0.032939243651644794,230.1448516845703,1
2022-10-28,MSFT,230.1448516845703,232.58416137695312,231.52500534057617,55.314425110032154,0.04022058277367968,0.03453304367316482,226.4956512451172,0
2022-10-31,MSFT,226.4956512451172,229.6335693359375,231.1049545288086,55.464393866270754,-0.015856102853235243,0.032572057218212574,222.6317596435547,0
2022-11-01,MSFT,222.6317596435547,225.2447540283203,230.09459075927734,52.53015233891816,-0.01705945160678135,0.0328323812608258,214.7576446533203,0
2022-11-02,MSFT,214.7576446533203,223.0552215576172,228.67490921020507,41.912459687936,-0.03536833649808657,0.034314824210670496,209.04962158203125,0
2022-11-03,MSFT,209.04962158203125,220.61590576171875,227.08740158081054,41.62973388005626,-0.02657890516774586,0.03481004748049481,216.01632690429688,1
2022-11-04,MSFT,216.01632690429688,217.79020080566406,226.460498046875,40.611958738463585,0.03332560599509082,0.03577328977525653,222.33901977539062,1
2022-11-07,MSFT,222.33901977539062,216.95887451171876,226.39317321777344,44.713063421391396,0.029269513845103567,0.0365959422036737,223.3147430419922,1
2022-11-08,MSFT,223.3147430419922,217.09547119140626,226.5619743347168,46.43594104218612,0.004388448179663884,0.03610510650481423,219.06056213378906,0
2022-11-09,MSFT,219.06056213378906,217.9560546875,226.50147857666016,44.26879564860399,-0.019050156967930998,0.02746155482805993,237.08226013183594,1
2022-11-10,MSFT,237.08226013183594,223.56258239746094,226.92787170410156,51.56524030753216,0.08226810806337803,0.037511600785198454,241.11203002929688,1
2022-11-11,MSFT,241.11203002929688,228.58172302246095,227.8328598022461,51.094426802570226,0.016997348916869992,0.035951063589957644,235.68698120117188,0
2022-11-14,MSFT,235.68698120117188,231.25131530761718,228.02898025512695,46.94676677295487,-0.022500116760933997,0.03644216123858206,236.09678649902344,1
2022-11-15,MSFT,236.09678649902344,233.80772399902344,228.19826889038086,57.14079934316871,0.001738769344674873,0.03567936733349809,236.52728271484375,1
2022-11-16,MSFT,236.52728271484375,237.3010681152344,228.48763198852538,60.62487753013343,0.0018233887136032134,0.032645464906234496,236.47836303710938,0
2022-11-17,MSFT,236.47836303710938,237.18028869628907,228.7906494140625,55.41578114016787,-0.00020682467228672063,0.030330183214309168,236.0282745361328,0
2022-11-18,MSFT,236.0282745361328,236.16353759765624,228.7799057006836,58.059415513735104,-0.001903296754916739,0.029721746748520177,236.84042358398438,1
2022-11-21,MSFT,236.84042358398438,236.39422607421875,228.55949630737305,62.12875542033586,0.0034408972799877535,0.028902850425094054,239.7562713623047,1
2022-11-22,MSFT,239.7562713623047,237.126123046875,228.31851806640626,72.54162053157665,0.012311444702708618,0.02894102424521246,242.25140380859375,1
2022-11-23,MSFT,242.25140380859375,238.270947265625,229.14582290649415,81.7801413183021,0.010406953829034782,0.027397257085254527,242.163330078125,0
2022-11-25,MSFT,242.163330078125,239.40794067382814,230.19167938232422,78.6983023879558,-0.0003635633440470798,0.010696532708115788,236.55665588378906,0
2022-11-28,MSFT,236.55665588378906,239.51361694335938,230.51226959228515,66.50420083718791,-0.023152449185957047,0.011973485495243161,235.15744018554688,0
2022-11-29,MSFT,235.15744018554688,239.17702026367186,230.94535903930665,63.83017659050959,-0.00591492846825481,0.00973283603663785,249.64869689941406,1
2022-11-30,MSFT,249.64869689941406,241.15550537109374,232.29620590209962,77.91097133652302,0.06162363692355699,0.021883976511697625,249.20835876464844,0
2022-12-01,MSFT,249.20835876464844,242.5468963623047,234.01874160766602,66.0031151714329,-0.0017638310963947745,0.02198568716311261,249.53126525878906,1
2022-12-02,MSFT,249.53126525878906,244.0204833984375,236.0428237915039,62.40714946580492,0.0012957289865449528,0.02194785004730483,244.8149871826172,0
2022-12-05,MSFT,244.8149871826172,245.67214965820312,237.4827568054199,63.95802619802868,-0.018900549681742818,0.02321492320213304,239.84432983398438,0
2022-12-06,MSFT,239.84432983398438,246.60952758789062,238.3580223083496,55.627784150494236,-0.020303729791366854,0.024448457904566182,239.1104736328125,0
2022-12-07,MSFT,239.1104736328125,244.50188293457032,239.14780883789064,54.10262846520889,-0.0030597187837621,0.024176559208041338,242.0752716064453,1
2022-12-08,MSFT,242.0752716064453,243.07526550292968,240.29854431152344,57.38403590005884,0.012399281087894343,0.024279958493371927,240.1378936767578,0
2022-12-09,MSFT,240.1378936767578,241.19659118652345,240.45132598876953,55.47063553987512,-0.008003204609999148,0.02441896328651043,247.07530212402344,1
2022-12-12,MSFT,247.07530212402344,241.64865417480468,240.74948959350587,60.908560026419245,0.028889269998361167,0.024618082002894497,251.390380859375,1
2022-12-13,MSFT,251.390380859375,243.9578643798828,241.534659576416,61.85191503519307,0.017464630006545745,0.024615937443866212,251.6839141845703,1
2022-12-14,MSFT,251.6839141845703,246.47255249023436,242.31401596069335,60.126714853808345,0.0011676394466322293,0.015398220692966388,243.65060424804688,0
2022-12-15,MSFT,243.65060424804688,246.7876190185547,242.67018203735353,52.08251551330626,-0.0319182493746194,0.018601308881944275,239.423583984375,0
2022-12-16,MSFT,239.423583984375,246.64475708007814,242.81744308471679,53.39644718567909,-0.01734869600146194,0.019149773666700443,235.27484130859375,0
2022-12-19,MSFT,235.27484130859375,244.2846649169922,242.77977142333984,50.8726164395298,-0.01732804516054698,0.019019481253944658,236.5958251953125,1
2022-12-20,MSFT,236.5958251953125,241.32575378417968,242.76754150390624,36.03590498659797,0.005614641494906314,0.018272516700223524,239.16920471191406,1
2022-12-21,MSFT,239.16920471191406,238.82281188964845,242.73818817138672,39.93824633042472,0.010876690298644132,0.01864364846204332,233.0634765625,0
2022-12-22,MSFT,233.0634765625,236.70538635253905,242.27879180908204,34.922765923812335,-0.02552890601768143,0.019709441636351792,233.59185791015625,1
2022-12-23,MSFT,233.59185791015625,235.5390411376953,241.8502182006836,38.91741214926683,0.0022671134724729924,0.019722745775659477,231.85995483398438,0
2022-12-27,MSFT,231.85995483398438,234.85606384277344,241.61538314819336,41.56758767589697,-0.007414227069669543,0.01633612862110932,229.48226928710938,0
2022-12-28,MSFT,229.48226928710938,233.4333526611328,241.33162460327148,40.0453434003736,-0.010254834857435613,0.014065698090181966,235.82276916503906,1
2022-12-29,MSFT,235.82276916503906,232.76406555175782,240.64032821655275,44.35853592251072,0.027629585055205075,0.01809914780658037,234.65843200683594,0
2022-12-30,MSFT,234.65843200683594,233.083056640625,239.9128318786621,45.01036370465625,-0.0049373398604621865,0.015716808489089764,234.423583984375,0
2023-01-03,MSFT,234.423583984375,233.24940185546876,239.1574478149414,35.972220718023706,-0.0010008079422183513,0.014964969453989107,224.1691436767578,0
2023-01-04,MSFT,224.1691436767578,231.71123962402345,238.12515563964843,22.970424342564385,-0.04374321104271095,0.019587187414418606,217.52528381347656,0
2023-01-05,MSFT,217.52528381347656,229.31984252929686,237.00920333862305,19.697671503595217,-0.02963770907231289,0.020676697777572823,220.08888244628906,1
2023-01-06,MSFT,220.08888244628906,226.17306518554688,236.05812377929686,27.0112368730032,0.011785290371167711,0.02077149504452298,222.23178100585938,1
2023-01-09,MSFT,222.23178100585938,223.68773498535157,235.0659492492676,32.68747221205423,0.009736514337989277,0.020472043596894914,223.92449951171875,1
2023-01-10,MSFT,223.92449951171875,221.58791809082032,234.25527954101562,38.136384113033856,0.007616905638778704,0.02073835455805119,230.69557189941406,1
2023-01-11,MSFT,230.69557189941406,222.89320373535156,233.43629302978516,44.97753987480283,0.030238193687872617,0.023312362217388825,233.37660217285156,1
2023-01-12,MSFT,233.37660217285156,226.06346740722657,232.53560409545898,45.160975118140115,0.011621507302300715,0.023296326779682377,234.0811004638672,1
2023-01-13,MSFT,234.0811004638672,228.86191101074218,231.65546340942382,51.72364774382749,0.0030187186052774706,0.021511394091364756,235.17701721191406,1
2023-01-17,MSFT,235.17701721191406,231.45095825195312,231.23178405761718,52.296996788213626,0.004681782279197799,0.02150749143106169,230.73472595214844,0
2023-01-18,MSFT,230.73472595214844,232.81300354003906,230.79734115600587,49.503109407112795,-0.018889138540960193,0.022366626511531713,226.93821716308594,0
2023-01-19,MSFT,226.93821716308594,232.06153259277343,230.38050994873046,48.11446344163065,-0.01645399830214478,0.017824011422135997,235.04981994628906,1
2023-01-20,MSFT,235.04981994628906,232.39617614746095,230.3032096862793,49.952064472519744,0.03574366135684337,0.017164629075987047,237.35902404785156,1
2023-01-23,MSFT,237.35902404785156,233.0517608642578,230.21270065307618,53.1073768851542,0.00982431767907821,0.017126595290699508,236.83062744140625,0
2023-01-24,MSFT,236.83062744140625,233.38248291015626,230.40105819702148,52.830719031907826,-0.0022261492208477396,0.01738544791159624,235.43141174316406,0
2023-01-25,MSFT,235.43141174316406,234.3218200683594,230.49303588867187,62.9575644521117,-0.005908085931953022,0.01781129576167269,242.662353515625,1
2023-01-26,MSFT,242.662353515625,237.46664733886718,231.0331558227539,78.09238377204335,0.030713581161163406,0.01788612929927185,242.81890869140625,1
2023-01-27,MSFT,242.81890869140625,239.0204650878906,231.69998779296876,76.78949703252925,0.0006451564221361394,0.017785644782864436,237.48623657226562,0
2023-01-30,MSFT,237.48623657226562,239.04590759277343,231.78316116333008,67.2055677503668,-0.021961519174430566,0.01961672603399294,242.47645568847656,1
2023-01-31,MSFT,242.47645568847656,240.1750732421875,232.1740623474121,69.26863476742308,0.021012666621176734,0.020557437039740157,247.31011962890625,1
2023-02-01,MSFT,247.31011962890625,242.55081481933593,232.81838912963866,67.70599937331292,0.019934570252213568,0.019553276311737727,258.9051208496094,1
2023-02-02,MSFT,258.9051208496094,245.79936828613282,234.55518798828126,72.49285197028703,0.04688445922917217,0.021249065323450823,252.7896270751953,0
2023-02-03,MSFT,252.7896270751953,247.79351196289062,236.3184051513672,65.54754075656422,-0.023620597979467473,0.02258427816550664,251.2435760498047,0
2023-02-06,MSFT,251.2435760498047,250.54497985839845,237.87613983154296,63.384740725508536,-0.006115959120944203,0.022963692460281928,261.8014221191406,1
2023-02-07,MSFT,261.8014221191406,254.40997314453125,239.85462188720703,73.050090682556,0.042022352313768385,0.025354833671861456,260.9892272949219,0
2023-02-08,MSFT,260.9892272949219,257.1457946777344,241.70785827636718,76.66627419944226,-0.003102331597912955,0.025169649104134224,257.9461364746094,0
2023-02-09,MSFT,257.9461364746094,256.95399780273436,243.07038650512695,69.63155718638318,-0.01165983305844942,0.024981080164051452,257.4374084472656,0
2023-02-10,MSFT,257.4374084472656,257.88355407714846,244.27342681884767,67.79927820410899,-0.0019722258076690924,0.025061702885185437,265.4804992675781,1
2023-02-13,MSFT,265.4804992675781,260.73093872070314,245.8433967590332,72.13582786611349,0.031242898492586768,0.02406001764643556,266.31219482421875,1
2023-02-14,MSFT,266.31219482421875,261.6330932617187,247.40015563964843,74.08066348482478,0.0031327934026610382,0.023935498877947676,264.1835632324219,0
2023-02-15,MSFT,264.1835632324219,262.27196044921874,249.0725975036621,68.32765991966315,-0.007992993310733998,0.02423279606572051,257.1502380371094,0
2023-02-16,MSFT,257.1502380371094,262.11278076171874,250.58319854736328,61.445269431353175,-0.026622872026011546,0.02177430045899094,253.1383056640625,0
2023-02-17,MSFT,253.1383056640625,261.2529602050781,251.48762283325195,62.94302839339293,-0.015601511410881619,0.02095933975627582,247.85108947753906,0
2023-02-21,MSFT,247.85108947753906,257.7270782470703,252.01222610473633,54.916189455892784,-0.020886669730420193,0.021960859542874488,246.7132110595703,0
2023-02-22,MSFT,246.7132110595703,253.80728149414062,252.50635528564453,50.22744473758412,-0.0045909760589205595,0.015887723909127988,249.9110565185547,1
2023-02-23,MSFT,249.9110565185547,250.9527801513672,253.23033752441407,42.24535633076684,0.012961792541430706,0.016966870895103767,244.46688842773438,0
2023-02-24,MSFT,244.46688842773438,248.41611022949218,253.32056427001953,42.615283415431556,-0.021784422692863514,0.017745752285747828,245.38894653320312,1
2023-02-27,MSFT,245.38894653320312,246.86623840332032,253.44906616210938,44.91613902071574,0.003771709581607885,0.017953985818629756,244.66307067871094,0
2023-02-28,MSFT,244.66307067871094,246.2286346435547,253.80790786743165,30.37132043613208,-0.0029580625563913054,0.012908179508782718,241.57315063476562,0
2023-03-01,MSFT,241.57315063476562,245.20062255859375,253.7627426147461,28.74402524186239,-0.01262928661597218,0.012339800441309735,246.32086181640625,1
2023-03-02,MSFT,246.32086181640625,244.48258361816406,253.7132797241211,38.08499248812195,0.01965330654158115,0.015452510107507852,250.42111206054688,1
2023-03-03,MSFT,250.42111206054688,245.67342834472657,253.28907928466796,43.600623634435415,0.01664597230581588,0.015364149339372196,251.97096252441406,1
2023-03-06,MSFT,251.97096252441406,246.98983154296874,253.2481460571289,35.545586553779216,0.0061889768443024185,0.014842515038619726,249.30287170410156,0
2023-03-07,MSFT,249.30287170410156,247.91779174804688,253.15111083984374,32.383302781550725,-0.010588882121899235,0.013562368923503761,248.86141967773438,0
2023-03-08,MSFT,248.86141967773438,249.3754455566406,252.50411071777344,33.523925431659734,-0.0017707458536263543,0.013469890323966454,247.5077667236328,0
2023-03-09,MSFT,247.5077667236328,249.61282653808593,251.83003768920898,38.091660874150264,-0.005439384521130242,0.012890938962022449,243.84890747070312,0
2023-03-10,MSFT,243.84890747070312,248.2983856201172,251.12517623901368,38.29331137161073,-0.014782805813989497,0.01177158917786214,249.07723999023438,1
2023-03-13,MSFT,249.07723999023438,247.71964111328126,250.7071678161621,51.97092868576624,0.021440869158535714,0.013614309313458795,255.81625366210938,1
2023-03-14,MSFT,255.81625366210938,249.0223175048828,250.22395553588868,60.6277044259161,0.027055919168444298,0.015658613768380875,260.3775634765625,1
2023-03-15,MSFT,260.3775634765625,251.32554626464844,249.92722396850587,61.67781951406256,0.017830414405481276,0.01488296201579901,270.9323425292969,1
2023-03-16,MSFT,270.9323425292969,256.0104614257813,250.2646629333496,76.07009073832282,0.04053643836207277,0.01791480905640085,274.10076904296875,1
2023-03-17,MSFT,274.10076904296875,262.0608337402344,251.11218948364257,76.97629646687396,0.011694530391214819,0.017769696527579277,267.0379943847656,0
2023-03-20,MSFT,267.0379943847656,265.6529846191406,251.80717391967772,69.40919780958173,-0.025767073484919467,0.020961410956050263,268.55853271484375,1
2023-03-21,MSFT,268.55853271484375,268.2014404296875,252.84254608154296,74.07745549880417,0.005694089837595229,0.020144296843138315,267.096923828125,0
2023-03-22,MSFT,267.096923828125,269.5453125,253.8617317199707,69.74972969222453,-0.005442422074411257,0.020367298164138868,272.3644714355469,1
2023-03-23,MSFT,272.3644714355469,269.83173828125,254.98440246582032,70.18456627815267,0.019721483616979008,0.020174347889448926,275.2189636230469,1
2023-03-24,MSFT,275.2189636230469,270.0553771972656,256.5220062255859,70.77083744030122,0.010480413148069134,0.018243593003383286,271.10888671875,0
2023-03-27,MSFT,271.10888671875,270.8695556640625,257.8080032348633,69.38939204438991,-0.01493384340305215,0.019785103383399862,269.9808654785156,0
2023-03-28,MSFT,269.9808654785156,271.1540222167969,259.0738929748535,68.65225161917779,-0.004160768220794586,0.019012429648753215,275.16015625,1
2023-03-29,MSFT,275.16015625,272.76666870117185,260.75324325561525,72.73560533271973,0.019183917950276186,0.019113993668312058,278.63262939453125,1
2023-03-30,MSFT,278.63262939453125,274.0203002929687,262.3688316345215,78.73533519303743,0.012619825456765321,0.015072098512022819,282.801513671875,1
2023-03-31,MSFT,282.801513671875,275.53681030273435,263.9878517150879,78.13654157204368,0.014961938543962772,0.01531714170306529,281.751953125,0
2023-04-03,MSFT,281.751953125,277.66542358398436,265.4769012451172,73.87258473477996,-0.0037112974865218806,0.011878950440191872,281.702880859375,0
2023-04-04,MSFT,281.702880859375,280.00982666015625,267.09690170288087,71.3407290428535,-0.00017416832458738707,0.01200930890978136,278.91705322265625,0
2023-04-05,MSFT,278.91705322265625,280.7612060546875,268.599683380127,59.55513806359191,-0.009889240849153436,0.012505045404677879,286.03857421875,1
2023-04-06,MSFT,286.03857421875,282.2423950195313,270.52622375488284,62.803959963251295,0.025532755755915515,0.013398754746293661,283.87078857421875,0
2023-04-10,MSFT,283.87078857421875,282.45625,272.5273178100586,70.21744237106682,-0.00757864791646401,0.013788027793367841,277.43585205078125,0
2023-04-11,MSFT,277.43585205078125,281.59302978515626,273.94524841308595,59.92094436716565,-0.02266854069683566,0.015074329354324685,278.0832824707031,1
2023-04-12,MSFT,278.0832824707031,280.8691101074219,275.0585998535156,62.41956446342343,0.0023336220432079724,0.014898587884823023,284.3121643066406,1
2023-04-13,MSFT,284.3121643066406,281.94813232421876,276.25532989501954,63.00935506929812,0.02239933943743533,0.01531411904208365,280.6827697753906,0
2023-04-14,MSFT,280.6827697753906,280.87697143554686,276.7428512573242,56.115589029397206,-0.012765526723420684,0.015711609749304568,283.2919921875,1
2023-04-17,MSFT,283.2919921875,280.76121215820314,277.2024124145508,63.56419647052808,0.009295983555375864,0.01524103352374528,282.8702392578125,0
2023-04-18,MSFT,282.8702392578125,281.84808959960935,277.9940246582031,64.5960346124404,-0.0014887569762591646,0.015192532654471185,282.9486999511719,1
2023-04-19,MSFT,282.9486999511719,282.8211730957031,278.71353302001955,60.00179791719735,0.0002773734471510636,0.015190978294928376,280.6533203125,0
2023-04-20,MSFT,280.6533203125,282.089404296875,279.39135284423827,52.97913926647447,-0.00811235265992738,0.015065241880515614,280.3100280761719,0
2023-04-21,MSFT,280.3100280761719,282.0148559570313,279.7886306762695,46.950721195039385,-0.0012231896488731353,0.012289579172895582,276.3960876464844,0
2023-04-24,MSFT,276.3960876464844,280.63567504882815,279.8474868774414,43.45535715034555,-0.01396289835418918,0.01277069908462317,270.16717529296875,0
2023-04-25,MSFT,270.16717529296875,278.0950622558594,279.80040130615237,37.384368722023034,-0.02253618134234414,0.012747626329726881,289.73675537109375,1
2023-04-26,MSFT,289.73675537109375,279.4526733398437,280.78819580078124,59.41961138776782,0.07243507675165861,0.02702667473362586,299.0163269042969,1
2023-04-27,MSFT,299.0163269042969,283.1252746582031,281.9810043334961,60.57001403025278,0.03202759526080112,0.027895427274731564,301.39996337890625,1
2023-04-28,MSFT,301.39996337890625,287.34326171875,283.11937103271487,63.93979705582412,0.007971593054088677,0.02715641316447961,299.7323913574219,0
2023-05-01,MSFT,299.7323913574219,292.0105224609375,283.9659149169922,69.09918224658752,-0.00553275455905744,0.027448818058717923,299.58526611328125,0
2023-05-02,MSFT,299.58526611328125,297.894140625,284.8575805664062,68.59553039310876,-0.0004908553375707614,0.027420425264037467,298.59454345703125,0
2023-05-03,MSFT,298.59454345703125,299.6656982421875,285.70216369628906,63.73580413411166,-0.0033069805771935856,0.02752799776924964,299.58526611328125,1
2023-05-04,MSFT,299.58526611328125,299.77948608398435,286.73557434082034,68.86794103690477,0.0033179529832652044,0.027123849188635883,304.7253112792969,1
2023-05-05,MSFT,304.7253112792969,300.4445556640625,287.66991119384767,70.15710527171797,0.017157202798057547,0.027137252076826317,302.76336669921875,0
2023-05-08,MSFT,302.76336669921875,301.0507507324219,288.61454010009766,68.37440527971599,-0.006438403727742514,0.026536466606237284,301.1448669433594,0
2023-05-09,MSFT,301.1448669433594,301.3626708984375,289.79999084472655,66.50165751062639,-0.005345758218718966,0.024728628786631773,306.3536376953125,1
2023-05-10,MSFT,306.3536376953125,302.91448974609375,291.21350860595703,71.85410148646353,0.01729656163434723,0.012843888531330025,304.195556640625,0
2023-05-11,MSFT,304.195556640625,303.8365478515625,292.2076782226562,69.90739012225748,-0.007044411389799943,0.00941994265436066,303.0773620605469,0
2023-05-12,MSFT,303.0773620605469,303.5069580078125,293.32740783691406,73.42262322663564,-0.0036759070133267624,0.009285470832030358,303.5579833984375,1
2023-05-15,MSFT,303.5579833984375,303.66588134765624,294.34070739746096,82.66316657719322,0.0015858041479013263,0.009033048320674558,305.7945251464844,1
2023-05-16,MSFT,305.7945251464844,304.59581298828124,295.4869216918945,73.14844387562056,0.007367757958489651,0.009199707928709774,308.68475341796875,1
2023-05-17,MSFT,308.68475341796875,305.0620361328125,296.7737243652344,66.83275075608674,0.009451537008714928,0.009252406434634503,313.128173828125,1
2023-05-18,MSFT,313.128173828125,306.8485595703125,298.3974670410156,68.91305009571211,0.014394687009823715,0.009887119114960381,312.9512939453125,0
2023-05-19,MSFT,312.9512939453125,308.82334594726564,300.02953033447267,72.42655479770721,-0.0005648801276808557,0.008900360326896315,315.7431945800781,1
2023-05-22,MSFT,315.7431945800781,311.26038818359376,301.9968856811523,75.0858695054391,0.008921198565977173,0.008462111460947932,309.9234313964844,0
2023-05-23,MSFT,309.9234313964844,312.08616943359374,303.9846984863281,65.69969072150724,-0.018431951292992133,0.010798336523144375,308.53729248046875,0
2023-05-24,MSFT,308.53729248046875,312.0566772460937,304.9247253417969,62.36236188091268,-0.0044725205505431465,0.009720815550426245,320.4029846191406,1
2023-05-25,MSFT,320.4029846191406,313.5116394042969,305.9940582275391,67.95114856452523,0.03845788638150771,0.014922947490424469,327.2550048828125,1
2023-05-26,MSFT,327.2550048828125,316.37238159179685,307.28681030273435,75.04020555030043,0.021385631821803308,0.015345840383217993,325.6033630371094,0
2023-05-30,MSFT,325.6033630371094,318.34441528320315,308.5803588867187,75.18203003708379,-0.005046956718949391,0.015781875298537102,322.8311462402344,0
2023-05-31,MSFT,322.8311462402344,320.92595825195315,309.7426528930664,68.02018737246229,-0.008514091411761737,0.016538110383932353,326.9501953125,1
2023-06-01,MSFT,326.9501953125,324.60853881835936,311.16043548583986,73.74293393317141,0.012759143968099185,0.01665727840780511,329.7225341796875,1
2023-06-02,MSFT,329.7225341796875,326.4724487304687,312.6672988891602,76.83187504396804,0.008479391989772989,0.0164250705115531,330.2533264160156,1
2023-06-05,MSFT,330.2533264160156,327.0721130371094,313.9436996459961,76.83535491437718,0.0016098148634235976,0.01635306969768848,328.0316162109375,0
2023-06-06,MSFT,328.0316162109375,327.557763671875,315.20711212158204,72.51693854929471,-0.0067272909229669775,0.016735133693521205,317.906005859375,0
2023-06-07,MSFT,317.906005859375,326.57273559570314,316.0451690673828,58.68673461643384,-0.030867787893503973,0.018904560184678513,319.754150390625,1
2023-06-08,MSFT,319.754150390625,325.13352661132814,316.71519470214844,56.62621216364117,0.0058134936024691886,0.018749755806203004,321.25823974609375,1
2023-06-09,MSFT,321.25823974609375,323.4406677246094,317.5683288574219,57.96573912715468,0.0047038931430014586,0.014318991408708459,326.2325744628906,1
2023-06-12,MSFT,326.2325744628906,322.6365173339844,318.72608947753906,59.47519550363017,0.015483913255355919,0.013451429290249952,328.63128662109375,1
2023-06-13,MSFT,328.63128662109375,322.75645141601564,319.97975463867186,67.59645151333885,0.007352767154390927,0.013529410681342497,331.62969970703125,1
2023-06-14,MSFT,331.62969970703125,325.5011901855469,321.2715133666992,70.98775271697522,0.009123942874601054,0.013297644428633432,342.20751953125,1
2023-06-15,MSFT,342.20751953125,329.9918640136719,322.9476516723633,69.8664285256695,0.031896479216317,0.015997470041226012,336.5351257324219,0
2023-06-16,MSFT,336.5351257324219,333.0472412109375,324.1179992675781,58.93905415582044,-0.016575888824997387,0.01725049434111472,332.32757568359375,0
2023-06-20,MSFT,332.32757568359375,334.2662414550781,325.08681335449216,56.3903336229375,-0.012502558357529447,0.0178686259435608,327.91363525390625,0
2023-06-21,MSFT,327.91363525390625,334.1227111816406,325.6953353881836,54.87288961644954,-0.01328189639577182,0.01828946732892559,333.9595642089844,1
2023-06-22,MSFT,333.9595642089844,334.58868408203125,326.8971420288086,56.27426421733745,0.018437564971632625,0.015431781463363747,329.3489074707031,0
2023-06-23,MSFT,329.3489074707031,332.0169616699219,327.93772277832034,50.175467118783615,-0.013806032922584643,0.016531262982970064,323.0375671386719,0
2023-06-26,MSFT,323.0375671386719,329.31744995117185,328.0694519042969,45.1120760384777,-0.019163082642357554,0.017934609536331032,328.9065246582031,1
2023-06-27,MSFT,328.9065246582031,328.63323974609375,328.1520278930664,51.101133991949176,0.018168034051011306,0.018198651726665658,330.16485595703125,1
2023-06-28,MSFT,330.16485595703125,329.08348388671874,328.3801025390625,60.381134934398965,0.003825802179314497,0.018094979415672254,329.3784484863281,0
2023-06-29,MSFT,329.3784484863281,328.1672607421875,328.7074676513672,58.377192074209745,-0.0023818630496683646,0.017857869874946832,334.77545166015625,1
2023-06-30,MSFT,334.77545166015625,329.2525695800781,329.09873046875,60.828068841952145,0.016385416831703026,0.015204050120918154,332.26861572265625,0
2023-07-03,MSFT,332.26861572265625,331.098779296875,329.2260345458984,55.24991247455758,-0.007488111583655699,0.014497119008117934,332.4259033203125,1
2023-07-05,MSFT,332.4259033203125,331.8026550292969,329.3346633911133,53.57232921666022,0.0004733748245051572,0.013941191682617886,335.4930725097656,1
2023-07-06,MSFT,335.4930725097656,332.86829833984376,329.7077362060547,53.598293086396986,0.0092266251180122,0.013341691105703532,331.5116882324219,0
2023-07-07,MSFT,331.5116882324219,333.2949462890625,330.38802032470704,40.66229576101015,-0.011867262258381972,0.012712925356256784,326.21282958984375,0
2023-07-10,MSFT,326.21282958984375,331.582421875,330.710954284668,40.8099753319661,-0.015983927054973424,0.012978977329065403,326.8420715332031,1
2023-07-11,MSFT,326.8420715332031,330.4971130371094,330.9901458740234,44.90662274729664,0.0019289307049956683,0.011280452195523347,331.4920349121094,1
2023-07-12,MSFT,331.4920349121094,330.3103393554687,331.25311889648435,53.906548164709136,0.01422694256309609,0.01067550406107655,336.8595886230469,1
2023-07-13,MSFT,336.8595886230469,330.583642578125,331.664533996582,53.221644022447286,0.01619210462284748,0.01172514285233067,339.3959045410156,1
2023-07-14,MSFT,339.3959045410156,332.1604858398438,332.05284423828124,60.72635260297896,0.0075292970829070605,0.011725794266181101,339.8776550292969,1
2023-07-17,MSFT,339.8776550292969,334.89345092773436,331.9363510131836,70.32098628068545,0.001419435184206952,0.010750942762141781,353.4046630859375,1
2023-07-18,MSFT,353.4046630859375,340.2059692382812,332.7798278808594,74.63760107916103,0.03979963924216978,0.015622243864920808,349.0693054199219,0
2023-07-19,MSFT,349.0693054199219,343.72142333984374,333.6169143676758,68.19464846326079,-0.012267403684374734,0.01663636233119516,340.99835205078125,0
2023-07-20,MSFT,340.99835205078125,344.54917602539064,334.27115020751955,60.24499246703676,-0.023121349381984402,0.0187395778913868,337.9507751464844,0
2023-07-21,MSFT,337.9507751464844,344.26015014648436,334.47071075439453,53.26497585211056,-0.00893721886328358,0.018524054807218013,339.2680969238281,1
2023-07-24,MSFT,339.2680969238281,344.13823852539065,334.96667022705077,56.746851410788466,0.0038979693914675817,0.017403032648313277,345.03875732421875,1
2023-07-25,MSFT,345.03875732421875,342.4650573730469,336.0667297363281,60.646501431032526,0.017009145430158856,0.017844953829425084,332.0523376464844,0
2023-07-26,MSFT,332.0523376464844,339.06166381835936,336.22402038574216,48.15613608565082,-0.03763756796031925,0.022084292176619117,325.12176513671875,0
2023-07-27,MSFT,325.12176513671875,335.8863464355469,335.97186584472655,46.1924359205275,-0.020871928078832536,0.022246883040623982,332.6422119140625,1
2023-07-28,MSFT,332.6422119140625,334.8246337890625,336.13505401611326,54.890805976478205,0.023131169868560786,0.023598180431741656,330.2337341308594,0
2023-07-31,MSFT,330.2337341308594,333.01776123046875,335.90796813964846,52.81414699093237,-0.007240445430375386,0.023627507775061726,330.6465759277344,1
2023-08-01,MSFT,330.6465759277344,330.1393249511719,335.82686614990234,50.03472091427739,0.0012501502851050006,0.018532209731970044,321.95623779296875,0
2023-08-02,MSFT,321.95623779296875,328.12010498046874,335.30338287353516,40.81536643953064,-0.02628286142199454,0.019522170446856404,321.13043212890625,0
2023-08-03,MSFT,321.13043212890625,327.32183837890625,334.5852508544922,38.3742295275318,-0.002564962461120368,0.018808221342780866,322.2314453125,1
2023-08-04,MSFT,322.2314453125,325.23968505859375,334.1212387084961,38.91860746489713,0.003428554485772839,0.018986501947336348,324.52203369140625,1
2023-08-07,MSFT,324.52203369140625,324.09734497070315,334.03669891357424,28.665325144508458,0.007108519085357479,0.019172178695069434,320.5307312011719,0
2023-08-08,MSFT,320.5307312011719,322.0741760253906,333.7211318969727,28.660672488238973,-0.01229901848214654,0.01774539911167746,316.7754211425781,0
2023-08-09,MSFT,316.7754211425781,321.0380126953125,332.9853012084961,30.443285740838377,-0.011715912681822815,0.014378747344001637,317.4635925292969,1
2023-08-10,MSFT,317.4635925292969,320.3046447753906,332.01550140380857,32.83943332190866,0.002172426712390152,0.013287348834965502,315.5760803222656,0
2023-08-11,MSFT,315.5760803222656,318.97357177734375,330.8245101928711,30.28125330772218,-0.005945602114538762,0.00983706654691054,318.55474853515625,1
2023-08-14,MSFT,318.55474853515625,317.7801147460938,329.75836486816405,27.196330967006077,0.00943882758746728,0.010819326037561897,316.41168212890625,0
2023-08-15,MSFT,316.41168212890625,316.9563049316406,327.9087158203125,33.193293351987435,-0.006727466522174597,0.010720461987677714,315.6432800292969,0
2023-08-16,MSFT,315.6432800292969,316.72987670898436,326.23741455078124,38.22226137932327,-0.0024284883997940376,0.007450254948200743,312.1755065917969,0
2023-08-17,MSFT,312.1755065917969,315.67225952148436,324.79627227783203,21.350998857339803,-0.010986368653811196,0.007983919062971247,311.7814636230469,0
2023-08-18,MSFT,311.7814636230469,314.9133361816406,323.48780670166013,22.582914036869184,-0.0012622481918969086,0.007710733919637679,317.101318359375,1
2023-08-21,MSFT,317.101318359375,314.6226501464844,322.3794677734375,32.83350334634103,0.017062767858322614,0.009607803571851934,317.6727294921875,1
2023-08-22,MSFT,317.6727294921875,314.87485961914064,321.01116638183595,43.19750736512692,0.001801982835545779,0.008986903223380147,322.1452941894531,1
2023-08-23,MSFT,322.1452941894531,316.1752624511719,320.51581420898435,51.75052157841001,0.014079158461021146,0.009223266126965248,315.21966552734375,0
2023-08-24,MSFT,315.21966552734375,316.7840942382812,320.0207092285156,41.48784825939403,-0.021498462920387817,0.01177805205936584,318.1850280761719,1
2023-08-25,MSFT,318.1850280761719,318.06480712890624,319.29785003662107,42.54840325518339,0.009407289179966805,0.012008943070656548,318.894287109375,1
2023-08-28,MSFT,318.894287109375,318.42340087890625,318.7308776855469,48.12727824762278,0.002229077331172613,0.011649636571254568,323.53436279296875,1
2023-08-29,MSFT,323.53436279296875,319.5957275390625,318.3752670288086,59.15346839290929,0.01455051366913418,0.012181370239683761,323.9087219238281,1
2023-08-30,MSFT,323.9087219238281,319.9484130859375,318.47289123535154,58.80370864710319,0.0011570923336479133,0.012079211418043072,322.8940124511719,0
2023-08-31,MSFT,322.8940124511719,321.4832824707031,318.56107025146486,60.23257396438091,-0.0031327019125310107,0.011325600943805773,323.7806396484375,1
2023-09-01,MSFT,323.7806396484375,322.60240478515624,318.6385299682617,57.79228221733552,0.002745876860753782,0.011211064608723703,328.5980224609375,1
2023-09-05,MSFT,328.5980224609375,324.54315185546875,318.84232940673826,66.4663972799224,0.01487853880865364,0.01094289989767707,327.9380187988281,0
2023-09-06,MSFT,327.9380187988281,325.42388305664065,319.2126937866211,66.70537008573342,-0.0020085442303227063,0.011078812769439077,325.0120849609375,0
2023-09-07,MSFT,325.0120849609375,325.6445556640625,319.62452697753906,67.905424865745,-0.00892221599864429,0.01096571781914153,329.3073425292969,1
2023-09-08,MSFT,329.3073425292969,326.9272216796875,320.2167144775391,71.92993849216447,0.013215685714811576,0.008225154258885736,332.9228515625,1
2023-09-11,MSFT,332.9228515625,328.7556640625,321.0840530395508,70.51402547834141,0.0109791327622204,0.008345361455626265,326.844482421875,0
2023-09-12,MSFT,326.844482421875,328.4049560546875,321.49853973388673,60.73341188292703,-0.018257590646293953,0.011057542557626584,331.0707702636719,1
2023-09-13,MSFT,331.0707702636719,329.03150634765626,322.231494140625,60.40157637289674,0.012930577290094059,0.010872031102980382,333.6716003417969,1
2023-09-14,MSFT,333.6716003417969,330.76340942382814,323.13291015625,73.56596767702472,0.007855813051854899,0.010995444446184437,325.3175048828125,0
2023-09-15,MSFT,325.3175048828125,329.96544189453124,323.7900100708008,58.40620720898029,-0.025036878926545936,0.014102096373039589,324.1747131347656,0
2023-09-18,MSFT,324.1747131347656,328.2158142089844,324.40967254638673,56.265961234905404,-0.003512850464221229,0.014146830551795695,323.7707824707031,0
2023-09-19,MSFT,323.7707824707031,327.60107421875,324.74314575195314,50.65375713947012,-0.0012460276748809118,0.013174972185061843,316.0077819824219,0
2023-09-20,MSFT,316.0077819824219,324.5884765625,324.65989837646487,42.10216798885012,-0.023976840742211514,0.014993661985414769,314.7861633300781,0
2023-09-21,MSFT,314.7861633300781,320.81138916015624,324.2919418334961,41.89562335387482,-0.0038657866103174454,0.01487894813978311,312.3036193847656,0
2023-09-22,MSFT,312.3036193847656,318.2086120605469,324.14613952636716,38.72588996525435,-0.007886445576419265,0.013763825650761745,312.8257751464844,1
2023-09-25,MSFT,312.8257751464844,315.93882446289064,323.8781768798828,33.00159975288838,0.0016719491203700532,0.01283117555992574,307.5058898925781,0
2023-09-26,MSFT,307.5058898925781,312.68584594726565,323.30875701904296,29.836307301702305,-0.017005904489216572,0.012705238623904515,308.1462707519531,1
2023-09-27,MSFT,308.1462707519531,311.11354370117186,322.5393524169922,32.59387024949612,0.0020824994916315287,0.01129327572472501,308.983642578125,1
2023-09-28,MSFT,308.983642578125,309.9530395507812,321.79309844970703,27.50383876924259,0.0027174491650621135,0.01063531905697654,311.06231689453125,1
2023-09-29,MSFT,311.06231689453125,309.70477905273435,321.201513671875,25.216825374677995,0.006727457476590093,0.00953763230060397,317.0224609375,1
2023-10-02,MSFT,317.0224609375,310.5441162109375,320.8636047363281,39.17120471374273,0.019160610974904957,0.012124081212465356,308.73736572265625,0
2023-10-03,MSFT,308.73736572265625,310.7904113769531,319.8705718994141,27.012097642722864,-0.026134095326693974,0.014278249558369734,314.22467041015625,1
2023-10-04,MSFT,314.22467041015625,312.00609130859374,319.18490447998045,31.570474545070113,0.017773374060687352,0.014102263890138644,314.6186828613281,1
2023-10-05,MSFT,314.6186828613281,313.1330993652344,318.665234375,38.06034462593101,0.001253919530435299,0.014058387436549366,322.4014892578125,1
2023-10-06,MSFT,322.4014892578125,315.40093383789065,318.31994171142577,48.72292733996439,0.02473726711237534,0.01570454920645559,324.9234313964844,1
2023-10-09,MSFT,324.9234313964844,316.9811279296875,317.919970703125,51.55936943904039,0.00782236504079914,0.01575412926199299,323.5146484375,0
2023-10-10,MSFT,323.5146484375,319.93658447265625,317.75347900390625,58.63241803967997,-0.004335738278183232,0.014329877802009543,327.48486328125,1
2023-10-11,MSFT,327.48486328125,322.588623046875,317.57418365478514,63.47687619359397,0.012272133156644438,0.014446911042395346,326.2435302734375,0
2023-10-12,MSFT,326.2435302734375,324.91359252929686,317.20278015136716,65.23974710327803,-0.00379050498815392,0.014764292466396376,322.86444091796875,0
2023-10-13,MSFT,322.86444091796875,325.0061828613281,317.080126953125,60.54077661601328,-0.010357567405663515,0.015578790184658726,327.7015686035156,1
2023-10-16,MSFT,327.7015686035156,325.5618103027344,317.2564697265625,71.05493737138848,0.014981915232888277,0.015172946726554745,327.1301574707031,0
2023-10-17,MSFT,327.1301574707031,326.284912109375,317.4244384765625,69.85749645379275,-0.0017436936150398985,0.011380208427550295,325.2091369628906,0
2023-10-18,MSFT,325.2091369628906,325.82976684570315,317.88450622558594,66.72212119036652,-0.005872343053497153,0.011082786421385455,326.40118408203125,1
2023-10-19,MSFT,326.40118408203125,325.8612976074219,318.4652572631836,66.0600322511742,0.0036654785602676654,0.011054762126084944,321.8202209472656,0
2023-10-20,MSFT,321.8202209472656,325.65245361328124,318.9410873413086,55.45713817696722,-0.014034762611689344,0.009571017575110403,324.43084716796875,1
2023-10-23,MSFT,324.43084716796875,324.99830932617186,319.52134094238284,69.30504019897478,0.008112063974783368,0.00959819360980458,325.62286376953125,1
2023-10-24,MSFT,325.62286376953125,324.6968505859375,320.4271896362305,65.59514194920553,0.0036741777545750143,0.009540440144578466,335.61236572265625,1
2023-10-25,MSFT,335.61236572265625,326.7774963378906,321.8004943847656,72.52523977737508,0.030678134322273287,0.013125119673085191,323.0220947265625,0
2023-10-26,MSFT,323.0220947265625,326.1016784667969,322.5024169921875,51.11967371018452,-0.03751432391051446,0.01825856082585888,324.9136047363281,1
2023-10-27,MSFT,324.9136047363281,326.72035522460936,323.19498138427736,50.506927702788964,0.005855667586351254,0.01803814408795885,332.3022155761719,1
2023-10-30,MSFT,332.3022155761719,328.29462890625,323.95896911621094,58.17676440007264,0.022740232271405425,0.018864742084182273,333.09033203125,1
2023-10-31,MSFT,333.09033203125,329.7881225585937,325.17661743164064,55.67321328269722,0.0023716858273472585,0.0188296151378452,340.93212890625,1
2023-11-01,MSFT,340.93212890625,330.8520751953125,326.5119903564453,62.44951266310586,0.02354255323827381,0.019744140849171154,343.1487731933594,1
2023-11-02,MSFT,343.1487731933594,334.8774108886719,327.93849487304686,67.36414537820102,0.006501717201663038,0.01974466269343125,347.5622253417969,1
2023-11-03,MSFT,347.5622253417969,339.4071350097656,329.19653167724607,66.97793146035127,0.012861628812965487,0.018635211962149196,351.2369079589844,1
2023-11-06,MSFT,351.2369079589844,343.19407348632814,330.51220550537107,69.45627540604629,0.010572733022335079,0.018654817693801323,355.17755126953125,1
2023-11-07,MSFT,355.17755126953125,347.61151733398435,332.09535064697263,73.33821272735649,0.011219331514577213,0.018607168645262427,357.807861328125,1
2023-11-08,MSFT,357.807861328125,350.9866638183594,333.6115005493164,73.84418243847557,0.007405620229071541,0.016960841584104047,355.3351135253906,0
2023-11-09,MSFT,355.3351135253906,353.42393188476564,335.0660797119141,76.6134987375694,-0.006910825809013588,0.009034226089391185,364.1818542480469,1
2023-11-10,MSFT,364.1818542480469,356.74785766601565,337.13195037841797,78.51215373906903,0.024896894187813157,0.010097649099011303,361.2362060546875,0
2023-11-13,MSFT,361.2362060546875,358.7477172851562,338.8086822509766,75.1308854558117,-0.00808839913081738,0.010960675121277779,364.7728576660156,1
2023-11-14,MSFT,364.7728576660156,360.6667785644531,340.69081726074216,72.4007989038235,0.00979041289895699,0.010753620426452724,364.9210205078125,1
2023-11-15,MSFT,364.9210205078125,362.08941040039065,342.6764114379883,90.2070660786594,0.0004061783619122572,0.009763266950476735,371.3374938964844,1
2023-11-16,MSFT,371.3374938964844,365.2898864746094,344.92322692871096,90.90356562003966,0.017583183834526395,0.010329829012850346,365.0986633300781,0
2023-11-17,MSFT,365.0986633300781,365.47324829101564,347.08714904785154,79.9938469898213,-0.016800971269939735,0.012746469554207315,372.5911560058594,1
2023-11-20,MSFT,372.5911560058594,367.74423828125,349.4951644897461,82.04415674572981,0.0205218299279486,0.013589531151306917,368.2772521972656,0
2023-11-21,MSFT,368.2772521972656,368.4451171875,351.6278839111328,73.73205177102463,-0.011578116493258683,0.014498891284829575,372.995849609375,1
2023-11-22,MSFT,372.995849609375,370.0600830078125,353.49705810546874,74.69895600543047,0.012812622511862104,0.014750145570988039,372.5812683105469,0
2023-11-24,MSFT,372.5812683105469,370.308837890625,355.97501678466796,72.14138977011083,-0.001111490380556024,0.014371133975583554,373.74609375,1
2023-11-27,MSFT,373.74609375,372.0383239746094,358.41664123535156,70.77887837715201,0.003126366080439258,0.012526271651404295,377.7835998535156,1
2023-11-28,MSFT,377.7835998535156,373.0768127441406,360.6907104492187,70.69871689495302,0.010802804821329559,0.012142780021233113,373.9830322265625,0
2023-11-29,MSFT,373.9830322265625,374.21796875,362.7353454589844,64.69034307334063,-0.01006017103025858,0.012796806305038426,374.0422668457031,1
2023-11-30,MSFT,374.0422668457031,374.4272521972656,364.390852355957,67.75425903591363,0.00015838852043081886,0.012801701194129876,369.69879150390625,0
2023-12-01,MSFT,369.69879150390625,373.8507568359375,365.7183532714844,55.93156789222811,-0.011612258096993622,0.012310887438173082,364.39776611328125,0
2023-12-04,MSFT,364.39776611328125,371.98109130859376,366.5601303100586,53.44696183241,-0.01433876851222815,0.011965622823891738,367.7343444824219,1
2023-12-05,MSFT,367.7343444824219,369.971240234375,367.38500213623047,53.23624959245847,0.009156418286338619,0.010195072879473323,364.0621337890625,0
2023-12-06,MSFT,364.0621337890625,367.987060546875,367.82923126220703,49.556891767503465,-0.009986042229827463,0.010027165820053318,366.1845397949219,1
2023-12-07,MSFT,366.1845397949219,366.41551513671874,368.24806518554686,45.2574381204731,0.005829790601318274,0.009155500015900696,369.42236328125,1
2023-12-08,MSFT,369.42236328125,366.3602294921875,368.95242767333986,54.834420116796046,0.008842054031394708,0.009760180939749966,366.5299987792969,0
2023-12-11,MSFT,366.5299987792969,366.78667602539065,369.06983489990233,43.26714284850032,-0.007829424500083948,0.009883573985787738,369.5704650878906,1
2023-12-12,MSFT,369.5704650878906,367.1539001464844,369.4865478515625,51.79250667822354,0.008295272743622073,0.009551615435002922,369.5605773925781,0
2023-12-13,MSFT,369.5605773925781,368.2535888671875,369.72593383789064,45.67396090285163,-2.675456035194923e-05,0.009147315435028839,361.22894287109375,0
2023-12-14,MSFT,361.22894287109375,367.26246948242186,369.5413299560547,37.689734792144236,-0.022544705878175475,0.01134062270432617,365.96734619140625,1
2023-12-15,MSFT,365.96734619140625,366.57146606445315,369.27282257080077,42.38464966439433,0.013117452003294838,0.012031334972233309,367.8627014160156,1
2023-12-18,MSFT,367.8627014160156,366.8380065917969,369.41102447509763,39.83287239065525,0.005179028250291262,0.011170043885953034,368.4648742675781,1
2023-12-19,MSFT,368.4648742675781,366.61688842773435,369.20471038818357,44.043771583266036,0.0016369500067403564,0.010807420246260645,365.8587341308594,0
2023-12-20,MSFT,365.8587341308594,365.87651977539065,369.08378448486326,41.490265925894825,-0.007072967652341777,0.010536685913104069,368.74127197265625,1
2023-12-21,MSFT,368.74127197265625,367.3789855957031,368.87105560302734,49.23485766327958,0.007878827462311833,0.010670007076776447,369.76788330078125,1
2023-12-22,MSFT,369.76788330078125,368.13909301757815,368.7303863525391,56.925035870995686,0.002784096617753029,0.010325795002763101,369.8468322753906,1
2023-12-26,MSFT,369.8468322753906,368.5359191894531,368.5354232788086,53.11994592144103,0.00021350955065280175,0.009942024095914728,369.2644958496094,0
2023-12-27,MSFT,369.2644958496094,368.6958435058594,368.1094680786133,57.93348776975009,-0.001574534036694497,0.009615935617122045,370.4588623046875,1
2023-12-28,MSFT,370.4588623046875,369.615869140625,367.93325958251955,56.723502118201566,0.003234447038646726,0.009671608959278261,371.20916748046875,1
2023-12-29,MSFT,371.20916748046875,370.1094482421875,367.79160461425784,53.18685482797086,0.0020253400637075814,0.00540898881598334,366.10552978515625,0
2024-01-02,MSFT,366.10552978515625,369.3769775390625,367.6119415283203,49.66264448212412,-0.01374868441410737,0.006284369749862646,365.8389892578125,0
2024-01-03,MSFT,365.8389892578125,368.5754089355469,367.6840026855469,44.11361174638237,-0.0007280428883447154,0.00602139679069212,363.2131652832031,0
2024-01-04,MSFT,363.2131652832031,367.3651428222656,367.45794372558595,40.56592093827952,-0.007177539988114545,0.006306518281233897,363.0256042480469,0
2024-01-05,MSFT,363.0256042480469,365.8784912109375,367.40611724853517,53.92558284767588,-0.0005163938234727938,0.005985779195516466,369.8764953613281,1
2024-01-08,MSFT,369.8764953613281,365.61195678710936,367.5907150268555,57.57527729769381,0.018871647159631744,0.008307785677806186,370.9623718261719,1
2024-01-09,MSFT,370.9623718261719,366.5833251953125,367.66771545410154,56.22341950706973,0.002935781209300714,0.008312884155786935,377.8526306152344,1
2024-01-10,MSFT,377.8526306152344,368.9860534667969,368.2338470458984,64.71302244051819,0.01857400995994052,0.010111550213571172,379.6887512207031,1
2024-01-11,MSFT,379.6887512207031,372.2811706542969,368.73976135253906,72.10457168632185,0.004859356417551197,0.010049933057681945,383.47943115234375,1
2024-01-12,MSFT,383.47943115234375,376.37193603515624,369.43570404052736,72.77769948115433,0.009983650870492022,0.010303321848806963,385.25628662109375,1
2024-01-16,MSFT,385.25628662109375,379.44789428710936,370.63707122802737,73.34289105368443,0.004633509190859586,0.010294630005595946,384.4665832519531,0
2024-01-17,MSFT,384.4665832519531,382.14873657226565,371.56203308105466,71.62662200106256,-0.002049813063575767,0.00860958092839832,388.81005859375,1
2024-01-18,MSFT,388.81005859375,384.34022216796876,372.6094009399414,75.9324937387128,0.01129740666941248,0.00856988262493054,393.5484619140625,1
2024-01-19,MSFT,393.5484619140625,387.11216430664064,373.86358032226565,77.89861993952042,0.012186936051629793,0.0073231086504551395,391.4161376953125,0
2024-01-22,MSFT,391.4161376953125,388.6995056152344,375.1414505004883,73.76665827055555,-0.005418199853657768,0.008086535346799624,393.77545166015625,1
2024-01-23,MSFT,393.77545166015625,390.40333862304686,376.3931594848633,84.90403465691645,0.006027635903658846,0.007048490649371198,397.3883972167969,1
2024-01-24,MSFT,397.3883972167969,392.9877014160156,377.77418518066406,86.66576732260323,0.009175141673785081,0.006993240516582162,399.66876220703125,1
2024-01-25,MSFT,399.66876220703125,395.15944213867186,379.2652816772461,92.88806277386628,0.005738378388008947,0.005670904423451852,398.7408142089844,0
2024-01-26,MSFT,398.7408142089844,396.1979125976562,380.73909759521484,91.4179550454324,-0.0023217926588072757,0.006210252236738705,404.4564208984375,1
2024-01-29,MSFT,404.4564208984375,398.80596923828125,382.43897552490233,91.0624447760666,0.014334140087444158,0.006734256586617121,403.3409729003906,0
2024-01-30,MSFT,403.3409729003906,400.7190734863281,384.0455657958984,88.5260085054536,-0.0027578941522774514,0.007211610847884852,392.472412109375,0
2024-01-31,MSFT,392.472412109375,399.7358764648437,385.36390991210936,66.45376709658211,-0.026946334543849426,0.012284085546314383,398.5927734375,1
2024-02-01,MSFT,398.5927734375,399.5206787109375,387.00159912109376,69.25701125307936,0.01559437336048819,0.012708165276717837,405.93719482421875,1
2024-02-02,MSFT,405.93719482421875,400.9599548339844,389.1378005981445,71.15273911301043,0.018425876925413975,0.013369191132858957,400.43878173828125,0
2024-02-05,MSFT,400.43878173828125,400.15642700195315,391.0084594726562,63.62678298405679,-0.013544984682466565,0.014173106278833779,400.28076171875,0
2024-02-06,MSFT,400.28076171875,399.544384765625,392.52867279052737,64.35730509689435,-0.000394617171806666,0.014134529310135297,408.7308044433594,1
2024-02-07,MSFT,408.7308044433594,402.7960632324219,394.4170944213867,66.62880326912102,0.021110289408679206,0.015289718831699507,408.7900695800781,1
2024-02-08,MSFT,408.7900695800781,404.8355224609375,395.9639663696289,63.797543770989485,0.00014499796950584454,0.015277616830760586,415.14727783203125,1
2024-02-09,MSFT,415.14727783203125,406.6775390625,397.7368927001953,69.77292203042347,0.015551278577983663,0.015707884385208058,409.92529296875,0
2024-02-12,MSFT,409.92529296875,408.57484130859376,399.05918579101564,63.09120398563603,-0.012578632071373108,0.016070786326268773,401.1001281738281,0
2024-02-13,MSFT,401.1001281738281,408.73871459960935,399.8513778686523,53.1661120709297,-0.021528714978791608,0.017638039436125262,404.9769592285156,1
2024-02-14,MSFT,404.9769592285156,407.9879455566406,400.8768966674805,54.21769987376974,0.009665494429877963,0.015142605633896106,402.0792236328125,0
2024-02-15,MSFT,402.0792236328125,406.6457763671875,401.5403549194336,52.759635688449954,-0.007155309776692764,0.014785766645135649,399.6068115234375,0
2024-02-16,MSFT,399.6068115234375,403.5376831054688,401.84327239990233,46.92119254993129,-0.00614906705956253,0.013552898449544586,398.35076904296875,0
2024-02-20,MSFT,398.35076904296875,401.2227783203125,402.1900039672852,46.816042304344926,-0.0031431958721631625,0.012908554664874273,397.74749755859375,0
2024-02-21,MSFT,397.74749755859375,400.5522521972656,402.388606262207,54.94308082001986,-0.001514422793319481,0.012912898927322248,407.1130676269531,1
2024-02-22,MSFT,407.1130676269531,400.97947387695314,402.87483978271484,57.262869592092386,0.023546521664739473,0.013381640511728543,405.8175354003906,0
2024-02-23,MSFT,405.8175354003906,401.7271362304688,403.1822784423828,50.297170866073394,-0.003182241813347142,0.013410235713204356,403.04840087890625,0
2024-02-26,MSFT,403.04840087890625,402.4154541015625,403.3976577758789,52.84884257578089,-0.00682359503946095,0.012220795352789618,402.9891052246094,0
2024-02-27,MSFT,402.9891052246094,403.34312133789064,403.3242919921875,52.947753337037604,-0.0001471179495255992,0.011748468082259956,403.2264404296875,1
2024-02-28,MSFT,403.2264404296875,404.43890991210935,403.31856536865234,44.3048988700377,0.0005889370258429505,0.009444967180714994,409.08123779296875,1
2024-02-29,MSFT,409.08123779296875,404.8325439453125,404.14900665283204,50.654190330682674,0.014519874631837792,0.010068624078673443,410.920654296875,1
2024-03-01,MSFT,410.920654296875,405.85316772460936,404.7654006958008,45.91226581801717,0.004496457754528338,0.00967973372391157,410.3470764160156,0
2024-03-04,MSFT,410.3470764160156,407.3129028320312,404.98589477539065,50.85587564573434,-0.001395836093566083,0.009333668645697674,398.2123107910156,0
2024-03-05,MSFT,398.2123107910156,406.3575439453125,404.8745712280273,47.20041626522763,-0.029571955845245523,0.013829340365210692,397.6584777832031,0
2024-03-06,MSFT,397.6584777832031,405.24395141601565,404.74345703125,41.642120289952636,-0.0013907983073460084,0.013827840018722792,404.63079833984375,1
2024-03-07,MSFT,404.63079833984375,404.35386352539064,404.53845672607423,53.23103530957646,0.017533438732423523,0.012784623930436806,401.7430114746094,0
2024-03-08,MSFT,401.7430114746094,402.5183349609375,404.1861038208008,52.77377977165782,-0.007136843950294125,0.012935798672804878,400.0617370605469,0
2024-03-11,MSFT,400.0617370605469,400.4612670898438,403.43182678222655,52.299972320077096,-0.004184949995499232,0.012828754413967908,410.7030944824219,1
2024-03-12,MSFT,410.7030944824219,402.959423828125,403.47071685791013,61.852207214809674,0.026599288150029876,0.015466581037511862,410.5251159667969,0
2024-03-13,MSFT,410.5251159667969,405.5327514648437,403.9419662475586,54.013099686041386,-0.00043335080260176184,0.015480358631758128,420.5335693359375,1
2024-03-14,MSFT,420.5335693359375,408.7133056640625,404.7197967529297,63.30194468295505,0.02437963715221292,0.016643501339680667,411.8305358886719,0
2024-03-15,MSFT,411.8305358886719,410.730810546875,405.20736236572264,57.56548869673716,-0.020695216938349414,0.018206379166990697,412.7206115722656,1
2024-03-18,MSFT,412.7206115722656,413.26258544921876,405.86305236816406,58.21145295896791,0.002161266846502974,0.018202786464299812,416.7655334472656,1
2024-03-19,MSFT,416.7655334472656,414.4750732421875,406.7837905883789,60.55438835330479,0.009800629679217687,0.014875152982237473,420.54345703125,1
2024-03-20,MSFT,420.54345703125,416.47874145507814,407.92358856201173,59.199754754450574,0.009064865687753443,0.014769416445020549,424.6378173828125,1
2024-03-21,MSFT,424.6378173828125,417.2995910644531,408.79982604980466,60.502561380464144,0.009735879332104957,0.014273274346037063,424.0147705078125,0
2024-03-22,MSFT,424.0147705078125,419.73643798828124,409.7096878051758,60.47624300946445,-0.001467243023337006,0.013846976306810442,418.1995849609375,0
2024-03-25,MSFT,418.1995849609375,420.8322326660156,410.46724700927734,66.94291371075569,-0.0137145824894509,0.014876882174622987,417.00286865234375,0
2024-03-26,MSFT,417.00286865234375,420.87969970703125,411.1679351806641,66.28550594644793,-0.002861591334925695,0.012795204431690223,416.78533935546875,0
2024-03-27,MSFT,416.78533935546875,420.128076171875,411.84588012695315,61.572317421617946,-0.0005216494015448658,0.012796791631209642,416.0831604003906,0
2024-03-28,MSFT,416.0831604003906,418.4171447753906,412.1959762573242,64.20927831318454,-0.001684749651136963,0.009984144246869397,419.8907470703125,1
2024-04-01,MSFT,419.8907470703125,417.59234008789065,412.6444808959961,68.71695119826404,0.009151023238378242,0.007632524434708558,416.79522705078125,0
2024-04-02,MSFT,416.79522705078125,417.31146850585935,412.9668884277344,56.874630304709854,-0.007372203462756688,0.0081811532127743,415.8161315917969,0
2024-04-03,MSFT,415.8161315917969,417.07412109375,413.8470794677734,55.92683892246821,-0.0023491042973605714,0.007613599216683111,413.2744445800781,0
2024-04-04,MSFT,413.2744445800781,416.3719421386719,414.6278778076172,41.278947131331414,-0.006112526231218718,0.007053196218435781,420.83026123046875,1
2024-04-05,MSFT,420.83026123046875,417.3213623046875,415.43785095214844,61.72718264355113,0.01828280637596147,0.008877516716298089,419.9105224609375,0
2024-04-08,MSFT,419.9105224609375,417.3253173828125,416.34622650146486,59.419500159572884,-0.0021855338226913767,0.008885833119212583,421.5819091796875,1
2024-04-09,MSFT,421.5819091796875,418.28265380859375,417.4222351074219,56.75020449798329,0.003980340166173102,0.007747531351545083,418.59515380859375,0
2024-04-10,MSFT,418.59515380859375,418.8384582519531,417.8168380737305,47.570174469628654,-0.007084638372897412,0.008079267465841665,423.2137145996094,1
2024-04-11,MSFT,423.2137145996094,420.82631225585936,418.4512680053711,48.34502376028784,0.011033478885251302,0.008731174027945276,417.2501525878906,0
2024-04-12,MSFT,417.2501525878906,420.11029052734375,418.28709716796874,42.26785064007074,-0.014091136005270344,0.010029315609259919,409.08123779296875,0
2024-04-15,MSFT,409.08123779296875,417.94443359375,418.1496322631836,39.93615402966051,-0.01957797916730819,0.011259530686961549,410.0108337402344,1
2024-04-16,MSFT,410.0108337402344,415.6302185058594,418.014143371582,42.30863263637292,0.00227239937055268,0.011213325392423746,407.301025390625,0
2024-04-17,MSFT,407.301025390625,413.37139282226565,417.54091796875,40.00467783136409,-0.006609114019963225,0.011326009998362571,399.8144226074219,0
2024-04-18,MSFT,399.8144226074219,408.6915344238281,416.5044662475586,34.80611619066758,-0.01838100647063934,0.012430491011163532,394.7212219238281,0
2024-04-19,MSFT,394.7212219238281,404.1857482910156,415.0086364746094,26.931705640543456,-0.012738911844095147,0.010119635423300079,396.54095458984375,1
2024-04-22,MSFT,396.54095458984375,401.6776916503906,413.63494567871095,31.072196567418757,0.004610171850265576,0.010644076995586624,403.0780944824219,1
2024-04-23,MSFT,403.0780944824219,400.2911437988281,412.87887115478514,39.50254232601519,0.01648540917883179,0.012478776048852213,404.55169677734375,1
2024-04-24,MSFT,404.55169677734375,399.74127807617185,412.25631256103514,42.783876043414935,0.0036558729315570027,0.012683354402645187,394.64215087890625,0
2024-04-25,MSFT,394.64215087890625,398.7068237304687,411.149153137207,28.557981179777855,-0.024495128749618122,0.013178021438452822,401.8419189453125,1
2024-04-26,MSFT,401.8419189453125,400.13096313476564,410.4370910644531,36.92373300829917,0.018243788835966113,0.015048221544409376,397.81671142578125,0
2024-04-29,MSFT,397.81671142578125,400.3861145019531,409.33338928222656,33.256036824268406,-0.010016893036186802,0.014204076419806647,385.03912353515625,0
2024-04-30,MSFT,385.03912353515625,396.7783203125,407.74558410644534,28.971826598951026,-0.03211928389038743,0.01679442925286088,390.5873107910156,1
2024-05-01,MSFT,390.5873107910156,393.9854431152344,406.48414306640626,30.18466642259338,0.014409411710996745,0.0180006461836197,393.4553527832031,1
2024-05-02,MSFT,393.4553527832031,393.7480834960937,405.4931884765625,35.096644927372765,0.007342895974728814,0.01755520947515665,402.1781311035156,1
2024-05-03,MSFT,402.1781311035156,393.81532592773436,404.56058197021486,46.08092839832716,0.022169677597749793,0.018508597166418336,408.9822692871094,1
2024-05-06,MSFT,408.9822692871094,396.0484375,404.01416931152346,49.87393988611324,0.016918220204873435,0.019099159911214813,404.8285827636719,0
2024-05-07,MSFT,404.8285827636719,400.00632934570314,403.17650299072267,49.03846978408133,-0.010156153054453276,0.018906417162067007,406.015380859375,1
2024-05-08,MSFT,406.015380859375,403.091943359375,402.5475143432617,54.391555379126174,0.0029316064779840723,0.01889477343540613,407.7757263183594,1
2024-05-09,MSFT,407.7757263183594,405.9560180664063,401.7756149291992,59.13172851822596,0.004335662001913265,0.016728654915573744,410.1690979003906,1
2024-05-10,MSFT,410.1690979003906,407.55421142578126,401.4215621948242,59.40378731727473,0.005869333134760124,0.015948610993558435,409.1603088378906,0
2024-05-13,MSFT,409.1603088378906,407.5898193359375,401.42551574707034,54.74795215129457,-0.002459446768817708,0.015479187146256278,411.9690246582031,1
2024-05-14,MSFT,411.9690246582031,409.0179077148438,401.52342529296874,55.562167891135445,0.006864585248480992,0.009380561326027815,419.1718444824219,1
2024-05-15,MSFT,419.1718444824219,411.6492004394531,402.1169662475586,68.04137503829239,0.01748388687764746,0.009701732897271687,417.10113525390625,0
2024-05-16,MSFT,417.10113525390625,413.5142822265625,402.98130187988284,62.22446649085297,-0.004940000755710217,0.010422549735183919,416.328369140625,0
2024-05-17,MSFT,416.328369140625,414.7461364746094,404.06165924072263,65.6145389208592,-0.00185270680889138,0.008915927718354557,421.4109802246094,1
2024-05-20,MSFT,421.4109802246094,417.19627075195314,405.30516052246094,85.0638328135866,0.012208178593440033,0.008226005326987564,425.0768127441406,1
2024-05-21,MSFT,425.0768127441406,419.8178283691406,406.40509643554685,84.3772713886813,0.008698948749691793,0.006926375569895296,426.54315185546875,1
2024-05-22,MSFT,426.54315185546875,421.29208984375,407.5046691894531,83.87182740107453,0.0034495862097534413,0.006911824773906595,423.0556640625,0
2024-05-23,MSFT,423.0556640625,422.4829956054688,408.9253448486328,74.06119825471903,-0.008176166415515329,0.008073410293812934,426.18646240234375,1
2024-05-24,MSFT,426.18646240234375,424.4546142578125,410.1425720214844,71.51149082531865,0.007400440664898422,0.008133112297519658,426.344970703125,1
2024-05-28,MSFT,426.344970703125,425.4414123535156,411.56898498535156,79.9772091487766,0.00037192242073524895,0.007935248209006889,425.2055969238281,0
2024-05-29,MSFT,425.2055969238281,425.4671691894531,413.57730865478516,76.83798982229506,-0.0026724222345529958,0.008143238807242537,410.83953857421875,0
2024-05-30,MSFT,410.83953857421875,422.3264465332031,414.5899200439453,53.63920825398526,-0.033786145933970224,0.012899631609876493,411.2953186035156,1
2024-05-31,MSFT,411.2953186035156,419.97437744140626,415.48191833496094,51.659596932456076,0.0011093869662073264,0.012884619353244775,409.7001647949219,0
2024-06-03,MSFT,409.7001647949219,416.6771179199219,415.85802001953124,51.010301082735694,-0.0038783660704182488,0.012909738061296893,412.2265930175781,1
2024-06-04,MSFT,412.2265930175781,413.8534423828125,416.0202362060547,50.70549584846938,0.00616652967157294,0.012323561641833132,420.09326171875,1
2024-06-05,MSFT,420.09326171875,412.8309753417969,416.7834701538086,51.39837191756156,0.019083360545922856,0.013698427735004064,420.5985412597656,1
2024-06-06,MSFT,420.5985412597656,414.78277587890625,417.51262817382815,54.23658451595691,0.0012027794469930964,0.013633912617079575,419.93475341796875,0
2024-06-07,MSFT,419.93475341796875,416.5106628417969,418.1205795288086,54.372201933320774,-0.0015781981549644053,0.01342315725654736,423.9176330566406,1
2024-06-10,MSFT,423.9176330566406,419.3541564941406,418.8080062866211,53.21139543352734,0.009484520169512178,0.013577467299260786,428.68316650390625,1
2024-06-11,MSFT,428.68316650390625,422.6454711914063,419.7841491699219,54.29686810020684,0.011241649498993311,0.014076478647139155,436.98577880859375,1
2024-06-12,MSFT,436.98577880859375,426.023974609375,421.0349868774414,60.09284051105607,0.0193677124585947,0.01518267353803591,437.5010070800781,1
2024-06-13,MSFT,437.5010070800781,429.4044677734375,421.9514450073242,64.63528286668966,0.0011790504324629136,0.008256696713374412,438.4818420410156,1
2024-06-14,MSFT,438.4818420410156,433.1138854980469,423.0204803466797,63.026039401341635,0.002241903321511529,0.008184464122234626,444.2282409667969,1
2024-06-17,MSFT,444.2282409667969,437.17600708007814,424.4154739379883,66.75966762910292,0.013105215255968972,0.00753955829169502,442.21697998046875,0
2024-06-18,MSFT,442.21697998046875,439.8827697753906,425.4557739257813,65.79175259732429,-0.004527539676340564,0.008543628450130776,441.5829162597656,0
2024-06-20,MSFT,441.5829162597656,440.802197265625,426.2810791015625,88.05654733089479,-0.0014338294308172683,0.0077692646774564144,445.625244140625,1
2024-06-21,MSFT,445.625244140625,442.4270446777344,427.2351837158203,88.98358390009116,0.009154176332495156,0.00774107816684203,443.53472900390625,0
2024-06-24,MSFT,443.53472900390625,443.4376220703125,428.25913696289064,88.29116492888504,-0.0046911954926391886,0.008124879620270828,446.784423828125,1
2024-06-25,MSFT,446.784423828125,443.9488586425781,429.2890350341797,88.41979395473487,0.00732681030754212,0.008035828007972616,447.9832763671875,1
2024-06-26,MSFT,447.9832763671875,445.10211791992185,430.37095031738284,86.29111552740802,0.0026832908112384146,0.007784089921917429,448.6668701171875,1
2024-06-27,MSFT,448.6668701171875,446.51890869140624,431.5440139770508,86.34059132076732,0.0015259358687302882,0.0057655175835927734,442.82135009765625,0
2024-06-28,MSFT,442.82135009765625,445.9581298828125,433.14310455322266,76.55127006797821,-0.013028641981085998,0.007621769603252674,452.5110168457031,1
2024-07-01,MSFT,452.5110168457031,447.7533874511719,435.20388946533205,79.1149946822219,0.02188166118438062,0.010052622885436074,455.0374755859375,1
2024-07-02,MSFT,455.0374755859375,449.40399780273435,437.4707550048828,78.01802455728169,0.005583198300552761,0.009495022786803716,456.5137023925781,1
2024-07-03,MSFT,456.5137023925781,451.1100830078125,439.6851104736328,74.14901575882138,0.0032441873160879986,0.00917329723784882,463.240966796875,1
2024-07-05,MSFT,463.240966796875,454.02490234375,441.8424957275391,77.48157915049019,0.01473617192439014,0.009672493556984055,461.9331970214844,0
2024-07-08,MSFT,461.9331970214844,457.84727172851564,443.909228515625,74.93562886948179,-0.0028230874838927056,0.009819577090090837,455.2950744628906,0
2024-07-09,MSFT,455.2950744628906,458.4040832519531,445.67724456787107,61.80301092246739,-0.01437030852382104,0.011122973830352576,461.9430847167969,1
2024-07-10,MSFT,461.9430847167969,459.785205078125,447.5785171508789,68.95642357299052,0.014601542223466657,0.011684664251382957,450.499755859375,0
2024-07-11,MSFT,450.499755859375,458.58241577148436,448.66934661865236,57.495801026997164,-0.024772161844218155,0.014707313643289796,449.3603820800781,0
2024-07-12,MSFT,449.3603820800781,455.806298828125,449.28807678222654,53.50091251413056,-0.002529132956184177,0.01473659314595015,449.7666320800781,1
2024-07-15,MSFT,449.7666320800781,453.37298583984375,449.90135803222654,55.75474580868488,0.0009040627883558638,0.013980672188048208,445.3676452636719,0
2024-07-16,MSFT,445.3676452636719,451.3875,450.2456481933594,49.19076319814779,-0.009780598431817444,0.012382530549030896,439.4230041503906,0
2024-07-17,MSFT,439.4230041503906,446.88348388671875,450.00538635253906,43.65084095919674,-0.01334771660335099,0.01262062627633882,436.3021240234375,0
2024-07-18,MSFT,436.3021240234375,444.04395751953126,449.7096435546875,40.987823697026386,-0.007102222909306399,0.012436928433246185,433.072265625,0
2024-07-19,MSFT,433.072265625,440.7863342285156,449.2841110229492,42.59945876164506,-0.007402802371560324,0.01045500625479975,438.848388671875,1
2024-07-22,MSFT,438.848388671875,438.602685546875,448.94526824951174,38.954032050097766,0.013337550116581554,0.012215201723851614,440.74078369140625,1
2024-07-23,MSFT,440.74078369140625,437.67731323242185,448.8055709838867,38.37180095342585,0.004312184044376721,0.012058359882331157,424.9380798339844,0
2024-07-24,MSFT,424.9380798339844,434.78032836914065,447.7132537841797,28.872148622274366,-0.03585487080425587,0.014164604926903916,414.5351257324219,0
2024-07-25,MSFT,414.5351257324219,430.4269287109375,446.0408462524414,18.879091119505205,-0.024481105825175153,0.014127071737386495,421.34161376953125,1
2024-07-26,MSFT,421.34161376953125,428.08079833984374,444.6745834350586,26.200188853684438,0.01641956884855844,0.016103887588511577,422.78814697265625,1
2024-07-29,MSFT,422.78814697265625,424.86875,443.6729232788086,29.73326029520483,0.0034331600673942475,0.016248798116635835,419.01336669921875,0
2024-07-30,MSFT,419.01336669921875,420.5232666015625,441.9980407714844,22.251050041425614,-0.008928302036058766,0.016229260026561422,414.485595703125,0
2024-07-31,MSFT,414.485595703125,418.4327697753906,439.97044677734374,24.210002423071273,-0.010805791308667101,0.01612025822878611,413.2569885253906,0
2024-08-01,MSFT,413.2569885253906,418.17714233398436,437.8076110839844,24.143792218802233,-0.002964173400646586,0.016133577174793776,404.7166442871094,0
2024-08-02,MSFT,404.7166442871094,414.8521484375,434.8813949584961,20.970309591292775,-0.020665940263358773,0.016855278103773567,391.4998474121094,0
2024-08-05,MSFT,391.4998474121094,408.5944885253906,431.35972747802737,18.59205407203949,-0.032656914563720996,0.01707822721457166,395.918701171875,1
2024-08-06,MSFT,395.918701171875,403.9755554199219,428.3909088134766,24.437296397844605,0.011286987182690167,0.017905407764211113,394.74957275390625,0
2024-08-07,MSFT,394.74957275390625,400.0283508300781,425.031233215332,24.95594495588692,-0.0029529507308148073,0.015608750918992624,398.97021484375,1
2024-08-08,MSFT,398.97021484375,397.17099609375,422.45475616455076,29.921505798669074,0.010691948468491308,0.01524863537247567,402.2694396972656,1
2024-08-09,MSFT,402.2694396972656,396.6815551757812,420.10020904541017,28.088108310960735,0.008269351271767755,0.014237202870795967,403.0521545410156,1
2024-08-12,MSFT,403.0521545410156,398.9920166015625,417.76448516845704,27.198801584804386,0.0019457477166027193,0.014152290175005248,410.1856384277344,1
2024-08-13,MSFT,410.1856384277344,401.84540405273435,416.00538482666013,40.268577872412685,0.017698662087148875,0.01568557891211928,413.0093078613281,1
2024-08-14,MSFT,413.0093078613281,405.4973510742187,414.68470001220703,49.2465527752235,0.006883881757579369,0.015581210114336823,417.89263916015625,1
2024-08-15,MSFT,417.89263916015625,409.2818359375,413.764225769043,47.701914584684836,0.011823780253562122,0.01599096900079874,415.3517150878906,0
2024-08-16,MSFT,415.3517150878906,411.898291015625,412.8781982421875,44.645771582172955,-0.006080327419435205,0.01435294340074414,418.388916015625,1
2024-08-19,MSFT,418.388916015625,414.96564331054685,411.855224609375,49.929822609465255,0.007312359182365835,0.007197137884243563,421.6345520019531,1
2024-08-20,MSFT,421.6345520019531,417.25542602539065,410.89991302490233,56.158063511165544,0.00775746168717073,0.007031169163292416,420.9794921875,0
2024-08-21,MSFT,420.9794921875,418.849462890625,410.7019836425781,56.69481635003135,-0.0015536198618990582,0.006837027977423356,412.4534606933594,0
2024-08-22,MSFT,412.4534606933594,417.7616271972656,410.597900390625,56.8539587296289,-0.020252842840009944,0.010653829827198008,413.6842346191406,1
2024-08-23,MSFT,413.6842346191406,417.4281311035156,410.2150314331055,73.75205209624409,0.002984031031554979,0.010514535401749644,410.4088439941406,0
2024-08-26,MSFT,410.4088439941406,415.8321166992188,409.5960662841797,66.039426092696,-0.007917610464453606,0.011057586717788259,410.7562255859375,1
2024-08-27,MSFT,410.7562255859375,413.6564514160156,409.18320922851564,68.03692849893787,0.0008464281335074375,0.009559081409559148,407.5403747558594,0
2024-08-28,MSFT,407.5403747558594,410.9686279296875,408.83594818115233,60.02617700984258,-0.00782909820901867,0.009544930028201714,410.0415954589844,1
2024-08-29,MSFT,410.0415954589844,410.4862548828125,408.67517852783203,59.229864142452186,0.006137356831512397,0.00881854941933166,414.0316467285156,1
2024-08-30,MSFT,414.0316467285156,410.5557373046875,409.1409286499023,61.99446763941473,0.009730845147709832,0.009377428272867855,406.3890380859375,0
2024-09-03,MSFT,406.3890380859375,409.75177612304685,409.88538818359376,46.27218763302429,-0.018458996318195586,0.010529957671359213,405.8530578613281,0
2024-09-04,MSFT,405.8530578613281,408.771142578125,410.3821060180664,42.35519435448061,-0.0013188845524323423,0.009884929075751336,405.34686279296875,0
2024-09-05,MSFT,405.34686279296875,408.3324401855469,410.9119705200195,34.96881381266769,-0.001247237290823433,0.009893010250780031,398.70672607421875,0
2024-09-06,MSFT,398.70672607421875,406.0654663085937,410.89879608154297,31.68601714895705,-0.016381369459719908,0.009228091097551594,402.6967468261719,1
2024-09-09,MSFT,402.6967468261719,403.798486328125,410.92016143798827,33.3236639247109,0.010007407678420677,0.009998459510323524,411.1135559082031,1
2024-09-10,MSFT,411.1135559082031,404.74338989257814,411.32323150634767,40.30297662802567,0.020901110198599193,0.012216478643211907,419.8876953125,1
2024-09-11,MSFT,419.8876953125,407.5503173828125,411.80833435058594,49.498987409660685,0.021342374334783587,0.013929051197797762,423.81817626953125,1
2024-09-12,MSFT,423.81817626953125,411.244580078125,412.3487777709961,60.470173174554944,0.009360790994615842,0.013598503230422486,427.38140869140625,1
2024-09-13,MSFT,427.38140869140625,416.9795166015625,412.8232162475586,62.00274631496192,0.008407455416940213,0.01365683516817856,428.1258239746094,1
2024-09-16,MSFT,428.1258239746094,422.06533203125,413.46192169189453,66.16917011605382,0.0017418054881761513,0.013532681260612238,431.9074401855469,1
2024-09-17,MSFT,431.9074401855469,426.22410888671874,414.1378479003906,68.0759818392038,0.008832955171519385,0.011172797408035472,427.59979248046875,0
2024-09-18,MSFT,427.59979248046875,427.7665283203125,414.4361099243164,67.06108299317512,-0.009973543644507643,0.012112574505304638,435.42108154296875,1
2024-09-19,MSFT,435.42108154296875,430.087109375,415.15818939208987,69.62738427372999,0.01829114326068626,0.01250862390784852,432.0265197753906,0
2024-09-20,MSFT,432.0265197753906,431.01613159179686,416.13684234619143,64.1855876252807,-0.007796043672366748,0.010897045166071796,430.2796630859375,0
2024-09-23,MSFT,430.2796630859375,431.4468994140625,416.96661376953125,70.81145941910634,-0.0040434015262796885,0.011513838343882941,425.97198486328125,0
2024-09-24,MSFT,425.97198486328125,430.2598083496094,417.7447708129883,66.66197760860459,-0.01001134516040536,0.011428791472522832,428.89007568359375,1
2024-09-25,MSFT,428.89007568359375,430.5178649902344,418.6514633178711,68.6856274221058,0.006850428957784871,0.009722644654792063,428.0960388183594,0
2024-09-26,MSFT,428.0960388183594,429.0528564453125,419.6792465209961,75.8443186648552,-0.0018513761689840091,0.009443233593805368,424.83056640625,0
2024-09-27,MSFT,424.83056640625,427.61366577148436,420.4186950683594,69.85834258230122,-0.007627896817552493,0.00941550683170702,427.09356689453125,1
2024-09-30,MSFT,427.09356689453125,426.9764465332031,421.07179107666013,65.9933283645922,0.005326830664338811,0.009579654492547673,417.55517578125,0
2024-10-01,MSFT,417.55517578125,425.2930847167969,421.6300979614258,48.029588760209734,-0.022333258687637247,0.01124014420616475,414.021728515625,0
2024-10-02,MSFT,414.021728515625,422.3194152832031,422.0385314941406,40.68344715058158,-0.00846222839655597,0.011150498274475541,413.4361572265625,0
2024-10-03,MSFT,413.4361572265625,419.38743896484374,422.4429962158203,35.827840643142835,-0.0014143491723536128,0.008318936819286823,412.9596862792969,0
2024-10-04,MSFT,412.9596862792969,417.0132629394531,423.15564422607423,34.48477294981301,-0.0011524655958053964,0.008348152803377163,406.4883117675781,0
2024-10-07,MSFT,406.4883117675781,412.8922119140625,423.34522247314453,25.221134906818378,-0.015670717328426953,0.009061120880135342,411.6197814941406,1
2024-10-08,MSFT,411.6197814941406,411.70513305664065,423.3705337524414,34.90516103463311,0.012623904742177672,0.010551032375700351,414.3492431640625,1
2024-10-09,MSFT,414.3492431640625,411.7706359863281,423.0936111450195,28.115846009310772,0.0066310264779165795,0.010527617743768695,412.7413024902344,0
2024-10-10,MSFT,412.7413024902344,411.6316650390625,422.5397674560547,29.136285158209176,-0.0038806410301356342,0.010514148146207472,413.2177429199219,1
2024-10-11,MSFT,413.2177429199219,411.6832763671875,421.83158416748046,31.037498541204357,0.0011543318461537666,0.010506728785858167,416.0167236328125,1
2024-10-14,MSFT,416.0167236328125,413.5889587402344,421.22612915039065,38.6820133306936,0.006773621803149554,0.010638941611068325,415.61968994140625,0
2024-10-15,MSFT,415.61968994140625,414.3889404296875,420.41174163818357,33.91479452434653,-0.000954369545385636,0.008063177438703481,413.01922607421875,0
2024-10-16,MSFT,413.01922607421875,414.12293701171876,419.6827133178711,32.42460379740149,-0.006256835107004033,0.007846480442146602,413.6147766113281,1
2024-10-17,MSFT,413.6147766113281,414.2976318359375,418.59239807128904,36.08940127132111,0.001441943860023498,0.007849943227216898,415.0440368652344,1
2024-10-18,MSFT,415.0440368652344,414.662890625,417.74327392578124,34.79234227490463,0.003455534798867399,0.007905198734016183,415.6594543457031,1
2024-10-21,MSFT,415.6594543457031,414.5914367675781,417.0122634887695,47.03700194754083,0.0014827763461364718,0.005491293525938715,424.32440185546875,1
2024-10-22,MSFT,424.32440185546875,416.33237915039064,416.9298843383789,64.97514576820544,0.02084626590150651,0.007474983692087566,421.4360656738281,0
2024-10-23,MSFT,421.4360656738281,418.0157470703125,416.55718383789065,61.04406956160608,-0.006806905681150166,0.007955961658247706,421.5650939941406,1
2024-10-24,MSFT,421.5650939941406,419.605810546875,416.2306365966797,61.9760288266853,0.00030616345116585286,0.007735259051952753,424.9595947265625,1
2024-10-25,MSFT,424.9595947265625,421.58892211914065,416.2370880126953,77.81139478649757,0.00805213899533408,0.007941965159226141,423.4112243652344,0
2024-10-28,MSFT,423.4112243652344,423.1392761230469,416.05297088623047,69.9490916158425,-0.003643570778356975,0.00805026228699277,428.7313232421875,1
2024-10-29,MSFT,428.7313232421875,424.0206604003906,416.61177825927734,72.24639765725416,0.012564850837218255,0.008650541713160114,429.3069763183594,1
2024-10-30,MSFT,429.3069763183594,425.5948425292969,417.37604064941405,76.47679581473199,0.0013426895702852715,0.008045543952604862,403.3220520019531,0
2024-10-31,MSFT,403.3220520019531,421.94623413085935,416.8703353881836,41.84735771594916,-0.06052760786523237,0.02196954514787129,407.31207275390625,1
2024-11-01,MSFT,407.31207275390625,418.41672973632814,416.58795471191405,43.16586965567305,0.00989289014113659,0.02224922353419391,405.4162902832031,0
2024-11-04,MSFT,405.4162902832031,414.8177429199219,416.5343536376953,42.035348473072624,-0.004654373384725408,0.02223787793860786,408.39398193359375,1
2024-11-05,MSFT,408.39398193359375,410.7502746582031,416.373063659668,46.87331909700758,0.007344775535069292,0.02105748205610563,417.04901123046875,1
2024-11-06,MSFT,417.04901123046875,408.298681640625,416.50805206298827,53.345946815542455,0.021192842401586365,0.02240407270720674,422.2598571777344,1
2024-11-07,MSFT,422.2598571777344,412.08624267578125,416.9839797973633,55.80987556402842,0.012494564923895668,0.022799764525305004,419.39141845703125,0
2024-11-08,MSFT,419.39141845703125,414.5021118164062,417.29266357421875,53.290112774834526,-0.006793065151575073,0.022729779967827924,414.8951721191406,0
2024-11-11,MSFT,414.8951721191406,416.39788818359375,417.23658599853513,44.001495834021505,-0.010720883022434347,0.022927837963359073,419.87774658203125,1
2024-11-12,MSFT,419.87774658203125,418.69464111328125,417.4494888305664,49.667901500546094,0.012009237025924824,0.022889838086802606,422.0316162109375,1
2024-11-13,MSFT,422.0316162109375,419.691162109375,417.90010833740234,51.04450027218955,0.005129754187831015,0.02297953268345913,423.7090148925781,1
2024-11-14,MSFT,423.7090148925781,419.9809936523437,418.40482025146486,49.885849793847484,0.003974580617207124,0.00987387412400571,411.9075927734375,0
2024-11-15,MSFT,411.9075927734375,418.484228515625,418.247998046875,43.73967720403164,-0.027852657612518872,0.014100219339857459,412.66192626953125,1
2024-11-18,MSFT,412.66192626953125,418.03757934570314,418.0981216430664,40.48888053197092,0.0018313172889450335,0.013948724645975852,414.67681884765625,1
2024-11-19,MSFT,414.67681884765625,416.9973937988281,417.6157424926758,41.60175378429891,0.004882671382697268,0.013862639683484867,412.3939208984375,0
2024-11-20,MSFT,412.3939208984375,415.0698547363281,417.16363525390625,58.6485661243966,-0.005505246122902818,0.012136599668122715,410.61370849609375,0
2024-11-21,MSFT,410.61370849609375,412.45079345703124,416.6160659790039,53.502927049454044,-0.004316776538474176,0.01117765995963922,414.7211608886719,1
2024-11-22,MSFT,414.7211608886719,413.0135070800781,416.10414428710936,58.83029598889245,0.010003203272540562,0.0117477202806737,416.5013732910156,1
2024-11-25,MSFT,416.5013732910156,413.781396484375,415.75865173339844,57.87106146730797,0.004292552611805611,0.011327211698906558,425.6510925292969,1
2024-11-26,MSFT,425.6510925292969,415.97625122070315,415.6046401977539,58.11889604362428,0.021968040983836534,0.0127990719192885,420.6784362792969,0
2024-11-27,MSFT,420.6784362792969,417.633154296875,415.17321319580077,48.938720618840925,-0.011682470307903037,0.013352865054821392,421.1458435058594,1
2024-11-29,MSFT,421.1458435058594,419.7395812988281,416.0644027709961,52.04516664308978,0.0011110795948956476,0.013282950931307555,428.6247863769531,1
2024-12-02,MSFT,428.6247863769531,422.5203063964844,417.1300384521484,62.698117351475005,0.01775855795900716,0.010368473560362952,428.84356689453125,1
2024-12-03,MSFT,428.84356689453125,424.9887451171875,418.30140228271483,59.14796273403886,0.0005104243257312291,0.010407995155479457,435.0295715332031,1
2024-12-04,MSFT,435.0295715332031,426.86444091796875,419.6331817626953,62.06634472318374,0.014424851195665056,0.01093209719629699,440.20111083984375,1
2024-12-05,MSFT,440.20111083984375,430.76897583007815,420.79078674316406,64.24110374633611,0.01188778796902068,0.010474418202447985,441.14593505859375,1
2024-12-06,MSFT,441.14593505859375,434.768994140625,421.735090637207,80.85447795290185,0.0021463467389879476,0.009910477113597514,443.58251953125,1
2024-12-09,MSFT,443.58251953125,437.7605407714844,422.944645690918,81.46376200804781,0.00552330709413118,0.009872976922397851,440.9072570800781,0
2024-12-10,MSFT,440.9072570800781,440.17327880859375,424.24524993896483,76.49782758301552,-0.006031036691885205,0.010671086191559143,446.5363464355469,1
2024-12-11,MSFT,446.5363464355469,442.4746337890625,425.57817993164065,82.2941036744748,0.012767059886352516,0.009444647477626905,447.10321044921875,1
2024-12-12,MSFT,447.10321044921875,443.8550537109375,426.8317596435547,85.40610039426743,0.001269468920496175,0.0076430976896937905,444.8257141113281,0
2024-12-13,MSFT,444.8257141113281,444.59100952148435,427.88759460449216,80.41725462778876,-0.005093893948116213,0.008318471695003892,449.12213134765625,1
2024-12-16,MSFT,449.12213134765625,445.6989318847656,429.7483215332031,81.27977122575938,0.00965865304102631,0.007329528557442152,451.9764404296875,1
2024-12-17,MSFT,451.9764404296875,447.9127685546875,431.71404724121095,78.52818736687092,0.006355307126519216,0.007189463919044473,434.999755859375,0
2024-12-18,MSFT,434.999755859375,445.60545043945314,432.7301940917969,63.144293985537736,-0.03756099444956251,0.014711244976481543,434.6416931152344,0
2024-12-19,MSFT,434.6416931152344,443.11314697265624,433.8425827026367,62.43930044663009,-0.0008231332071284569,0.014115916000940002,434.21405029296875,0
2024-12-20,MSFT,434.21405029296875,440.9908142089844,435.0225997924805,56.10687746890958,-0.0009838973780921245,0.014068612547647396,432.8714294433594,0
2024-12-23,MSFT,432.8714294433594,437.740673828125,435.9301132202148,54.44139358248704,-0.003092071407416408,0.013853428774999274,436.9291076660156,1
2024-12-24,MSFT,436.9291076660156,434.7312072753906,436.95149993896484,52.39713337539682,0.009373864724391945,0.014249879862375794,435.7157897949219,0
2024-12-26,MSFT,435.7157897949219,434.8744140625,437.4547348022461,45.52082150535306,-0.002776921587062553,0.013428039650753768,428.1772155761719,0
2024-12-27,MSFT,428.1772155761719,433.5815185546875,437.82967376708984,37.894951908827544,-0.01730158602307752,0.014134773300981231,422.5083312988281,0
2024-12-30,MSFT,422.5083312988281,431.24037475585936,437.8977981567383,31.208059063963262,-0.01323957480949911,0.014422233589135209,419.1965637207031,0
2024-12-31,MSFT,419.1965637207031,428.5054016113281,437.42638702392577,30.767876530301592,-0.007838348578699805,0.013470985271218372,416.2925109863281,0
2025-01-02,MSFT,416.2925109863281,424.3780822753906,436.7988342285156,21.79746368474956,-0.006927663501339887,0.012661475732761546,421.0364685058594,1
2025-01-03,MSFT,421.0364685058594,421.4422180175781,436.09917907714845,27.777598787811783,0.011395731112941121,0.008925255503654401,425.5118713378906,1
2025-01-06,MSFT,425.5118713378906,420.9091491699219,435.3647171020508,34.36792595116192,0.010629489763471556,0.009943842113921639,420.0617980957031,0
2025-01-07,MSFT,420.0617980957031,420.4198425292969,434.3105102539063,26.755885026026235,-0.012808275419088577,0.010487691768641205,422.2398681640625,1
2025-01-08,MSFT,422.2398681640625,421.02850341796875,433.2433776855469,26.143397643920963,0.005185118185546456,0.010823541725837854,416.6604919433594,0
2025-01-10,MSFT,416.6604919433594,421.102099609375,432.0310394287109,31.650123715203165,-0.013213759858733298,0.010436276392895532,414.9101257324219,0
2025-01-13,MSFT,414.9101257324219,419.8768310546875,430.44972839355466,30.751489571018766,-0.004200941161408345,0.010416976047243565,413.3984375,0
2025-01-14,MSFT,413.3984375,417.4541442871094,428.7644897460938,30.079071705454325,-0.0036434112803426233,0.009450970469440337,423.98028564453125,1
2025-01-15,MSFT,423.98028564453125,418.237841796875,427.7222183227539,43.142018920723224,0.025597213691769927,0.01248206847457248,422.25970458984375,0
2025-01-16,MSFT,422.25970458984375,418.24180908203124,426.3790969848633,38.041344055534985,-0.004058162874417404,0.012259516607342615,426.6854248046875,1
2025-01-17,MSFT,426.6854248046875,420.2467956542969,425.11454620361326,43.19440980045266,0.01048103848588311,0.012276973291020407,426.1582946777344,0
2025-01-21,MSFT,426.1582946777344,422.4964294433594,424.67247314453124,48.514049888168316,-0.001235406921139659,0.011908451603116814,443.7616271972656,1
2025-01-22,MSFT,443.7616271972656,428.5690673828125,425.1284698486328,65.98193387929754,0.04130702778610251,0.0173120109667963,444.2687683105469,1
2025-01-23,MSFT,444.2687683105469,432.62676391601565,425.6312057495117,69.64445381663673,0.001142823268619031,0.016309566570676955,441.6332702636719,0
2025-01-24,MSFT,441.6332702636719,436.50147705078126,426.06929779052734,70.10409147034714,-0.005932215439985122,0.016724916037747534,432.1851806640625,0
2025-01-27,MSFT,432.1851806640625,437.60142822265624,425.8321014404297,58.66047373472319,-0.021393518640406062,0.017856050896597968,444.7561340332031,1
2025-01-28,MSFT,444.7561340332031,441.32099609375,426.28411865234375,62.91637538236231,0.029086960709354015,0.019246139016653303,439.9127197265625,0
2025-01-29,MSFT,439.9127197265625,440.55121459960935,426.87089385986326,63.59681570589062,-0.010890044984245284,0.019824801903296788,412.7221374511719,0
2025-01-30,MSFT,412.7221374511719,434.24188842773435,426.38158416748047,45.99099890567884,-0.06180903860268361,0.028005966836295155,412.7917785644531,1
2025-01-31,MSFT,412.7917785644531,428.4735900878906,426.061344909668,48.78274772946807,0.00016873607437517535,0.028008884557992306,408.6744079589844,0
2025-02-03,MSFT,408.6744079589844,423.771435546875,425.6804397583008,47.54047749796189,-0.009974449151549325,0.027749356717247996,410.116455078125,1
2025-02-04,MSFT,410.116455078125,416.8434997558594,425.1344390869141,49.12172068715914,0.003528596582160759,0.02784193430677718,411.0314636230469,1
2025-02-05,MSFT,411.0314636230469,411.06724853515624,424.41041870117186,43.27231583404044,0.002231094445473092,0.023216082102384877,413.547607421875,1
2025-02-06,MSFT,413.547607421875,411.2323425292969,424.08470916748047,45.819126759795644,0.006121535749719742,0.023471243133156943,407.5107727050781,0
2025-02-07,MSFT,407.5107727050781,410.1761413574219,423.34825439453124,39.9136270755997,-0.014597677772654749,0.02359176050186903,409.96728515625,1
2025-02-10,MSFT,409.96728515625,410.434716796875,423.01359405517576,41.83469636231303,0.006028092054758183,0.023423133658557457,409.1915588378906,0
2025-02-11,MSFT,409.1915588378906,410.24973754882814,422.72766571044923,27.636543459208113,-0.001892166390944361,0.020245432560892958,406.8046569824219,0
2025-02-12,MSFT,406.8046569824219,409.4043762207031,422.3979766845703,26.277625946999223,-0.005833213818602689,0.02023138640390922,408.2964782714844,1
2025-02-13,MSFT,408.2964782714844,408.354150390625,421.613786315918,28.682723385134622,0.003667168660576481,0.007021948988361759,406.1979675292969,0
2025-02-14,MSFT,406.1979675292969,408.0915893554687,420.8106994628906,31.57897104176689,-0.005139673873924888,0.007119118180360422,407.4013977050781,1
2025-02-18,MSFT,407.4013977050781,407.5784118652344,419.8464981079102,18.32329306767872,0.002962669121909123,0.006580491336779446,412.5033264160156,1
2025-02-19,MSFT,412.5033264160156,408.2407653808594,419.1637496948242,27.28000427302335,0.012523100656200548,0.007683112533609059,414.6857604980469,1
2025-02-20,MSFT,414.6857604980469,409.8169860839844,417.70995635986327,53.17944924338634,0.005290706625309172,0.007814763078647301,406.793212890625,0
2025-02-21,MSFT,406.793212890625,409.5163330078125,415.8361785888672,42.85750062412244,-0.01903259855834627,0.009758542863869023,402.59783935546875,0
2025-02-24,MSFT,402.59783935546875,408.7963073730469,413.88440704345703,42.711057101648066,-0.010313283020000341,0.009202829973542576,396.51898193359375,0
2025-02-25,MSFT,396.51898193359375,406.61982421875,412.1010971069336,35.06153661532943,-0.015099081086989541,0.009773172526071185,398.3426513671875,1
2025-02-26,MSFT,398.3426513671875,403.7876892089844,409.7804229736328,36.42122522790862,0.004599198315048625,0.010086636825073983,391.16766357421875,0
2025-02-27,MSFT,391.16766357421875,399.0840698242188,407.3431701660156,28.058825988125236,-0.018012100306966428,0.011190250643347815,395.6121520996094,1
2025-02-28,MSFT,395.6121520996094,396.8478576660156,406.4876708984375,38.13640159350035,0.011362106174063413,0.012000266060785515,387.14166259765625,0
2025-03-03,MSFT,387.14166259765625,393.7566223144531,405.20516510009764,29.462948064426072,-0.02141109532909491,0.013338234491753599,387.26123046875,1
2025-03-04,MSFT,387.26123046875,391.9050720214844,404.13450622558594,30.034923267695916,0.00030884785246687585,0.013194169910099586,399.628173828125,1
2025-03-05,MSFT,399.628173828125,392.16217651367185,403.61009216308594,44.93997204897801,0.031934369842304466,0.016948766467534633,395.5125427246094,0
2025-03-06,MSFT,395.5125427246094,393.03115234375,402.8341461181641,40.98997270291223,-0.010298651028757821,0.016814065210010908,391.9449462890625,0
2025-03-07,MSFT,391.9449462890625,392.29771118164064,401.75401306152344,40.06609572260803,-0.009020185329573605,0.016143636090417274,378.8406066894531,0
2025-03-10,MSFT,378.8406066894531,390.6375,400.3205047607422,32.5792053173092,-0.03343413334878109,0.018670638384855217,379.12957763671875,1
2025-03-11,MSFT,379.12957763671875,389.01116943359375,398.77861938476565,28.425318593507882,0.0007627771209397505,0.01847571575643431,381.9397888183594,1
2025-03-12,MSFT,381.9397888183594,385.47349243164064,397.41603088378906,29.21210478662971,0.007412271021316474,0.018647241051529064,377.45538330078125,0
2025-03-13,MSFT,377.45538330078125,381.862060546875,395.94856719970704,30.359054045943765,-0.011741132107372043,0.01822582556599765,387.21142578125,1
2025-03-14,MSFT,387.21142578125,380.9153564453125,394.8943145751953,40.85931543159095,0.02584687598082147,0.02001795635875549,387.3509521484375,1
2025-03-17,MSFT,387.3509521484375,382.6174255371094,393.9519638061523,44.28148511926698,0.000360336389624738,0.018815717221214494,382.18890380859375,0
2025-03-18,MSFT,382.18890380859375,383.2292907714844,392.69133911132815,39.94622262301559,-0.013326540986184465,0.019295947429725912,386.4740295410156,1
2025-03-19,MSFT,386.4740295410156,384.1361389160156,391.38987426757814,47.33799523397126,0.011212062123519662,0.01621483992395082,385.49737548828125,0
2025-03-20,MSFT,385.49737548828125,385.7445373535156,389.93045501708986,43.34026105662197,-0.002527088440830716,0.016023119827754794,389.9020690917969,1
2025-03-21,MSFT,389.9020690917969,386.282666015625,389.0858978271484,52.62830286096667,0.01142600153356832,0.016391223063622156,391.7157287597656,1
2025-03-24,MSFT,391.7157287597656,387.15562133789064,388.54179229736326,53.81092844580157,0.004651577438902432,0.011582205498718134,393.7885437011719,1
2025-03-25,MSFT,393.7885437011719,389.4755493164063,388.4052703857422,45.45716619539776,0.005291630611742537,0.011555805453802557,388.6165466308594,0
2025-03-26,MSFT,388.6165466308594,389.904052734375,387.9189651489258,44.59877544063321,-0.013133944989108914,0.012630717512130426,389.2243957519531,1
2025-03-27,MSFT,389.2243957519531,390.6494567871094,387.8218017578125,48.02538192617572,0.0015641359750724337,0.011712512349228404,377.48529052734375,0
2025-03-28,MSFT,377.48529052734375,388.1661010742188,386.9154586791992,49.15314889602538,-0.030160250366450647,0.012969535280742645,374.087158203125,0
2025-03-31,MSFT,374.087158203125,384.6403869628906,386.26273345947266,45.89379543260706,-0.009002025799393687,0.013080431675043788,380.8635559082031,1
2025-04-01,MSFT,380.8635559082031,382.0553894042969,385.94284973144534,49.55042160648411,0.018114488980663257,0.014163295115370116,380.813720703125,0
2025-04-02,MSFT,380.813720703125,380.49482421875,385.0021270751953,53.470714734492134,-0.00013084792258288847,0.013585186652915299,371.8150329589844,0
2025-04-03,MSFT,371.8150329589844,377.01295166015626,383.81725158691404,36.407549914274306,-0.023630156307198336,0.015310804521323022,358.59112548828125,0
2025-04-04,MSFT,358.59112548828125,373.23411865234374,382.149560546875,29.0758254887169,-0.035565822515201795,0.017302237030317486,356.61798095703125,0
2025-04-07,MSFT,356.61798095703125,369.740283203125,381.0384292602539,30.399118757353662,-0.005502491252574182,0.016753464612605073,353.3294372558594,0
2025-04-08,MSFT,353.3294372558594,364.23345947265625,379.74842224121096,24.156875748177427,-0.009221474734242618,0.0159672809207709,389.13470458984375,1
2025-04-09,MSFT,389.13470458984375,365.89765625,380.10816802978513,52.98394081874777,0.10133677966961008,0.038762748180134365,380.0264587402344,0
2025-04-10,MSFT,380.0264587402344,367.53994140625,380.2367218017578,46.65229480611558,-0.023406408480604823,0.03950384251364957,387.1018371582031,1
2025-04-11,MSFT,387.1018371582031,373.24208374023436,380.23124237060546,49.18075477537794,0.018618120541983307,0.03860272064997942,386.4640197753906,0
2025-04-14,MSFT,386.4640197753906,379.21129150390624,380.1868957519531,47.97831887609761,-0.0016476733551430423,0.03841484902211788,384.3912658691406,0
2025-04-15,MSFT,384.3912658691406,385.4236572265625,380.2970138549805,49.294470902493416,-0.0053633813244883255,0.0381659774340914,370.32025146484375,0
2025-04-16,MSFT,370.32025146484375,381.6607666015625,379.48932495117185,43.37632062511653,-0.036605968068710304,0.040041212494185366,366.5035400390625,0
2025-04-17,MSFT,366.5035400390625,378.9561828613281,378.5396331787109,46.26181471242045,-0.0103065155380615,0.03946264745804389,357.87359619140625,0
2025-04-21,MSFT,357.87359619140625,373.11053466796875,376.9382095336914,44.1120728546782,-0.02354668619772804,0.0384551724233578,365.5469055175781,1
2025-04-22,MSFT,365.5469055175781,368.92711181640624,375.62976837158203,44.69986912189973,0.021441395531364815,0.03893384266761883,373.0906066894531,1
2025-04-23,MSFT,373.0906066894531,366.66697998046874,374.5948715209961,48.10534145857057,0.02063675292557554,0.03902617904567979,385.9557800292969,1
2025-04-24,MSFT,385.9557800292969,369.79408569335936,374.46183319091796,56.52166254769016,0.03448270502975226,0.023565658339931187,390.4900207519531,1
2025-04-25,MSFT,390.4900207519531,374.5913818359375,374.52511444091795,64.30586533783791,0.0117480834781436,0.022372343082377222,389.8023986816406,0
2025-04-28,MSFT,389.8023986816406,380.9771423339844,375.14096984863284,65.05746707952103,-0.0017609209807419868,0.021704305554597274,392.67242431640625,1
2025-04-29,MSFT,392.67242431640625,386.40224609375,376.0702331542969,67.75082595529958,0.00736277058446122,0.021773351917169087,393.88818359375,1
2025-04-30,MSFT,393.88818359375,390.5617614746094,376.7214645385742,53.351545427037244,0.0030961157495594804,0.021627580058940925,423.9235534667969,1
2025-05-01,MSFT,423.9235534667969,398.1553161621094,378.8769561767578,70.96383935186071,0.07625354383320349,0.027510434893642896,433.769287109375,1
2025-05-02,MSFT,433.769287109375,406.81116943359376,381.9746688842773,71.44594485126255,0.023225257389123177,0.026240876040165024,434.65618896484375,1
2025-05-05,MSFT,434.65618896484375,415.78192749023435,385.77792205810545,72.07969200178815,0.002044639585663255,0.022843299421416025,431.8061218261719,0
2025-05-06,MSFT,431.8061218261719,423.6086669921875,389.5373291015625,71.77138030083196,-0.006557060985279972,0.024296606625569844,431.8459777832031,1
2025-05-07,MSFT,431.8459777832031,431.2002258300781,393.46315612792966,82.6137416202867,9.230058356446413e-05,0.024822812493955317,436.6492614746094,1
2025-05-08,MSFT,436.6492614746094,433.7453674316406,395.838883972168,86.90694781943503,0.011122677849317864,0.023866243521892695,437.20733642578125,1
2025-05-09,MSFT,437.20733642578125,434.4329772949219,398.6979278564453,96.2379427645732,0.0012780851828013695,0.02413892641398976,447.70074462890625,1
2025-05-12,MSFT,447.70074462890625,437.04188842773436,401.72787322998045,96.28099584648078,0.024000988384389466,0.02392646510460668,447.5812072753906,0
2025-05-13,MSFT,447.5812072753906,440.1969055175781,404.78373260498046,95.7770144714342,-0.0002670028025409943,0.024287362041916102,451.36798095703125,1
2025-05-14,MSFT,451.36798095703125,444.10130615234374,408.132568359375,95.15710540694982,0.008460528771286668,0.024092238491346608,452.3863220214844,1
2025-05-15,MSFT,452.3863220214844,447.24871826171875,412.23587188720705,94.88312095749785,0.0022561216289509467,0.010185258757140294,453.5244445800781,1
2025-05-16,MSFT,453.5244445800781,450.51213989257815,416.5869171142578,95.95089345699147,0.0025158200042567636,0.008364117379898927,458.11688232421875,1
2025-05-19,MSFT,458.11688232421875,452.5953674316406,421.5990814208984,96.01621332671515,0.010126108524079136,0.008490549838820893,457.4180603027344,0
2025-05-20,MSFT,457.4180603027344,454.5627380371094,426.19263916015626,95.08058765213526,-0.0015254229836257904,0.007833269125878894,451.8272399902344,0
2025-05-21,MSFT,451.8272399902344,454.65458984375,430.1294708251953,80.5363149330266,-0.012222561367165596,0.009600107253498196,454.11346435546875,1
2025-05-22,MSFT,454.11346435546875,455.00001831054686,433.53735504150393,76.4969380173963,0.0050599524837939835,0.00932821476742845,449.441162109375,0
2025-05-23,MSFT,449.441162109375,454.18336181640626,436.484912109375,67.77719412184602,-0.010288843235963574,0.010359048255262527,459.93389892578125,1
2025-05-27,MSFT,459.93389892578125,454.54676513671876,439.99148712158205,78.40859976449437,0.023346185665684027,0.010211241288213935,456.609375,0
2025-05-28,MSFT,456.609375,454.38502807617186,443.1883346557617,73.65707290640529,-0.007228264612688884,0.010666604814333768,457.9272155761719,1
2025-05-29,MSFT,457.9272155761719,455.6050231933594,446.3902862548828,71.71045149899578,0.0028861443683056986,0.01043756351039777,459.60443115234375,1
2025-05-30,MSFT,459.60443115234375,456.7032165527344,448.17433013916013,72.30298178834808,0.0036626247995799055,0.010458452292513286,461.2118225097656,1
2025-06-02,MSFT,461.2118225097656,459.0573486328125,449.5464569091797,66.21907153760961,0.003497336510424276,0.01047225285593882,462.2101745605469,1
2025-06-03,MSFT,462.2101745605469,459.5126037597656,450.92415618896484,67.17248703663515,0.0021646280560383424,0.010057554259096631,463.1086730957031,1
2025-06-04,MSFT,463.1086730957031,460.8124633789063,452.4892837524414,64.7613664256287,0.0019439176907138922,0.010023023193198694,466.91241455078125,1
2025-06-05,MSFT,466.91241455078125,462.6095031738281,454.2426055908203,66.97859098077345,0.008213496477298854,0.008994156040405687,469.6080017089844,1
2025-06-06,MSFT,469.6080017089844,464.61021728515624,455.8905426025391,68.07686828155991,0.005773218004487157,0.009012247212825317,471.97412109375,1
2025-06-09,MSFT,471.97412109375,466.76267700195314,457.6288818359375,66.32769764985136,0.005038498867470098,0.00762221541184513,470.1471252441406,0
2025-06-10,MSFT,470.1471252441406,468.3500671386719,458.7512008666992,64.69345448417309,-0.003870966156736544,0.0045594253153086696,471.8443298339844,1
2025-06-11,MSFT,471.8443298339844,470.0971984863281,459.96435699462893,75.2978847311847,0.0036099435659899815,0.0031317290010931813,478.0840759277344,1
2025-06-12,MSFT,478.0840759277344,472.33153076171874,461.30016174316404,77.4264018135054,0.01322416250280134,0.00442301561312337,474.18048095703125,0
2025-06-13,MSFT,474.18048095703125,473.24602661132815,462.3898696899414,79.20169170413213,-0.008165080510427192,0.005940985153530885,478.3536376953125,1
2025-06-16,MSFT,478.3536376953125,474.5219299316406,463.63132934570314,75.3271594114252,0.008800777142615956,0.006206903658222983,477.25543212890625,0
2025-06-17,MSFT,477.25543212890625,475.94359130859374,464.5882568359375,80.40666123687083,-0.0022958026862665015,0.006481555609594844,479.4518127441406,1
2025-06-18,MSFT,479.4518127441406,477.465087890625,465.6899444580078,80.85577001552797,0.0046021071052808615,0.006477584764082739,476.6164855957031,0
2025-06-20,MSFT,476.6164855957031,477.17156982421875,466.9294067382813,73.74582486992432,-0.005913685323681417,0.006862764714126433,485.2023620605469,1
2025-06-23,MSFT,485.2023620605469,479.3759460449219,468.48385162353514,77.90523500049613,0.01801422469496128,0.008492778119394343,489.30560302734375,1
2025-06-24,MSFT,489.30560302734375,481.56633911132815,470.4770736694336,79.32495979578113,0.008456762142235563,0.008637879649392239,491.4620666503906,1
2025-06-25,MSFT,491.4620666503906,484.407666015625,472.05348205566406,79.83228477639881,0.004407191762580975,0.00822418170558935,496.6335754394531,1
2025-06-26,MSFT,496.6335754394531,487.8440185546875,474.05469207763673,80.28577651577359,0.010522701831922499,0.008431391279065878,495.1260681152344,0
2025-06-27,MSFT,495.1260681152344,491.5459350585937,475.91463470458984,76.7090705538045,-0.003035451888013796,0.008270872297967108,496.5936584472656,1
2025-06-30,MSFT,496.5936584472656,493.8241943359375,477.76409606933595,76.21546789619019,0.002964074054145005,0.0072004386758752195,491.242431640625,0
2025-07-01,MSFT,491.242431640625,494.21156005859376,479.26562652587893,71.19331877469602,-0.010775866174716486,0.008492548436970707,490.2840270996094,0
2025-07-02,MSFT,490.2840270996094,493.9759521484375,480.66931915283203,68.83813675568422,-0.001950980777077449,0.00847070641509983,498.02130126953125,1
2025-07-03,MSFT,498.02130126953125,494.2534973144531,482.4149505615234,69.59209048442486,0.01578120791675297,0.009428843262280523,496.90313720703125,0
2025-07-07,MSFT,496.90313720703125,494.6089111328125,483.91448669433595,73.72151014181475,-0.0022452133265176144,0.009071481277775672,495.804931640625,0
2025-07-08,MSFT,495.804931640625,494.4511657714844,485.22433319091795,69.49074640493669,-0.0022100998850178577,0.0078212035218728,502.68365478515625,1
2025-07-09,MSFT,502.68365478515625,496.7394104003906,486.75980987548826,75.05445768385053,0.013873849785578818,0.00846450795524011,500.656982421875,0
2025-07-10,MSFT,500.656982421875,498.8140014648437,488.285302734375,71.04805166873871,-0.004031705316035028,0.008696552709241207,502.49395751953125,1
2025-07-11,MSFT,502.49395751953125,499.7085327148437,489.81778411865236,76.2117964509753,0.0036691290886827765,0.008196236375837399,502.1944274902344,0
2025-07-14,MSFT,502.1944274902344,500.76679077148435,491.02330169677737,70.60421227513162,-0.000596086828139053,0.008091679142418125,504.9898376464844,1
2025-07-15,MSFT,504.9898376464844,502.60377197265626,492.56376953125,69.56335967512575,0.00556639023300276,0.008187142867954822,504.7901611328125,0
2025-07-16,MSFT,504.7901611328125,503.0250732421875,493.885595703125,67.48078116818968,-0.00039540699393569856,0.007000511815633344,510.8601989746094,1
2025-07-17,MSFT,510.8601989746094,505.0657165527344,495.56583404541016,68.0981880676895,0.012024873520068091,0.007345178891225539,509.212890625,0
2025-07-18,MSFT,509.212890625,506.4095031738281,497.05388793945315,67.93579741269703,-0.0032245775907299157,0.006397070314085843,509.2228698730469,1
2025-07-21,MSFT,509.2228698730469,507.8151916503906,498.6842071533203,66.69946797599498,1.9597398712045688e-05,0.006259114055232138,504.44073486328125,0
2025-07-22,MSFT,504.44073486328125,507.70537109375,499.64612579345703,67.93135114789615,-0.009391045243034468,0.007197277596459043,505.0397644042969,1
2025-07-23,MSFT,505.0397644042969,507.7552917480469,500.4328338623047,70.23022257976291,0.0011875122281272965,0.005806889498531706,510.0415344238281,1
2025-07-24,MSFT,510.0415344238281,507.5915588378906,501.36180725097654,67.66988231291802,0.009903715255829226,0.006257715997864454,512.866943359375,1
2025-07-25,MSFT,512.866943359375,508.32236938476564,502.17347564697263,72.29101393726148,0.005539566378135463,0.006344604921978851,511.65887451171875,0
2025-07-28,MSFT,511.65887451171875,508.8095703125,503.0001159667969,72.14455550074236,-0.0023555209851178205,0.00645007084899489,511.728759765625,1
2025-07-29,MSFT,511.728759765625,510.2671752929688,503.75687103271486,65.5517537217347,0.00013658563818119696,0.006333456391207151,512.3976440429688,1
2025-07-30,MSFT,512.3976440429688,511.73875122070314,504.814631652832,71.14338345258149,0.0013071070651766714,0.0063043035846688765,532.6243896484375,1
2025-07-31,MSFT,532.6243896484375,516.255322265625,506.93164978027346,82.48224541401592,0.03947470453976676,0.01338673722229883,523.2498168945312,0
2025-08-01,MSFT,523.2498168945312,518.3318969726563,508.1930755615234,69.5106846106297,-0.01760072001226609,0.014959354782995938,534.7609252929688,1
2025-08-04,MSFT,534.7609252929688,522.9523071289062,510.0859649658203,73.53305213168119,0.021999259295981233,0.016074954003448445,526.8838500976562,0
2025-08-05,MSFT,526.8838500976562,525.9833251953125,511.63991088867186,65.94405565260045,-0.014730087451690799,0.016683910250429982,524.0784912109375,0
2025-08-06,MSFT,524.0784912109375,528.3194946289062,512.7096527099609,60.19015841360967,-0.0053244351410633994,0.01695190118813174,519.9852294921875,0
2025-08-07,MSFT,519.9852294921875,525.7916625976562,513.6760650634766,58.17216800552944,-0.007810398227357296,0.017171391637494347,521.1832275390625,1
2025-08-08,MSFT,521.1832275390625,525.3783447265625,514.6105285644531,58.859242700166305,0.002303907839930286,0.01712904847014081,520.9136962890625,0
2025-08-11,MSFT,520.9136962890625,522.6088989257812,515.5464920043945,62.87113184160707,-0.0005171525785138131,0.01709002974837774,528.3713989257812,1
2025-08-12,MSFT,528.3713989257812,522.9064086914062,516.7155700683594,66.2723896119846,0.014316580058936212,0.01750840910018808,519.7256469726562,0
2025-08-13,MSFT,519.7256469726562,522.03583984375,517.4623443603516,56.8021398082478,-0.016363020350273483,0.018594559650277412,521.6224975585938,1
2025-08-14,MSFT,521.6224975585938,522.3632934570312,518.0004592895508,56.250121655523394,0.003649715185283675,0.013129199565369709,519.3162841796875,0
2025-08-15,MSFT,519.3162841796875,521.9899047851562,518.5056289672851,55.475245966174064,-0.004421230659529152,0.012003213387043257,516.2512817382812,0
2025-08-18,MSFT,516.2512817382812,521.057421875,518.8570495605469,53.33361098774799,-0.005901995633061485,0.009013730906055253,508.933349609375,0
2025-08-19,MSFT,508.933349609375,517.1698120117187,519.0816802978516,48.48743316988764,-0.014175136000177835,0.008938161406151744,504.8900146484375,0
2025-08-20,MSFT,504.8900146484375,514.202685546875,519.0741928100585,30.840480897090472,-0.00794472392905854,0.009037905391418131,504.239990234375,0
2025-08-21,MSFT,504.239990234375,510.72618408203124,518.7841156005859,35.00718252464979,-0.0012874574564821772,0.008942070237391757,507.2300109863281,1
2025-08-22,MSFT,507.2300109863281,508.3089294433594,518.5022689819336,25.029670153613637,0.005929757278004377,0.009250747474796192,504.260009765625,0
2025-08-25,MSFT,504.260009765625,505.9106750488281,518.1323257446289,27.348356546497072,-0.0058553341804989945,0.009266626422047482,502.0400085449219,0
2025-08-26,MSFT,502.0400085449219,504.5320068359375,517.6478881835938,27.614101563423603,-0.004402493114088024,0.006929890855632966,506.739990234375,1
2025-08-27,MSFT,506.739990234375,504.902001953125,517.3650054931641,36.87817307248801,0.00936176720870363,0.007048621863380477,509.6400146484375,1
2025-08-28,MSFT,509.6400146484375,505.9820068359375,516.215786743164,39.03956364056112,0.005722904191400424,0.007276556871905198,506.69000244140625,0
2025-08-29,MSFT,506.69000244140625,505.87400512695314,515.3877960205078,37.08192444416574,-0.005788423440546087,0.007333516674613487,505.1199951171875,0
2025-09-02,MSFT,505.1199951171875,506.04600219726564,513.9057495117188,26.26568659641771,-0.0030985559546348185,0.007239195407085157,505.3500061035156,1
2025-09-03,MSFT,505.3500061035156,506.7080017089844,512.8290573120117,32.2066102844727,0.0004553590999198942,0.0058929592007219015,507.9700012207031,1
2025-09-04,MSFT,507.9700012207031,506.95400390625,512.0236328125,33.51491877259613,0.005184515851476723,0.005549803236143406,495.0,0
2025-09-05,MSFT,495.0,504.0260009765625,510.7743713378906,26.48442100666267,-0.025533006259296664,0.009993700206119274,498.20001220703125,1
2025-09-08,MSFT,498.20001220703125,502.3280029296875,509.6252105712891,32.72492765388121,0.006464671125315569,0.010041004472387595,498.4100036621094,1
2025-09-09,MSFT,498.4100036621094,500.9860046386719,508.5000259399414,38.35367599518753,0.00042150030094911806,0.009951568274937378,500.3699951171875,1
2025-09-10,MSFT,500.3699951171875,499.99000244140626,507.0999557495117,44.9110141963503,0.003932488193810091,0.00999515821823864,501.010009765625,1
2025-09-11,MSFT,501.010009765625,498.59800415039064,506.16417388916017,46.448645611432724,0.0012790827881028477,0.009439507158558371,509.8999938964844,1
2025-09-12,MSFT,509.8999938964844,501.5780029296875,505.5780487060547,53.09130849450713,0.017744124783092063,0.01103499102935668,515.3599853515625,1
2025-09-15,MSFT,515.3599853515625,505.00999755859374,505.38023376464844,61.21507882015853,0.010707965327386493,0.011286067147337042,509.0400085449219,0
2025-09-16,MSFT,509.0400085449219,507.13599853515626,505.0196701049805,56.757815459549434,-0.012263227620067041,0.012069002141101083,510.0199890136719,1
2025-09-17,MSFT,510.0199890136719,509.0659973144531,505.0740020751953,53.558728524099664,0.001925154118143313,0.012072755433125037,508.45001220703125,0
2025-09-18,MSFT,508.45001220703125,510.5539978027344,505.252001953125,49.15882086804629,-0.003078265245401113,0.012036202690110551,517.9299926757812,1
2025-09-19,MSFT,517.9299926757812,512.1599975585938,505.93650207519534,60.28902739897118,0.01864486230927631,0.009370274667827307,514.4500122070312,0
2025-09-22,MSFT,514.4500122070312,511.9780029296875,506.2975021362305,58.38025722980343,-0.0067190170833154594,0.009982741747291095,509.2300109863281,0
2025-09-23,MSFT,509.2300109863281,512.0160034179687,506.54600219726564,53.45201239305014,-0.010146760806378219,0.010839230525008053,510.1499938964844,1
2025-09-24,MSFT,510.1499938964844,512.0420043945312,506.9515014648438,52.148965371924305,0.0018066156556137969,0.010822367759759859,507.0299987792969,0
2025-09-25,MSFT,507.0299987792969,511.75800170898435,506.9660018920898,62.14984747942074,-0.0061158387817614734,0.011124768751810045,511.4599914550781,1
2025-09-26,MSFT,511.4599914550781,510.46400146484376,507.0570007324219,62.98071714360403,0.00873714116807034,0.009942853289220713,514.5999755859375,1
2025-09-29,MSFT,514.5999755859375,510.493994140625,507.45249938964844,64.91835534748859,0.006139256605245391,0.009509541801416641,517.9500122070312,1
2025-09-30,MSFT,517.9500122070312,512.2379943847657,508.0940002441406,65.72702017797482,0.006509982083227506,0.008658008548996862,519.7100219726562,1
2025-10-01,MSFT,519.7100219726562,514.15,508.81200103759767,66.36441729292237,0.0033980301653540046,0.008673449648959414,515.739990234375,0
2025-10-02,MSFT,515.739990234375,515.8919982910156,509.20050048828125,55.73380777962645,-0.007638936272985952,0.009075897928141593,517.3499755859375,1
2025-10-03,MSFT,517.3499755859375,517.0699951171875,510.3179992675781,52.244631337594576,0.003121699658835464,0.006869738906488585,528.5700073242188,1
2025-10-06,MSFT,528.5700073242188,519.8640014648438,511.8364990234375,68.10908965576607,0.021687508007657064,0.009276057625098477,523.97998046875,0
2025-10-07,MSFT,523.97998046875,521.0699951171875,513.1149978637695,62.302299351324336,-0.008683857940984696,0.009059066951628947,524.8499755859375,1
2025-10-08,MSFT,524.8499755859375,522.0979858398438,514.338996887207,64.5937596851357,0.0016603594595525628,0.009061139266897139,522.4000244140625,0
2025-10-09,MSFT,522.4000244140625,523.4299926757812,515.4084976196289,54.68308068040728,-0.004667907565661822,0.008911726997010604,510.9599914550781,0
2025-10-10,MSFT,510.9599914550781,522.1519958496094,515.4614974975586,47.285645076901915,-0.021898990092536486,0.01159296106051534,514.0499877929688,1
2025-10-13,MSFT,514.0499877929688,519.2479919433594,515.3959976196289,54.672161482251816,0.0060474330467461535,0.01158756037787408,513.5700073242188,0
2025-10-14,MSFT,513.5700073242188,517.1659973144531,515.6224975585938,53.43253247316589,-0.00093372333459385,0.011356365369820374,513.4299926757812,0
2025-10-15,MSFT,513.4299926757812,514.8820007324218,515.7929977416992,56.511676740891545,-0.0002726301116511287,0.011264880797137247,511.6099853515625,0
2025-10-16,MSFT,511.6099853515625,512.7239929199219,515.9509963989258,50.479916390526924,-0.0035448013364658415,0.011075975823878537,513.5800170898438,1
2025-10-17,MSFT,513.5800170898438,513.247998046875,515.7334976196289,49.273186067203945,0.003850651462417254,0.011106633466694275,516.7899780273438,1
2025-10-20,MSFT,516.7899780273438,513.79599609375,515.8504959106446,49.13246379286945,0.006250167122328731,0.008394723158711615,517.6599731445312,1
2025-10-21,MSFT,517.6599731445312,514.6139892578125,516.2719940185547,48.183867485644285,0.0016834597306014665,0.008144090627520745,520.5399780273438,1
2025-10-22,MSFT,520.5399780273438,516.035986328125,516.7914932250976,55.48749426684609,0.0055635069973014595,0.008385436979636727,520.5599975585938,1
2025-10-23,MSFT,520.5599975585938,517.8259887695312,517.4679931640625,53.90605529816013,3.8459161822324006e-05,0.00827509423836949,523.6099853515625,1
2025-10-24,MSFT,523.6099853515625,519.831982421875,518.0754928588867,43.62354002480981,0.00585905142014953,0.0035255111270326564,531.52001953125,1
2025-10-27,MSFT,531.52001953125,522.7779907226562,518.9214950561524,59.52581685706345,0.015106729055933688,0.005279224619948635,542.0700073242188,1
2025-10-28,MSFT,542.0700073242188,527.6599975585938,520.1274948120117,67.2289423479885,0.019848712005754443,0.00715758260026507,541.5499877929688,0
2025-10-29,MSFT,541.5499877929688,531.8619995117188,521.2194931030274,69.94318882017535,-0.0009593217190099201,0.007221469736968447,525.760009765625,0
2025-10-30,MSFT,525.760009765625,532.902001953125,521.7204940795898,64.8214052665673,-0.029157009294181968,0.012980204799134637,517.8099975585938,0
2025-10-31,MSFT,517.8099975585938,531.7420043945312,521.7434951782227,53.79531616799845,-0.015120990678951118,0.014145110782262637,517.030029296875,0
2025-11-03,MSFT,517.030029296875,528.8440063476562,521.1664962768555,53.51211914527878,-0.0015062827396076228,0.01403203484759569,514.3300170898438,0
2025-11-04,MSFT,514.3300170898438,523.2960083007813,520.6839981079102,51.182890102908175,-0.005222157426142293,0.014117063714711841,507.1600036621094,0
2025-11-05,MSFT,507.1600036621094,516.4180114746093,519.7994995117188,46.895610041461325,-0.0139404918816588,0.014519415266574843,497.1000061035156,0
2025-11-06,MSFT,497.1000061035156,510.6860107421875,518.5344985961914,38.795912744754105,-0.019835944250241266,0.015462143392854035,496.82000732421875,0
2025-11-07,MSFT,496.82000732421875,506.4880126953125,517.8274993896484,35.787193234531046,-0.0005632644857351821,0.015113853433001733,506.0,1
2020-12-09,SPY,341.9998779296875,343.5660705566406,337.7156509399414,69.00677483774746,-0.008968814489331178,0.005879709173830707,341.88800048828125,0
2020-12-10,SPY,341.88800048828125,343.5735229492187,338.18458099365233,66.93609785437081,-0.0003271271384174268,0.005833491246849677,341.4870910644531,0
2020-12-11,SPY,341.4870910644531,342.91160278320314,338.79474487304685,72.50255886697738,-0.0011726337960255018,0.005843118677030604,339.9582824707031,0
2020-12-14,SPY,339.9582824707031,342.08564453125,339.10052795410155,65.16782101325894,-0.004476914746570748,0.005848019174127883,344.55426025390625,1
2020-12-15,SPY,344.55426025390625,341.9775024414063,339.42774963378906,63.75859758645001,0.013519240507397168,0.006381370880202743,345.094970703125,1
2020-12-16,SPY,345.094970703125,342.5965209960938,339.8729049682617,66.17717996011268,0.0015693042042792538,0.006373231319878709,347.02471923828125,1
2020-12-17,SPY,347.02471923828125,343.6238647460938,340.6168502807617,67.59484748407762,0.005591934681703492,0.00651785112143358,345.6391296386719,0
2020-12-18,SPY,345.6391296386719,344.4542724609375,341.22159576416016,68.03621939223636,-0.003992769168290833,0.006204952356471475,344.40325927734375,0
2020-12-21,SPY,344.40325927734375,345.3432678222656,341.8787506103516,58.01646219271814,-0.0035756089382011913,0.006286119056025755,343.82281494140625,0
2020-12-22,SPY,343.82281494140625,345.1969787597656,342.40759735107423,54.84876386043588,-0.0016853624938261147,0.006225362682549381,344.1317138671875,1
2020-12-23,SPY,344.1317138671875,345.00432739257815,342.6833953857422,55.7837116151317,0.0008984247477408225,0.005440298498364328,345.4705505371094,1
2020-12-24,SPY,345.4705505371094,344.69349365234376,343.05223846435547,51.95904276685005,0.0038904774421302246,0.005520331423118204,348.4385070800781,1
2020-12-28,SPY,348.4385070800781,345.253369140625,343.5223983764648,60.449675999038014,0.008591055122801006,0.005930447980339886,347.77374267578125,0
2020-12-29,SPY,347.77374267578125,345.9274658203125,344.03436889648435,56.60934123614207,-0.0019078385160917755,0.005666894451335015,348.2699279785156,1
2020-12-30,SPY,348.2699279785156,346.8168884277344,344.3865631103516,67.43349874723211,0.001426747456310773,0.004069493489468526,350.03948974609375,1
2020-12-31,SPY,350.03948974609375,347.9984436035156,344.79134063720704,70.70174751241686,0.005081006499324525,0.0042632532488819045,345.27398681640625,0
2021-01-04,SPY,345.27398681640625,347.959130859375,344.96250305175784,58.103231706460754,-0.0136141865969015,0.006107970146066414,347.65203857421875,1
2021-01-05,SPY,347.65203857421875,347.8018371582031,345.1052703857422,65.69943507849374,0.006887433889066763,0.006377555756266902,349.7303771972656,1
2021-01-06,SPY,349.7303771972656,348.1931640625,345.387385559082,61.700982125747906,0.005978214974865281,0.006398227967774782,354.9265441894531,1
2021-01-07,SPY,354.9265441894531,349.5244873046875,345.87896423339845,68.22750821584549,0.014857636999763946,0.007509566745026919,356.94879150390625,1
2021-01-08,SPY,356.94879150390625,350.90634765625,346.62640991210935,68.27052379858348,0.005697650253438713,0.007498849441575681,354.5426025390625,0
2021-01-11,SPY,354.5426025390625,352.76007080078125,347.25914001464844,65.94939965480009,-0.006740992047363226,0.008188963986381876,354.61761474609375,1
2021-01-12,SPY,354.61761474609375,354.15318603515624,347.9156661987305,69.08632811049671,0.00021157459355825026,0.007935522772743056,355.57257080078125,1
2021-01-13,SPY,355.57257080078125,355.3216247558594,348.6963806152344,71.63083912011346,0.0026929177090406764,0.007830128321214143,354.3273620605469,0
2021-01-14,SPY,354.3273620605469,355.2017883300781,349.1850357055664,68.22262017978335,-0.003501981993239922,0.008039864687291693,351.7433776855469,0
2021-01-15,SPY,351.7433776855469,354.16070556640625,349.5174560546875,60.87012593909085,-0.0072926470029668344,0.008414536949755393,354.5052795410156,1
2021-01-19,SPY,354.5052795410156,354.1532409667969,349.89148406982423,60.524810561092714,0.007852036543351426,0.007033635145135407,359.41119384765625,1
2021-01-20,SPY,359.41119384765625,355.11195678710936,350.58008728027346,67.44163950703283,0.013838762325323994,0.00779922695004814,359.7388000488281,1
2021-01-21,SPY,359.7388000488281,355.94520263671876,351.3468643188477,67.26535111755082,0.0009115080631314498,0.00777472730245702,358.4655456542969,0
2021-01-22,SPY,358.4655456542969,356.77283935546876,352.07900085449216,62.94558827143274,-0.0035393857831249598,0.006724009207175338,359.8792724609375,1
2021-01-25,SPY,359.8792724609375,358.4000183105469,352.8663787841797,74.89472527391155,0.003943828978208108,0.0066101498089005985,359.31756591796875,0
2021-01-26,SPY,359.31756591796875,359.3624755859375,353.55872955322263,71.20853643112886,-0.0015608193801428527,0.006136240759606508,350.53564453125,0
2021-01-27,SPY,350.53564453125,357.5873657226563,353.66358642578126,51.5087807255488,-0.024440556821326287,0.010231977080718253,353.55035400390625,1
2021-01-28,SPY,353.55035400390625,356.34967651367185,353.9524169921875,48.168001069219734,0.008600293635437906,0.010638367553644867,346.4723815917969,0
2021-01-29,SPY,346.4723815917969,353.9510437011719,353.86253967285154,36.18830267893444,-0.020019701103258347,0.012304799724266208,352.2395935058594,1
2021-02-01,SPY,352.2395935058594,352.42310791015626,353.97254486083983,47.540812141760036,0.01664551698916439,0.013470888150245969,357.2203063964844,1
2021-02-02,SPY,357.2203063964844,352.0036560058594,354.5698608398437,53.205876774290914,0.014140127863116358,0.014002824407685117,357.501220703125,1
2021-02-03,SPY,357.501220703125,353.3967712402344,355.06231994628905,52.503808556413055,0.0007863895238049423,0.013245639022109002,361.564453125,1
2021-02-04,SPY,361.564453125,354.9995910644531,355.6540237426758,57.86698579840177,0.011365646287538667,0.013767586915808839,362.987548828125,1
2021-02-05,SPY,362.987548828125,358.30262451171876,356.05707397460935,62.334489450216935,0.003935939196525462,0.013721198417836639,365.6090393066406,1
2021-02-08,SPY,365.6090393066406,360.976513671875,356.4900863647461,62.15326651726543,0.0072219845748948686,0.013829063386753665,365.36553955078125,0
2021-02-09,SPY,365.36553955078125,362.6055603027344,357.031233215332,57.354848691114945,-0.0006660113117584743,0.013808733711128382,365.2063903808594,0
2021-02-10,SPY,365.2063903808594,364.14659423828124,357.5606719970703,56.81048763439058,-0.00043558889028660897,0.010419018595320776,365.7962646484375,1
2021-02-11,SPY,365.7962646484375,364.9929565429687,358.0718566894531,59.15785051695943,0.001615180574915387,0.01032176107607313,367.6031494140625,1
2021-02-12,SPY,367.6031494140625,365.91607666015625,358.7356460571289,59.5073218452918,0.0049395932661082664,0.006213761216124945,367.2848815917969,0
2021-02-16,SPY,367.2848815917969,366.2512451171875,359.5127212524414,59.86485832558716,-0.0008657918811982857,0.00526059387342671,367.369140625,1
2021-02-17,SPY,367.369140625,366.65196533203124,360.1559143066406,75.961754956227,0.00022941056772585178,0.0040383922646332945,365.8056335449219,0
2021-02-18,SPY,365.8056335449219,366.7718139648438,360.4756362915039,69.87809406971613,-0.004255956494925384,0.004595827862972064,365.1596374511719,0
2021-02-19,SPY,365.1596374511719,366.6444885253906,360.7466781616211,88.3992728745472,-0.001765954470109743,0.0034547636982972738,362.3508605957031,0
2021-02-22,SPY,362.3508605957031,365.5940307617187,360.9409439086914,73.82775583694477,-0.007691914898026897,0.004225816442298533,362.79095458984375,1
2021-02-23,SPY,362.79095458984375,364.69524536132815,361.0865280151367,66.62852529193242,0.0012145520874908833,0.00340611091012881,366.7886657714844,1
2021-02-24,SPY,366.7886657714844,364.579150390625,361.4600830078125,72.59621211058656,0.011019324299748057,0.005051908646176289,357.9505615234375,0
2021-02-25,SPY,357.9505615234375,363.0081359863281,361.83082885742186,43.13743921228112,-0.024095903371106786,0.009268102765430076,356.1061706542969,0
2021-02-26,SPY,356.1061706542969,361.19744262695315,361.95861968994143,36.86962340870715,-0.00515264136279292,0.009224559519404086,364.73828125,1
2021-03-01,SPY,364.73828125,361.6749267578125,362.8719146728516,49.0523419531406,0.024240272444149946,0.01244444217226026,361.8921813964844,0
2021-03-02,SPY,361.8921813964844,361.49517211914065,363.3545440673828,45.37973245195929,-0.007803128982682317,0.012645678558686936,357.0986633300781,0
2021-03-03,SPY,357.0986633300781,359.5571716308594,363.3484619140625,40.00387908841337,-0.013245707735129342,0.013159532570451379,352.67962646484375,0
2021-03-04,SPY,352.67962646484375,358.50298461914065,363.1073822021484,35.025150370059634,-0.012374834517791866,0.013508340711858668,359.1676330566406,1
2021-03-05,SPY,359.1676330566406,359.1152770996094,362.98754119873047,41.631401029193235,0.018396318088546026,0.01520494276972338,357.37945556640625,0
2021-03-08,SPY,357.37945556640625,357.6435119628906,362.7071365356445,40.37668064134223,-0.004978671031730664,0.015107046261137841,362.4820251464844,1
2021-03-09,SPY,362.4820251464844,357.7614807128906,362.55078582763673,45.94170289048108,0.014277736172581879,0.015890983300333547,364.73828125,1
2021-03-10,SPY,364.73828125,359.289404296875,362.51942291259763,49.43071632223008,0.00622446341333438,0.015592023184039419,368.4363708496094,1
2021-03-11,SPY,368.4363708496094,362.4407531738281,362.68092193603513,53.16089157973045,0.010139022388699015,0.013432461281268548,368.9326171875,1
2021-03-12,SPY,368.9326171875,364.39375,362.8377395629883,56.21569796665247,0.0013468983443363225,0.013149914337920699,371.13275146484375,1
2021-03-15,SPY,371.13275146484375,367.1444091796875,363.0142196655273,57.5213110701358,0.005963512508371016,0.011071767944400568,370.66461181640625,0
2021-03-16,SPY,370.66461181640625,368.7809265136719,363.18320617675784,53.90498405816688,-0.001261380588454597,0.010625964475352715,371.9286193847656,1
2021-03-17,SPY,371.9286193847656,370.218994140625,363.4111801147461,65.20864951744139,0.00341011126518187,0.009086419333405791,366.51715087890625,0
2021-03-18,SPY,366.51715087890625,369.83515014648435,363.44675598144534,60.77507234981493,-0.014549750204248535,0.009539679766083102,365.83892822265625,0
2021-03-19,SPY,365.83892822265625,369.21641235351564,363.48072052001953,51.59474121736846,-0.0018504527131230075,0.008170762107728193,368.76019287109375,1
2021-03-22,SPY,368.76019287109375,368.7419006347656,363.8011871337891,58.39728178935777,0.007985111542475165,0.007989442978908745,365.85772705078125,0
2021-03-23,SPY,365.85772705078125,367.7805236816406,363.95452575683595,61.23446840924743,-0.007870876185725129,0.007629464760370613,363.99798583984375,0
2021-03-24,SPY,363.99798583984375,366.19439697265625,363.8149917602539,65.55523208485852,-0.005083236114565848,0.0075993791205195985,366.0456237792969,1
2021-03-25,SPY,366.0456237792969,366.1000915527344,364.21974487304686,60.698135360227745,0.0056254100822252795,0.007031393917261447,371.9444580078125,1
2021-03-26,SPY,371.9444580078125,367.3211975097656,365.0116592407227,69.89694525058474,0.016115024590684035,0.008816632879082008,371.75653076171875,0
2021-03-29,SPY,371.75653076171875,367.92046508789065,365.3625717163086,64.60732182565155,-0.0005052562070700928,0.008635070416793903,370.7702941894531,0
2021-03-30,SPY,370.7702941894531,368.902978515625,365.80647735595704,59.96409481233705,-0.0026529098769155768,0.008672394829508942,372.2732238769531,1
2021-03-31,SPY,372.2732238769531,370.5580261230469,366.5652053833008,56.85144315416072,0.004053533174186885,0.008702327714447173,376.29339599609375,1
2021-04-01,SPY,376.29339599609375,372.6075805664062,367.74589385986326,61.50053051836544,0.010798982739810059,0.007570558533136694,381.6943054199219,1
2021-04-05,SPY,381.6943054199219,374.55755004882815,368.87222747802736,64.8609620807951,0.014352921101714378,0.008204983672268058,381.46893310546875,0
2021-04-06,SPY,381.46893310546875,376.5000305175781,370.07670135498046,65.31690513931568,-0.0005904523888696778,0.008223052418777205,381.9103698730469,1
2021-04-07,SPY,381.9103698730469,378.72804565429686,371.0481185913086,64.47843640467823,0.0011572024069810283,0.0072875477617685164,383.7232360839844,1
2021-04-08,SPY,383.7232360839844,381.01804809570314,371.9973663330078,77.75081720706675,0.004746836833836587,0.006497293963795115,386.5129699707031,1
2021-04-09,SPY,386.5129699707031,383.061962890625,372.9011962890625,81.19228423185699,0.007270171895736199,0.006526912667389926,386.6538391113281,1
2021-04-12,SPY,386.6538391113281,384.0538696289062,373.7872573852539,79.42689682667638,0.0003644616133726686,0.005492341406366033,387.79974365234375,1
2021-04-13,SPY,387.79974365234375,385.3200317382813,374.62060699462893,88.42178562958573,0.0029636445448191218,0.005289009644895602,386.4754333496094,0
2021-04-14,SPY,386.4754333496094,386.23304443359376,375.41114807128906,90.39887763024622,-0.003414933414503718,0.005403703995994521,390.62713623046875,1
2021-04-15,SPY,390.62713623046875,387.61382446289065,376.34607391357423,91.01508606314694,0.010742475517463657,0.005787982360647084,391.9327697753906,1
2021-04-16,SPY,391.9327697753906,388.6977844238281,377.6168548583984,89.3011163103345,0.003342403596230392,0.005402334499915992,390.0071716308594,0
2021-04-19,SPY,390.0071716308594,389.3684509277344,378.8252670288086,83.7853984243805,-0.004913082786200285,0.004730643017305886,387.1517333984375,0
2021-04-20,SPY,387.1517333984375,389.2388488769531,379.7448440551758,78.64076641899916,-0.007321501859777424,0.005570822388520492,390.8149719238281,1
2021-04-21,SPY,390.8149719238281,390.10675659179685,380.9927062988281,80.0592293626697,0.009462022792031677,0.006108185449537628,387.24566650390625,0
2021-04-22,SPY,387.24566650390625,389.4304626464844,382.15509033203125,68.19438257241677,-0.00913298024983944,0.007007326544086195,391.4443054199219,1
2021-04-23,SPY,391.4443054199219,389.3327697753906,383.4250244140625,66.73030628168196,0.010842313495516676,0.0074435580330220255,392.2615051269531,1
2021-04-26,SPY,392.2615051269531,389.78363647460935,384.44087677001954,68.13018094338932,0.0020876525618493957,0.007439606425499341,392.1769714355469,0
2021-04-27,SPY,392.1769714355469,390.78868408203124,385.46189880371094,67.4589739855366,-0.00021550340857146022,0.007436413768481138,392.06427001953125,0
2021-04-28,SPY,392.06427001953125,391.0385437011719,386.52659759521487,65.05638138178796,-0.00028737387512345336,0.007287468168416944,394.56280517578125,1
2021-04-29,SPY,394.56280517578125,392.50197143554686,387.6410766601563,64.61757480295059,0.006372769332246397,0.006782590983732613,391.9703369140625,0
2021-04-30,SPY,391.9703369140625,392.607177734375,388.4249237060547,58.98516867781696,-0.006570483146691397,0.0071219535950942554,392.81573486328125,1
2021-05-03,SPY,392.81573486328125,392.7180236816406,388.98099517822266,58.5546198001149,0.0021567906282768945,0.006924651358873146,390.3923034667969,0
2021-05-04,SPY,390.3923034667969,392.3610900878906,389.4271636962891,56.528841989004746,-0.006169384730293048,0.006783785127692743,390.5144348144531,1
2021-05-05,SPY,390.5144348144531,392.051123046875,389.85736694335935,49.97576930541943,0.00031284261132125124,0.006073735505598408,393.63287353515625,1
2021-05-06,SPY,393.63287353515625,391.86513671875,390.352848815918,53.121711758780684,0.007985463385456582,0.005628600168635676,396.49774169921875,1
2021-05-07,SPY,396.49774169921875,392.77061767578124,390.8520874023437,61.024744676790846,0.007278020604157165,0.005066738855384796,392.57147216796875,0
2021-05-10,SPY,392.57147216796875,392.7217651367188,391.1479690551758,59.025440631327854,-0.00990237552028339,0.006159232732719577,389.06793212890625,0
2021-05-11,SPY,389.06793212890625,392.45689086914064,391.2113784790039,47.33708423330137,-0.008924591539253401,0.006791464254358677,380.802001953125,0
2021-05-12,SPY,380.802001953125,390.514404296875,390.9277069091797,40.99106103070135,-0.02124546767591884,0.00936898554337994,385.3764343261719,1
2021-05-13,SPY,385.3764343261719,388.8631164550781,390.66517181396483,41.745627532389534,0.012012626902129453,0.010126375063660443,391.2940368652344,1
2021-05-14,SPY,391.2940368652344,387.82237548828124,390.633235168457,49.12142667782255,0.01535538245717949,0.011394853921284892,390.29840087890625,0
2021-05-17,SPY,390.29840087890625,387.3677612304688,390.6477966308594,48.05342589971832,-0.0025444701235531886,0.011387732781793634,386.9356689453125,0
2021-05-18,SPY,386.9356689453125,386.94130859375,390.6369934082031,44.58680412894765,-0.008615797364327604,0.011546225540784156,385.9212341308594,0
2021-05-19,SPY,385.9212341308594,387.96515502929685,390.3923065185547,40.378669541185225,-0.002621714398205355,0.011551275710630473,390.0729675292969,1
2021-05-20,SPY,390.0729675292969,388.9044616699219,390.5336715698242,48.203053821528925,0.010757981243990633,0.01182421590242607,389.7535705566406,0
2021-05-21,SPY,389.7535705566406,388.59636840820315,390.44913482666016,46.883183501603206,-0.0008188133996551716,0.011478334319561,393.726806640625,1
2021-05-24,SPY,393.726806640625,389.28204956054685,390.52239990234375,53.88939696985498,0.010194226260223482,0.011632120055077569,392.8531799316406,0
2021-05-25,SPY,392.8531799316406,390.4655517578125,390.55621032714845,52.77715154160813,-0.002218865198532871,0.011223854033536396,393.63287353515625,1
2021-05-26,SPY,393.63287353515625,392.00787963867185,390.6346405029297,50.301735158828556,0.00198469464763229,0.008060422453562158,393.8395690917969,1
2021-05-27,SPY,393.8395690917969,392.7611999511719,390.59847869873045,47.186232258543946,0.0005250972937913545,0.007486598709395679,394.54400634765625,1
2021-05-28,SPY,394.54400634765625,393.719287109375,390.72716217041017,52.8255228532774,0.0017886401244135985,0.005898547270627401,394.1965026855469,0
2021-06-01,SPY,394.1965026855469,393.8132263183594,390.79620056152345,57.46617102320053,-0.0008807728834262507,0.005815258316790047,394.81640625,1
2021-06-02,SPY,394.81640625,394.20587158203125,391.0174057006836,75.37900142141044,0.001572574998078169,0.004733405329542009,393.35107421875,0
2021-06-03,SPY,393.35107421875,394.14951171875,391.15923767089845,66.32848680435539,-0.0037114263947839454,0.004863117686500559,396.94866943359375,1
2021-06-04,SPY,396.94866943359375,394.7713317871094,391.3250274658203,62.68480013471074,0.009146015990903589,0.00455451699993728,396.5635070800781,0
2021-06-07,SPY,396.5635070800781,395.17523193359375,391.3283157348633,64.45296827020277,-0.0009703077077074518,0.004564282444228653,396.6480712890625,1
2021-06-08,SPY,396.6480712890625,395.66554565429686,391.53214569091796,76.3272670029991,0.0002132425386467407,0.0034712910148622382,396.0563049316406,0
2021-06-09,SPY,396.0563049316406,395.913525390625,391.8815643310547,78.19080113522926,-0.0014919178996603,0.003409388544277368,397.8973083496094,1
2021-06-10,SPY,397.8973083496094,396.82277221679686,392.73632965087893,74.87332051771494,0.004648337610195341,0.0036089148632324755,398.5548400878906,1
2021-06-11,SPY,398.5548400878906,397.1440063476563,393.39524993896487,77.38144025077352,0.0016525161756146822,0.0036071263710096327,399.4471435546875,1
2021-06-14,SPY,399.4471435546875,397.7207336425781,393.8029052734375,71.93587728364743,0.00223884739826552,0.003618128185680039,398.7144775390625,0
2021-06-15,SPY,398.7144775390625,398.13401489257814,394.2237091064453,72.7831644267017,-0.001834200162517119,0.0036920794105700493,396.48834228515625,0
2021-06-16,SPY,396.48834228515625,398.2204223632813,394.7013427734375,60.08537999963027,-0.005583281719907296,0.004251391424795797,396.3568420410156,0
2021-06-17,SPY,396.3568420410156,397.9123291015625,395.22312316894534,58.95163471269708,-0.00033166232172865406,0.004013174248234719,391.0098571777344,0
2021-06-18,SPY,391.0098571777344,396.40333251953126,395.2699676513672,40.76489457121675,-0.013490330672096595,0.005020545477640948,396.6075744628906,1
2021-06-21,SPY,396.6075744628906,395.8354187011719,395.6126678466797,55.20781836386348,0.014316051583865397,0.007096132462002539,398.72784423828125,1
2021-06-22,SPY,398.72784423828125,395.8380920410156,395.8627197265625,57.80916885319604,0.00534601432729076,0.007293445749433818,398.247314453125,0
2021-06-23,SPY,398.247314453125,396.18988647460935,396.1324264526367,60.1285254723316,-0.001205157332501372,0.0072850972889515215,400.6031494140625,1
2021-06-24,SPY,400.6031494140625,397.0391479492188,396.480940246582,57.954136276127805,0.005915507463427616,0.007374282210639505,402.02618408203125,1
2021-06-25,SPY,402.02618408203125,399.24241333007814,396.89027099609376,61.27979509347922,0.0035522303557775636,0.007425767062724774,402.8367004394531,1
2021-06-28,SPY,402.8367004394531,400.4882385253906,397.3049057006836,62.376994443200125,0.0020160785280007865,0.007421611979083063,403.05340576171875,1
2021-06-29,SPY,403.05340576171875,401.3533508300781,397.7477508544922,64.18493892929277,0.0005379483101446425,0.007363250921676367,403.39263916015625,1
2021-06-30,SPY,403.39263916015625,402.3824157714844,398.1765625,61.868714563392814,0.0008416586824180339,0.006985185599739289,405.6260681152344,1
2021-07-01,SPY,405.6260681152344,403.3869995117187,398.7903121948242,64.2291289457221,0.0055366130619736165,0.007037192978551195,408.72650146484375,1
2021-07-02,SPY,408.72650146484375,404.72706298828126,399.3792037963867,67.06597270972355,0.0076435751874028846,0.00445600994989555,407.98193359375,0
2021-07-06,SPY,407.98193359375,405.7561096191406,399.9501251220703,67.07829838762078,-0.001821677499318719,0.0032430821370909068,409.4237976074219,1
2021-07-07,SPY,409.4237976074219,407.0301879882812,400.58891143798826,74.50569767483677,0.0035341369186892013,0.00313613669648834,406.0877685546875,0
2021-07-08,SPY,406.0877685546875,407.5692138671875,401.0904846191406,66.62573161238025,-0.008148107345565592,0.004540011102931657,410.4227294921875,1
2021-07-09,SPY,410.4227294921875,408.52854614257814,401.71675567626954,84.2804862851853,0.010674935994572365,0.005201886206386072,411.8928527832031,1
2021-07-12,SPY,411.8928527832031,409.16181640625,402.38365631103517,81.48481512614747,0.003581973378605552,0.0052026033363333285,410.48870849609375,0
2021-07-13,SPY,410.48870849609375,409.6631713867188,402.9357345581055,75.03542451372212,-0.0034090037679008756,0.0055245774982850306,411.1012268066406,1
2021-07-14,SPY,411.1012268066406,409.9986572265625,403.55507202148436,77.21035810776837,0.0014921684759392484,0.00550670329364314,409.6971740722656,0
2021-07-15,SPY,409.6971740722656,410.7205383300781,404.2155136108398,70.12008079772917,-0.003415345522759461,0.005764096376754733,406.48358154296875,0
2021-07-16,SPY,406.48358154296875,409.9327087402344,404.7218505859375,59.27410048510015,-0.007843824006289135,0.006270951352863189,400.4807434082031,0
2021-07-19,SPY,400.4807434082031,407.65028686523436,405.1953948974609,46.20287632040585,-0.014767725948436783,0.007254251349810772,406.2197570800781,1
2021-07-20,SPY,406.2197570800781,406.79649658203124,405.67600402832034,54.72746640831987,0.014330311173102572,0.008910491186901364,409.50860595703125,1
2021-07-21,SPY,409.50860595703125,406.47797241210935,406.2150421142578,58.21047841053456,0.008096230721502673,0.009244649971796703,410.36627197265625,1
2021-07-22,SPY,410.36627197265625,406.6117919921875,406.82098999023435,56.62716592436322,0.0020943784896061413,0.008790550332768527,414.5880432128906,1
2021-07-23,SPY,414.5880432128906,408.23268432617186,407.5202346801758,57.85380711977575,0.010287812446037714,0.008744348291057984,415.6058044433594,1
2021-07-26,SPY,415.6058044433594,411.2576965332031,408.1992156982422,60.07257569580204,0.0024548735718028514,0.0087152257297782,413.7115783691406,0
2021-07-27,SPY,413.7115783691406,412.7560607910156,408.7429595947266,55.71224810892324,-0.004557746917793315,0.00878608403190777,413.54193115234375,0
2021-07-28,SPY,413.54193115234375,413.56272583007814,409.2673858642578,60.64386159322072,-0.0004100615638209515,0.008790435863851103,415.257080078125,1
2021-07-29,SPY,415.257080078125,414.5408874511719,409.86060791015626,57.467948435960146,0.00414746074479555,0.008729140258523598,413.2405090332031,0
2021-07-30,SPY,413.2405090332031,414.27138061523436,410.2413299560547,52.217121996932704,-0.004856199067195921,0.008424044418996057,412.37347412109375,0
2021-08-02,SPY,412.37347412109375,413.6249145507812,410.4236785888672,53.06372420758305,-0.002098136298732789,0.006379885964718653,415.7283020019531,1
2021-08-03,SPY,415.7283020019531,414.02825927734375,410.81099700927734,56.62743857456932,0.00813541144470964,0.005373309674111466,413.683349609375,0
2021-08-04,SPY,413.683349609375,414.05654296875,411.023974609375,55.67073234395649,-0.004918963618138594,0.005397479692118896,416.3031921386719,1
2021-08-05,SPY,416.3031921386719,414.26576538085936,411.53474578857424,63.870768601587535,0.006332965858477646,0.005651007905289464,416.9910888671875,1
2021-08-06,SPY,416.9910888671875,415.01588134765626,411.86316375732423,77.3558540949009,0.00165239359559477,0.004736525701657648,416.65185546875,0
2021-08-09,SPY,416.65185546875,415.8715576171875,412.1011138916016,70.98955335526699,-0.000813526733530634,0.0047060741315810995,417.1701965332031,1
2021-08-10,SPY,417.1701965332031,416.1599365234375,412.43518829345703,67.30863293617975,0.001244062777231436,0.004393176783280826,418.20672607421875,1
2021-08-11,SPY,418.20672607421875,417.0646118164062,412.79046325683595,67.54319991209996,0.002484668247227262,0.004396910961161987,419.46014404296875,1
2021-08-12,SPY,419.46014404296875,417.6960021972656,413.2786117553711,62.519543006173045,0.0029971253224836403,0.004323662627490282,420.22344970703125,1
2021-08-13,SPY,420.22344970703125,418.34247436523435,413.9656051635742,62.00725281479917,0.0018197334714697977,0.0037999013105090547,421.2129211425781,1
2021-08-16,SPY,421.2129211425781,419.2546875,415.002214050293,70.41274951859491,0.0023546316518907595,0.0035608913733740084,418.4517822265625,0
2021-08-17,SPY,418.4517822265625,419.51100463867186,415.6138153076172,61.829284991767004,-0.006555209437843934,0.003827854142460743,413.8717956542969,0
2021-08-18,SPY,413.8717956542969,418.6440185546875,415.8319747924805,47.23279409133988,-0.010945076032167211,0.005074896867007901,414.5126037597656,1
2021-08-19,SPY,414.5126037597656,417.6545104980469,416.03929138183594,53.004060064962296,0.0015483251388408448,0.004622888959262076,417.8109436035156,1
2021-08-20,SPY,417.8109436035156,417.17200927734376,416.2004364013672,61.12269456535947,0.007957152119942634,0.005315208957493835,421.4861755371094,1
2021-08-23,SPY,421.4861755371094,417.22666015625,416.4944549560547,61.54800614098344,0.008796399399919386,0.005941587797382974,422.1553649902344,1
2021-08-24,SPY,422.1553649902344,417.9673767089844,416.91664428710936,67.92055463996746,0.0015876901591664883,0.005943056052669751,423.04107666015625,1
2021-08-25,SPY,423.04107666015625,419.8012329101563,417.3916015625,65.35021188098622,0.0020980703868167527,0.0059350555808945415,420.5439453125,0
2021-08-26,SPY,420.5439453125,421.00750122070315,417.65594482421875,57.59241615688161,-0.005902810590807661,0.006286812291764544,424.3038635253906,1
2021-08-27,SPY,424.3038635253906,422.30608520507815,418.2091125488281,64.12303438061724,0.008940607170308201,0.006858403255657019,426.1697998046875,1
2021-08-30,SPY,426.1697998046875,423.24281005859376,418.8989288330078,65.77749924312815,0.004397641501054261,0.0069336532861315366,425.5384521484375,0
2021-08-31,SPY,425.5384521484375,423.9194274902344,419.38943634033205,63.069393611682095,-0.0014814462604796352,0.00647414390405784,425.7646789550781,1
2021-09-01,SPY,425.7646789550781,424.4641479492187,419.9935028076172,61.66678374420661,0.0005316248284930047,0.004778824263656543,427.0744934082031,1
2021-09-02,SPY,427.0744934082031,425.7702575683594,420.5320678710938,62.39474365101809,0.0030763811980354383,0.004757053493721806,426.9708251953125,0
2021-09-03,SPY,426.9708251953125,426.30364990234375,421.0310546875,60.77609980092623,-0.0002427403520713911,0.004507849375168514,425.44415283203125,0
2021-09-07,SPY,425.44415283203125,426.1585205078125,421.4706695556641,63.74081875194744,-0.003575589415466207,0.004175767647187442,424.9258728027344,0
2021-09-08,SPY,424.9258728027344,426.0360046386719,421.85845336914065,75.81368504065306,-0.0012182093133654703,0.0042216491176816145,423.1071472167969,0
2021-09-09,SPY,423.1071472167969,425.50449829101564,422.10347442626954,69.12183685390572,-0.0042801008419222075,0.004455949195759803,419.77105712890625,0
2021-09-10,SPY,419.77105712890625,424.04381103515624,422.11902008056643,54.482872390984426,-0.007884740567100978,0.004781094271049803,420.84539794921875,1
2021-09-13,SPY,420.84539794921875,422.8187255859375,422.1501174926758,48.54083953692369,0.0025593494407656348,0.0037425069888820627,418.57427978515625,0
2021-09-14,SPY,418.57427978515625,421.4447509765625,422.0181854248047,41.8790400566733,-0.005396561718696846,0.003501534236424038,422.0704650878906,1
2021-09-15,SPY,422.0704650878906,420.87366943359376,422.1991195678711,48.16390974358338,0.008352604236764982,0.0047548420359830885,421.40142822265625,0
2021-09-16,SPY,421.40142822265625,420.53252563476565,422.5756011962891,52.04929260891448,-0.001585130731891038,0.004735666458745632,417.29656982421875,0
2021-09-17,SPY,417.29656982421875,420.0376281738281,422.71479949951174,34.824227437984604,-0.009740969354922524,0.005214284228494767,410.3384704589844,0
2021-09-20,SPY,410.3384704589844,417.9362426757813,422.34117584228517,21.801841738126953,-0.016674230914875188,0.006831673963248625,409.9508361816406,0
2021-09-21,SPY,409.9508361816406,416.2115539550781,421.76440887451173,21.9789868066987,-0.0009446695965653618,0.0068977926273513035,413.94976806640625,1
2021-09-22,SPY,413.94976806640625,414.58741455078126,421.3541290283203,31.537087309158892,0.009754662100490918,0.008100980816765366,418.9793395996094,1
2021-09-23,SPY,418.9793395996094,414.1029968261719,421.15104217529296,38.901022829796624,0.012150197732195167,0.009296693967622787,419.66949462890625,1
2021-09-24,SPY,419.66949462890625,414.57758178710935,421.1073196411133,40.18462129116438,0.0016472292642315534,0.008989211112763908,418.46881103515625,0
2021-09-27,SPY,418.46881103515625,416.2036499023437,420.81556701660156,40.52224305626544,-0.0028610218496145645,0.008981976766781972,410.0358581542969,0
2021-09-28,SPY,410.0358581542969,416.220654296875,420.00886993408204,33.143789985520826,-0.020151926878371085,0.010881451575022428,410.7260437011719,1
2021-09-29,SPY,410.7260437011719,415.57590942382814,419.26824951171875,35.65293257406701,0.0016832321689661534,0.010368352440424613,405.70599365234375,0
2021-09-30,SPY,405.70599365234375,412.921240234375,418.265315246582,34.19016796847332,-0.01222238064961989,0.010781838521113087,410.52752685546875,1
2021-10-01,SPY,410.52752685546875,411.0928466796875,417.43796691894534,39.524181721237824,0.0118843036054741,0.011582557930973623,405.23333740234375,0
2021-10-04,SPY,405.23333740234375,408.445751953125,416.35109252929686,37.10545463062663,-0.01289606447021241,0.011086235075823373,409.44970703125,1
2021-10-05,SPY,409.44970703125,408.3285217285156,415.55137023925784,38.14133521229982,0.010404794570788134,0.011679838390070656,411.1513977050781,1
2021-10-06,SPY,411.1513977050781,408.41359252929686,414.862646484375,40.638323028331165,0.00415604320776386,0.011284565608672767,414.70611572265625,1
2021-10-07,SPY,414.70611572265625,410.2136169433594,414.44259490966795,47.84889331520149,0.008645764157484193,0.010891470660588909,413.94976806640625,0
2021-10-08,SPY,413.94976806640625,410.8980651855469,414.15153045654296,54.237463881284704,-0.0018238160171136775,0.010854003536038964,410.95294189453125,0
2021-10-11,SPY,410.95294189453125,412.0419860839844,413.6569076538086,51.332278028603106,-0.00723958896238408,0.011010352251696824,409.9413757324219,0
2021-10-12,SPY,409.9413757324219,412.14031982421875,413.2252624511719,45.87910037171301,-0.0024615133729082306,0.008955705719826302,411.4161376953125,1
2021-10-13,SPY,411.4161376953125,412.1932678222656,412.69254608154296,41.32656413526109,0.0035974947887504882,0.00901562948622916,418.33648681640625,1
2021-10-14,SPY,418.33648681640625,412.9193420410156,412.53929901123047,48.945691696662664,0.016820801342068092,0.009242759489292245,421.52239990234375,1
2021-10-15,SPY,421.52239990234375,414.4338684082031,412.7505905151367,53.29464470699962,0.007615671083779141,0.008884055097042012,422.7703857421875,1
2021-10-18,SPY,422.7703857421875,416.7973571777344,413.3721862792969,64.90506226339772,0.0029606631584297993,0.007012664781277893,426.03192138671875,1
2021-10-19,SPY,426.03192138671875,420.0154663085938,414.1762405395508,66.821634116534,0.007714673862043275,0.0067994351153880415,427.7052917480469,1
2021-10-20,SPY,427.7052917480469,423.27329711914064,414.8640167236328,76.09277230191259,0.0039278051181736995,0.006799231035816744,428.82086181640625,1
2021-10-21,SPY,428.82086181640625,425.37017211914065,415.35609283447263,73.70494860949765,0.002608268099279387,0.006603721781957087,428.3765563964844,0
2021-10-22,SPY,428.3765563964844,426.7410034179687,415.79144592285155,84.49503331579191,-0.00103610961938716,0.006539241191369794,430.6737365722656,1
2021-10-25,SPY,430.6737365722656,428.32167358398436,416.40169219970704,83.46595024349206,0.005362525426473308,0.005357690322619235,431.0613708496094,1
2021-10-26,SPY,431.0613708496094,429.3275634765625,417.45296783447264,82.72559851152548,0.0009000648157209135,0.0049474087523783145,429.1517639160156,0
2021-10-27,SPY,429.1517639160156,429.6168579101562,418.37425384521487,75.19518766395213,-0.004430011740161222,0.005788525656358622,433.2925109863281,1
2021-10-28,SPY,433.2925109863281,430.5111877441406,419.7535797119141,80.1277960796615,0.009648677737050804,0.0043135468671721845,434.1717834472656,1
2021-10-29,SPY,434.1717834472656,431.67023315429685,420.93579254150393,88.85213032469844,0.0020292814637759005,0.004080683808316835,434.9186096191406,1
2021-11-01,SPY,434.9186096191406,432.5192077636719,422.42005615234376,92.2325336032201,0.0017201167840648068,0.0040997633372548995,436.67706298828125,1
2021-11-02,SPY,436.67706298828125,433.64234619140626,423.7814239501953,92.28141716906192,0.004043178034346395,0.0037659733372540196,439.3431396484375,1
2021-11-03,SPY,439.3431396484375,435.6806213378906,425.1910110473633,90.90530127251947,0.0061053737100631444,0.003919005303529709,441.4134826660156,1
2021-11-04,SPY,441.4134826660156,437.3048156738281,426.52637939453126,90.44367286973835,0.0047123599545331185,0.0039699754734242015,442.945068359375,1
2021-11-05,SPY,442.945068359375,439.05947265625,427.9761444091797,90.52797305612236,0.0034697302042272504,0.0037207786815446134,443.3232116699219,1
2021-11-08,SPY,443.3232116699219,440.7403930664062,429.5946578979492,89.24988338560989,0.0008537024962202988,0.0037238169650195903,441.8578796386719,0
2021-11-09,SPY,441.8578796386719,441.77655639648435,431.1904830932617,82.53556048729301,-0.0033053356843878445,0.004184407038326266,438.3031921386719,0
2021-11-10,SPY,438.3031921386719,441.5685668945313,432.5348358154297,69.78812433765108,-0.008044866152227104,0.0049366567721245876,438.4449462890625,1
2021-11-11,SPY,438.4449462890625,440.9748596191406,433.5402587890625,71.28186689773509,0.0003234157380851421,0.0041799253775685755,441.7538146972656,1
2021-11-12,SPY,441.7538146972656,440.7366088867187,434.5518295288086,72.37981603196772,0.007546827569137049,0.004641585465580126,441.9050598144531,1
2021-11-15,SPY,441.9050598144531,440.452978515625,435.50856323242186,72.10755010881329,0.00034237421875160656,0.00466272139662572,443.65411376953125,1
2021-11-16,SPY,443.65411376953125,440.8122253417969,436.3896728515625,79.76905446684019,0.003957985807658604,0.004657846265678254,442.5762939453125,0
2021-11-17,SPY,442.5762939453125,441.666845703125,437.13322296142576,71.81155970550218,-0.002429414696645038,0.0045196818188729185,444.0794982910156,1
2021-11-18,SPY,444.0794982910156,442.79375610351565,437.8961547851562,72.5784943826488,0.0033964863601321227,0.004409067490371197,443.285400390625,0
2021-11-19,SPY,443.285400390625,443.1000732421875,438.64159698486327,69.06190346364134,-0.0017881886091265509,0.0043433094700971635,442.0375061035156,0
2021-11-22,SPY,442.0375061035156,443.1265625,439.2097854614258,62.55351137259695,-0.0028151035112136125,0.004425367646409554,442.62359619140625,1
2021-11-23,SPY,442.62359619140625,442.920458984375,439.78789672851565,58.514506186399345,0.0013258831655642567,0.004314715741899889,443.8052978515625,1
2021-11-24,SPY,443.8052978515625,443.166259765625,440.520573425293,56.50977914831354,0.002669766524704853,0.0032418808901409166,433.9070739746094,0
2021-11-26,SPY,433.9070739746094,441.13177490234375,440.55130157470705,33.413463124954774,-0.022303077328887033,0.008147372487849474,439.2296447753906,1
2021-11-29,SPY,439.2296447753906,440.32062377929685,440.80419464111327,43.89326146958947,0.012266614489656158,0.008808047585186322,430.6832580566406,0
2021-11-30,SPY,430.6832580566406,438.0497741699219,440.5924270629883,35.897352823117544,-0.01945767281514066,0.010626085656615167,425.899658203125,0
2021-12-01,SPY,425.899658203125,434.7049865722656,440.05355682373045,34.69902313765435,-0.011107002104285502,0.010673801400872629,432.42279052734375,1
2021-12-02,SPY,432.42279052734375,432.42848510742186,439.7075393676758,43.87270458444201,0.015316124816206589,0.012317032918345346,428.66015625,0
2021-12-03,SPY,428.66015625,431.3791015625,439.069873046875,36.40742464548598,-0.00870128577810425,0.012294956686888618,433.7369079589844,1
2021-12-06,SPY,433.7369079589844,430.2805541992187,438.60946502685545,42.5339646905896,0.011843302054001859,0.013221579447680461,442.70867919921875,1
2021-12-07,SPY,442.70867919921875,432.6856384277344,438.5787384033203,49.59635567660294,0.020684823162622656,0.015042632466931055,443.88092041015625,1
2021-12-08,SPY,443.88092041015625,436.2818908691406,438.67989044189454,51.45923054544533,0.0026478839607524396,0.015058902016193787,440.88409423828125,0
2021-12-09,SPY,440.88409423828125,437.9741516113281,438.808935546875,47.79157847110236,-0.006751419207443932,0.015194242598404597,445.0343322753906,1
2021-12-10,SPY,445.0343322753906,441.2489868164063,439.1384048461914,51.7081301313205,0.009413444692940809,0.013348560432574345,441.0920715332031,0
2021-12-13,SPY,441.0920715332031,442.72001953125,439.1053176879883,49.670368448546554,-0.008858329473214632,0.013323055321160208,438.057373046875,0
2021-12-14,SPY,438.057373046875,441.7897583007813,438.9129333496094,47.09982223448326,-0.006879966070983179,0.011727434192498921,444.9020080566406,1
2021-12-15,SPY,444.9020080566406,441.9939758300781,438.97532806396487,51.08765527909753,0.015624973875358661,0.011513141349098751,440.9786071777344,0
2021-12-16,SPY,440.9786071777344,442.01287841796875,438.89544372558595,55.43750364237827,-0.008818573096677884,0.011508119549246812,436.2853088378906,0
2021-12-17,SPY,436.2853088378906,440.26307373046876,438.5057342529297,48.18605791366218,-0.010642916149336323,0.011723479332037415,431.64617919921875,0
2021-12-20,SPY,431.64617919921875,438.3738952636719,437.92377319335935,51.060616930505404,-0.010633247429368775,0.011744224012878456,439.31170654296875,1
2021-12-21,SPY,439.31170654296875,438.6247619628906,437.78748321533203,60.35212574169809,0.017758821259511448,0.011182989133812073,443.70428466796875,1
2021-12-22,SPY,443.70428466796875,438.3852172851563,437.84151763916014,58.939658687023126,0.009998773216325363,0.011659950038704054,446.465087890625,1
2021-12-23,SPY,446.465087890625,439.4825134277344,437.9745071411133,64.17431084024768,0.006222169399878963,0.011543845411971756,452.7834777832031,1
2021-12-27,SPY,452.7834777832031,442.7821472167969,438.91832733154297,64.7290993836296,0.014152035767074356,0.01200124644385509,452.4134521484375,0
2021-12-28,SPY,452.4134521484375,446.93560180664065,439.5775177001953,58.67375352590381,-0.0008172242427599841,0.011465774310958202,452.9921875,1
2021-12-29,SPY,452.9921875,449.67169799804685,440.6929641723633,58.23134964546251,0.0012792178234626306,0.010997225257833781,451.7398681640625,0
2021-12-30,SPY,451.7398681640625,451.2788146972656,441.98497467041017,60.10566601434525,-0.002764549523136095,0.01023958044879635,450.6014709472656,0
2021-12-31,SPY,450.6014709472656,452.10609130859376,442.89390869140624,55.60017487460414,-0.0025200282220462222,0.009709310046523131,453.21038818359375,1
2022-01-03,SPY,453.21038818359375,452.19147338867185,444.1214202880859,62.18119030455532,0.005789855125957644,0.008623421947632682,453.05859375,0
2022-01-04,SPY,453.05859375,452.32050170898435,445.0875045776367,65.97206362489752,-0.00033493149661045774,0.007199419050301714,444.35894775390625,0
2022-01-05,SPY,444.35894775390625,450.59385375976564,445.1700180053711,49.75992818336199,-0.019202032841019845,0.009090223180563631,443.94146728515625,0
2022-01-06,SPY,443.94146728515625,449.0341735839844,445.1730453491211,53.564307165906236,-0.0009395117862714963,0.008553450018769598,442.1863708496094,0
2022-01-07,SPY,442.1863708496094,447.3511535644531,445.2381591796875,57.282606596971654,-0.003953441083753284,0.008345151254375538,441.63604736328125,0
2022-01-10,SPY,441.63604736328125,445.0362854003906,445.06824493408203,63.465942824722894,-0.0012445509916344522,0.006460709654505822,445.6585998535156,1
2022-01-11,SPY,445.6585998535156,443.55628662109376,445.2965713500977,59.431060704819885,0.009108297464055282,0.0074323236741324775,446.8634948730469,1
2022-01-12,SPY,446.8634948730469,444.05719604492185,445.73687744140625,55.264509817347765,0.002703627888987814,0.007504341420321215,440.7063293457031,0
2022-01-13,SPY,440.7063293457031,443.41016845703126,445.5270935058594,42.03320732799659,-0.013778627249677156,0.008481938414246505,440.8866882324219,1
2022-01-14,SPY,440.8866882324219,443.1502319335938,445.5224975585937,29.748169478412947,0.0004092495948186947,0.00852920783414041,433.07861328125,0
2022-01-18,SPY,433.07861328125,441.4387451171875,445.3621627807617,23.600135020508716,-0.017709935817013633,0.009302598517428649,428.58184814453125,0
2022-01-19,SPY,428.58184814453125,438.0233947753906,445.20894622802734,19.82678556707559,-0.010383253753051158,0.009346002728122568,423.8382568359375,0
2022-01-20,SPY,423.8382568359375,433.41834716796876,444.4352737426758,18.166266645811504,-0.01106811062841384,0.008318359938128538,415.5179748535156,0
2022-01-21,SPY,415.5179748535156,428.38067626953125,443.0259582519531,15.492528292332281,-0.01963079511636101,0.009411248134865434,417.28253173828125,1
2022-01-24,SPY,417.28253173828125,423.65984497070315,441.56683044433595,14.355666299356315,0.004246643927708904,0.010001797346721566,412.1879577636719,0
2022-01-25,SPY,412.1879577636719,419.4817138671875,439.53705444335935,13.009089211222786,-0.012208931807873191,0.0100557061144527,411.1539306640625,0
2022-01-26,SPY,411.1539306640625,415.9961303710937,437.4740783691406,14.98523635938507,-0.0025086300561023567,0.008571121684398405,409.1236572265625,0
2022-01-27,SPY,409.1236572265625,413.05321044921874,435.28065185546876,14.459140855631887,-0.004937988636569468,0.007819170521450711,419.28436279296875,1
2022-01-28,SPY,419.28436279296875,413.8064880371094,433.6578765869141,30.64621266206028,0.024835292183505997,0.012928777790584434,426.836181640625,1
2022-01-31,SPY,426.836181640625,415.71721801757815,432.46961212158203,39.14087583258701,0.018011210333129357,0.01479481479896529,429.72021484375,1
2022-02-01,SPY,429.72021484375,419.2236694335937,431.2951034545898,38.18160989361568,0.006756768350892006,0.014124672216967017,433.89459228515625,1
2022-02-02,SPY,433.89459228515625,423.7718017578125,430.33690338134767,40.95614115265328,0.009714175170754125,0.014021433029676346,423.6958923339844,0
2022-02-03,SPY,423.6958923339844,426.6862487792969,429.3037506103516,38.55533978040376,-0.023505017422455587,0.015694223143180697,425.68817138671875,1
2022-02-04,SPY,425.68817138671875,427.9670104980469,428.3910858154297,40.104964494989446,0.0047021438932524084,0.014104963922849365,424.3219909667969,0
2022-02-07,SPY,424.3219909667969,427.46417236328125,427.49786682128905,43.839564615457654,-0.0032093455062925935,0.014199743023734218,427.8132629394531,1
2022-02-08,SPY,427.8132629394531,427.08278198242186,426.80672760009764,49.81287294224651,0.008227883651991563,0.013414036562197043,434.0748291015625,1
2022-02-09,SPY,434.0748291015625,427.11882934570315,426.2275390625,57.99638509234378,0.014636213284008326,0.01361111046835392,426.2763977050781,0
2022-02-10,SPY,426.2763977050781,427.6349304199219,425.19818420410155,58.61757002864048,-0.017965638350017632,0.015248593069465504,417.87078857421875,0
2022-02-11,SPY,417.87078857421875,426.0714538574219,424.05640716552733,50.82762148121382,-0.019718682939314003,0.015063841018377648,416.504638671875,0
2022-02-14,SPY,416.504638671875,424.5079833984375,422.8373046875,53.6324631242781,-0.003269311805702113,0.013635204916843216,423.22149658203125,1
2022-02-15,SPY,423.22149658203125,423.5896301269531,422.3444488525391,58.65648528129376,0.016126730140568313,0.014618067841204972,423.6958923339844,1
2022-02-16,SPY,423.6958923339844,421.5138427734375,422.1001510620117,60.6121834780985,0.001120916011555062,0.014135017879462109,414.6451721191406,0
2022-02-17,SPY,414.6451721191406,419.18759765625,421.6404968261719,47.10877622889815,-0.021361359358446186,0.013789485349048135,411.96026611328125,0
2022-02-18,SPY,411.96026611328125,418.0054931640625,421.46261138916014,39.087358397662236,-0.006475189358017941,0.01363156579992406,407.5392761230469,0
2022-02-22,SPY,407.5392761230469,416.21242065429686,420.97544860839844,33.91803484387975,-0.010731593199375888,0.013838800068927072,400.31011962890625,0
2022-02-23,SPY,400.31011962890625,411.63014526367186,420.38155670166014,26.550305819180494,-0.017738551638291522,0.013737525436445096,406.3343811035156,1
2022-02-24,SPY,406.3343811035156,408.1578430175781,420.1405792236328,37.336691588054364,0.015048986221467331,0.01380865180555843,415.2998046875,1
2022-02-25,SPY,415.2998046875,408.28876953125,420.4493865966797,43.45933725607912,0.022064152089804168,0.015776320616131316,414.23724365234375,0
2022-02-28,SPY,414.23724365234375,408.7441650390625,420.19703063964846,43.619092047839146,-0.002558539693886419,0.014582627102245163,407.9283752441406,0
2022-03-01,SPY,407.9283752441406,408.8219848632813,419.2516403198242,37.48900362140288,-0.015230084944988564,0.015283404797346302,415.4326477050781,1
2022-03-02,SPY,415.4326477050781,411.84649047851565,418.5372619628906,38.74046332587421,0.018396054102503445,0.015595680912928974,413.3643798828125,0
2022-03-03,SPY,413.3643798828125,413.252490234375,417.51075134277346,41.61844040203935,-0.00497858758499381,0.015590349698546257,410.0059509277344,0
2022-03-04,SPY,410.0059509277344,412.1937194824219,416.8262542724609,44.574652288941714,-0.008124621081357364,0.014306547421976538,397.9193420410156,0
2022-03-07,SPY,397.9193420410156,408.9301391601563,415.4378128051758,38.40738839277147,-0.029479105996803145,0.01689428079335046,394.9024353027344,0
2022-03-08,SPY,394.9024353027344,406.324951171875,413.96683502197266,31.306472247951774,-0.0075817041785575245,0.016769919595809268,405.49005126953125,1
2022-03-09,SPY,405.49005126953125,404.3364318847656,412.8506744384766,39.8490666477988,0.02681071328081419,0.018274704642779253,403.65899658203125,0
2022-03-10,SPY,403.65899658203125,402.3953552246094,411.3298828125,43.38710947548084,-0.004515658723974192,0.017693511676668786,398.5265197753906,0
2022-03-11,SPY,398.5265197753906,400.09946899414064,409.9423889160156,42.005684916832514,-0.012714882735426869,0.016108226046425127,395.6139221191406,0
2022-03-14,SPY,395.6139221191406,399.6383850097656,408.82954559326174,42.75246675091852,-0.00730841615732758,0.016131090054154685,404.313720703125,1
2022-03-15,SPY,404.313720703125,401.52064208984376,408.2199996948242,53.002741242547586,0.02199062797735518,0.01760035224186636,413.2790222167969,1
2022-03-16,SPY,413.2790222167969,403.07843627929685,407.7228759765625,54.64480606947702,0.02217412136813146,0.01809073544992009,418.4494934082031,1
2022-03-17,SPY,418.4494934082031,406.0365356445312,407.46055603027344,52.415639689768774,0.012510848394075902,0.01843805774625504,423.0326843261719,1
2022-03-18,SPY,423.0326843261719,410.9377685546875,407.879931640625,55.64735482004361,0.01095279356330292,0.018332450967370763,422.9089660644531,0
2022-03-21,SPY,422.9089660644531,416.39677734375,408.42736663818357,60.0728293783781,-0.0002924555626613312,0.014448746816413357,427.8576354980469,1
2022-03-22,SPY,427.8576354980469,421.1055603027344,409.4432846069336,58.59717289461404,0.011701500395334685,0.0136705005856327,422.34747314453125,0
2022-03-23,SPY,422.34747314453125,422.91925048828125,410.54515228271487,56.148367726148315,-0.012878494845841693,0.013403485128218599,428.7140808105469,1
2022-03-24,SPY,428.7140808105469,424.97216796875,411.6641372680664,61.848878524977714,0.015074335874709854,0.013425851144902648,430.8077697753906,1
2022-03-25,SPY,430.8077697753906,426.5271850585938,412.4395355224609,73.57397211810941,0.004883648703315924,0.011728650183260962,433.87213134765625,1
2022-03-28,SPY,433.87213134765625,428.7198181152344,413.42127990722656,77.93729507238297,0.007113060133208116,0.010472869102408706,439.2394104003906,1
2022-03-29,SPY,439.2394104003906,430.9961730957031,414.98683166503906,75.90135531984687,0.012370647167549098,0.00958409451932745,436.5272521972656,0
2022-03-30,SPY,436.5272521972656,433.83212890625,416.04156188964845,75.1050940490697,-0.006174669528521415,0.009230455697264635,429.80853271484375,0
2022-03-31,SPY,429.80853271484375,434.0510192871094,416.86376953125,73.8551500456169,-0.015391294469252803,0.010942834951006387,431.02667236328125,1
2022-04-01,SPY,431.02667236328125,434.0947998046875,417.91480560302733,77.78154145180375,0.0028341448708411043,0.010559944830634563,434.71905517578125,1
2022-04-04,SPY,434.71905517578125,434.2641845703125,419.7547912597656,75.69459136896148,0.008566483350682219,0.010723665388947435,429.2279968261719,0
2022-04-05,SPY,429.2279968261719,432.26190185546875,421.4710693359375,64.48512051666341,-0.012631280557483304,0.011230592301069563,424.93603515625,0
2022-04-06,SPY,424.93603515625,429.94365844726565,422.44336853027346,56.162556782186826,-0.009999258439938208,0.010884583365000429,427.0773010253906,1
2022-04-07,SPY,427.0773010253906,429.397412109375,423.6142837524414,54.08777833233188,0.005039031035231734,0.009818867624044457,425.9352722167969,0
2022-04-08,SPY,425.9352722167969,428.37913208007814,424.9847213745117,53.076127045718394,-0.0026740564432991,0.009661819275914663,418.6550598144531,0
2022-04-11,SPY,418.6550598144531,425.1663330078125,426.1367782592773,42.10383302774205,-0.01709229753256547,0.01038225889663149,417.1038513183594,0
2022-04-12,SPY,417.1038513183594,422.74150390625,426.7762847900391,45.2299507273742,-0.0037052185557753248,0.00876833031750809,421.88116455078125,1
2022-04-13,SPY,421.88116455078125,422.1305297851562,427.2063919067383,43.5763716745382,0.011453534215332795,0.010190120958943191,416.6280212402344,0
2022-04-14,SPY,416.6280212402344,420.040673828125,427.11531829833984,37.1593142667085,-0.012451713306851242,0.009840902746957755,416.79931640625,1
2022-04-18,SPY,416.79931640625,418.21348266601564,426.80364990234375,33.6727992736794,0.00041114653187679373,0.00970842556367746,423.5275573730469,1
2022-04-19,SPY,423.5275573730469,419.1879821777344,426.83457946777344,35.68124539387489,0.016142639159798744,0.0109537991246195,423.2135925292969,0
2022-04-20,SPY,423.2135925292969,420.40993041992186,426.6023773193359,37.30857266449987,-0.0007413091268426708,0.010367637752871457,416.8849792480469,0
2022-04-21,SPY,416.8849792480469,419.410693359375,426.3292526245117,37.446114609880645,-0.014953709883058441,0.010929427011690035,405.44598388671875,0
2022-04-22,SPY,405.44598388671875,417.1742858886719,425.1658477783203,29.038779983880175,-0.02743921208665545,0.013234925953393284,407.7965393066406,1
2022-04-25,SPY,407.7965393066406,415.37373046875,424.0152862548828,27.64056675670153,0.005797456414264657,0.013671735381317138,395.9864196777344,0
2022-04-26,SPY,395.9864196777344,409.8655029296875,422.1210006713867,24.763137876636918,-0.02896081376508619,0.015324903136984437,397.0999450683594,1
2022-04-27,SPY,397.0999450683594,404.6427734375,420.01402740478517,27.83101015509868,0.0028120292396169866,0.015544111056372892,407.13043212890625,1
2022-04-28,SPY,407.13043212890625,402.6918640136719,418.5441864013672,36.42034107483085,0.025259351417991738,0.017621666773273755,392.0846862792969,0
2022-04-29,SPY,392.0846862792969,400.0196044921875,416.65799407958986,30.30529832646566,-0.036955591285412814,0.020488750539901984,394.4447937011719,1
2022-05-02,SPY,394.4447937011719,397.34925537109376,414.8289001464844,35.16024935124533,0.006019381792926826,0.02075459443643894,396.2529602050781,1
2022-05-03,SPY,396.2529602050781,397.4025634765625,412.90559539794924,37.36409843966738,0.0045840800354841615,0.019723875058127165,408.3199462890625,1
2022-05-04,SPY,408.3199462890625,399.6465637207031,411.8601928710938,42.951596870207545,0.03045273422749739,0.022933928686004593,393.8071594238281,0
2022-05-05,SPY,393.8071594238281,396.9819091796875,410.30374908447266,38.750364085195706,-0.03554268410625305,0.02492988937833551,391.4565734863281,0
2022-05-06,SPY,391.4565734863281,396.8562866210938,408.52271270751953,37.688911440866136,-0.0059688755809800265,0.023715627492560877,378.9232177734375,0
2022-05-09,SPY,378.9232177734375,393.75197143554686,406.17210998535154,29.09659465184542,-0.03201723144222113,0.02508775440600475,379.79864501953125,1
2022-05-10,SPY,379.79864501953125,390.4611083984375,404.22928924560546,29.812136406540887,0.0023103024703468034,0.023974897457962524,373.76519775390625,0
2022-05-11,SPY,373.76519775390625,383.55015869140624,402.06235656738284,29.70525069600282,-0.01588591045477461,0.024121536914806778,373.3749694824219,0
2022-05-12,SPY,373.3749694824219,379.463720703125,399.63704681396484,33.061585276575926,-0.0010440465667467258,0.021671102623022926,382.30157470703125,1
2022-05-13,SPY,382.30157470703125,377.6327209472656,397.9207244873047,37.87756649719603,0.023907883372534577,0.02130533014292827,380.7503356933594,0
2022-05-16,SPY,380.7503356933594,377.99814453125,396.11827545166017,42.03628838509227,-0.004057631765866043,0.0211045145144861,388.58258056640625,1
2022-05-17,SPY,388.58258056640625,379.754931640625,394.37102661132815,46.24499567817125,0.020570552771238093,0.02233962186295713,372.91815185546875,0
2022-05-18,SPY,372.91815185546875,379.5855224609375,391.8562545776367,33.83484107835932,-0.0403117110605028,0.022220968216994805,370.6341552734375,0
2022-05-19,SPY,370.6341552734375,379.0373596191406,389.54371337890626,38.39415130500474,-0.006124659179680969,0.020137357949031164,370.79595947265625,1
2022-05-20,SPY,370.79595947265625,376.7362365722656,387.81121215820315,36.85332905663034,0.0004365604111671306,0.020235221896779506,377.73358154296875,1
2022-05-23,SPY,377.73358154296875,376.1328857421875,386.30806427001954,40.611678153614214,0.018710080013221164,0.019097906158295597,374.85003662109375,0
2022-05-24,SPY,374.85003662109375,373.386376953125,385.2512451171875,30.73595930517064,-0.007633806107723573,0.019214169034324897,378.161865234375,1
2022-05-25,SPY,378.161865234375,374.43511962890625,384.3043411254883,39.81083374361681,0.008835076136404219,0.018689770805399148,385.718017578125,1
2022-05-26,SPY,385.718017578125,377.45189208984374,383.23372039794924,46.94706181070916,0.01998126473981432,0.019555744282839824,395.18707275390625,1
2022-05-27,SPY,395.18707275390625,382.3301147460937,383.3888397216797,61.381819748826736,0.02454916478943936,0.019631258391823996,392.9697570800781,0
2022-05-31,SPY,392.9697570800781,385.3773498535156,383.315087890625,59.18803932716373,-0.00561080011645243,0.01970366686016528,389.79119873046875,0
2022-06-01,SPY,389.79119873046875,388.36558227539064,382.9919998168945,61.61880756175251,-0.008088557178616784,0.018990365317914513,397.2141418457031,1
2022-06-02,SPY,397.2141418457031,392.17603759765626,382.43670959472655,65.44463396095784,0.01904338307127129,0.013227579785180852,390.69525146484375,0
2022-06-03,SPY,390.69525146484375,393.171484375,382.28111419677737,55.96097158025374,-0.01641152641385968,0.014635715476928764,391.8847961425781,1
2022-06-06,SPY,391.8847961425781,392.5110290527344,382.30252532958986,57.772613046386795,0.003044686807107011,0.014560859689321854,395.6438903808594,1
2022-06-07,SPY,395.6438903808594,393.0458557128906,383.13855895996096,55.31164753400037,0.009592345187368734,0.013923134349549483,391.34234619140625,0
2022-06-08,SPY,391.34234619140625,393.3560852050781,383.7157440185547,65.5570481230555,-0.010872262390586473,0.014275861361904615,382.0351257324219,0
2022-06-09,SPY,382.0351257324219,390.3202819824219,384.12924041748045,59.00174550118499,-0.023782809475037525,0.01667606294185304,370.9577331542969,0
2022-06-10,SPY,370.9577331542969,386.3727783203125,384.00837860107424,50.57530195064775,-0.028995743668564167,0.017690406808180837,356.8731689453125,0
2022-06-13,SPY,356.8731689453125,379.3704528808594,382.7369583129883,37.8976387167439,-0.03796811051550719,0.01762368426087454,355.79779052734375,0
2022-06-14,SPY,355.79779052734375,371.40123291015624,381.4893310546875,38.694334095526585,-0.0030133350208054743,0.017714550240355037,360.87017822265625,1
2022-06-15,SPY,360.87017822265625,365.3067993164062,380.1037109375,40.17009423725485,0.014256377724534142,0.01928629033386759,348.92681884765625,0
2022-06-16,SPY,348.92681884765625,358.6851379394531,378.9041442871094,29.5755473414374,-0.03309599987957712,0.01833419914813718,349.67901611328125,1
2022-06-17,SPY,349.67901611328125,354.42939453125,377.85638732910155,22.272106701715785,0.0021557450588325366,0.018852185295355626,358.481689453125,1
2022-06-21,SPY,358.481689453125,354.7510986328125,377.240673828125,31.111608331092043,0.025173581868555894,0.021743719470077257,357.831787109375,0
2022-06-22,SPY,357.831787109375,355.15789794921875,376.24558410644534,31.963391864166397,-0.001812930375164945,0.02096543140315553,361.3395080566406,1
2022-06-23,SPY,361.3395080566406,355.25176391601565,375.57005767822267,29.10536242306381,0.00980270918802817,0.021848292022819217,372.8277587890625,1
2022-06-24,SPY,372.8277587890625,360.0319519042969,375.30335235595703,40.711628719182954,0.03179350853220586,0.024247466124892186,371.4036560058594,0
2022-06-27,SPY,371.4036560058594,364.3768798828125,374.58763427734374,39.28862149406679,-0.003819733776874834,0.022388478200577603,363.8148498535156,0
2022-06-28,SPY,363.8148498535156,365.4435119628906,373.0190231323242,33.68021422445966,-0.02043277180939762,0.019562411973231074,363.5185852050781,0
2022-06-29,SPY,363.5185852050781,366.58087158203125,371.54646453857424,35.11004991709602,-0.0008143280807718645,0.01951082908604776,360.56524658203125,0
2022-06-30,SPY,360.56524658203125,366.4260192871094,370.08516693115234,37.59478547429751,-0.008124312602561301,0.01927173132193704,364.3787841796875,1
2022-07-01,SPY,364.3787841796875,364.73622436523436,368.4433990478516,46.22287040133797,0.01057655343604691,0.015496148899450736,365.06689453125,1
2022-07-05,SPY,365.06689453125,363.4688720703125,367.1619812011719,57.355914723448066,0.0018884479048679736,0.015500775497721744,366.2999267578125,1
2022-07-06,SPY,366.2999267578125,363.96588745117185,365.8827377319336,59.25189678982025,0.0033775514707947707,0.013684821872821929,371.7860107421875,1
2022-07-07,SPY,371.7860107421875,365.61937255859374,364.68984375,59.42685025014035,0.014977027249045038,0.014153790211865133,371.480224609375,0
2022-07-08,SPY,371.480224609375,367.8023681640625,363.6967376708984,73.57370968194802,-0.00082247885605502,0.014061830755844825,367.2365417480469,0
2022-07-11,SPY,367.2365417480469,368.37391967773436,362.95680847167966,67.37752581487744,-0.011423711358499622,0.010326421371335754,363.9869079589844,0
2022-07-12,SPY,363.9869079589844,368.1579223632813,362.60826721191404,56.34814494704255,-0.008848884627859266,0.010573525543739144,362.0753479003906,0
2022-07-13,SPY,362.0753479003906,367.31300659179686,362.86837615966795,54.879677213164996,-0.005251727512158633,0.008517192829120312,361.19610595703125,0
2022-07-14,SPY,361.19610595703125,365.1950256347656,363.13829193115237,50.25958798618616,-0.002428339704589,0.008540197580268628,368.09674072265625,1
2022-07-15,SPY,368.09674072265625,364.51832885742186,363.49962005615237,44.61896552816758,0.019104953380770784,0.010079552308948341,365.057373046875,0
2022-07-18,SPY,365.057373046875,364.0824951171875,364.30614776611327,42.917008769536515,-0.008256980677998627,0.010082349682965982,374.92095947265625,1
2022-07-19,SPY,374.92095947265625,366.26930541992186,365.56824493408203,62.59941307693288,0.027019277390446517,0.013193278379079588,377.31036376953125,1
2022-07-20,SPY,377.31036376953125,369.31630859375,366.50967864990236,64.85150425745718,0.0063730880776464716,0.013243157194317604,381.15264892578125,1
2022-07-21,SPY,381.15264892578125,373.3076171875,367.6757217407227,71.62992516915611,0.010183354408459744,0.012843971158080128,377.6162109375,0
2022-07-22,SPY,377.6162109375,375.2115112304688,368.48955688476565,64.16549059997892,-0.00927827209976928,0.013359740274325425,378.07501220703125,1
2022-07-25,SPY,378.07501220703125,377.8150390625,368.7519195556641,63.97777449287339,0.0012149935734808714,0.012551610992155437,373.6020202636719,0
2022-07-26,SPY,373.6020202636719,377.55125122070314,368.86183776855466,57.56539874032511,-0.011830964223866758,0.012894693485983977,383.3031005859375,1
2022-07-27,SPY,383.3031005859375,378.7497985839844,369.8362503051758,60.716187902481764,0.025966348670756645,0.014445432418736855,388.110595703125,1
2022-07-28,SPY,388.110595703125,380.1413879394531,371.06585083007815,64.11360552916565,0.0125422807951161,0.01427185851046748,393.7688293457031,1
2022-07-29,SPY,393.7688293457031,383.3719116210938,372.72602996826174,71.82242528301,0.014578920815927043,0.013923542192016093,392.6027526855469,0
2022-08-01,SPY,392.6027526855469,386.2774597167969,374.13722839355466,74.51595164068164,-0.0029613229216082226,0.01337497363919727,390.0126037597656,0
2022-08-02,SPY,390.0126037597656,389.5595764160156,375.38451385498047,73.88266453137147,-0.006597378413838673,0.012049522879517407,396.1199951171875,1
2022-08-03,SPY,396.1199951171875,392.1229553222656,376.8755172729492,77.3121920902088,0.015659471767183852,0.012596526095207667,395.8524169921875,0
2022-08-04,SPY,395.8524169921875,393.67131958007815,378.0788375854492,74.140718050366,-0.000675497647930734,0.012563040917806013,395.18328857421875,0
2022-08-05,SPY,395.18328857421875,393.95421142578124,379.2639907836914,77.4623374508571,-0.0016903481935338638,0.011892463949444161,394.7245178222656,0
2022-08-08,SPY,394.7245178222656,394.378564453125,380.63838958740234,71.67276274751153,-0.0011609062559511107,0.011991384398581105,393.15704345703125,0
2022-08-09,SPY,393.15704345703125,395.0074523925781,382.0968963623047,67.74119063427264,-0.00397105904108086,0.011029549218744878,401.41497802734375,1
2022-08-10,SPY,401.41497802734375,396.0664489746094,384.06387786865236,70.44436688609669,0.02100416285996154,0.010058823941120029,401.41497802734375,0
2022-08-11,SPY,401.41497802734375,397.1789611816406,386.07482147216797,75.89770017439422,0.0,0.009745629875062547,408.2104797363281,1
2022-08-12,SPY,408.2104797363281,399.7843994140625,388.08050842285155,78.69144070441438,0.016928869327146767,0.01006764943071203,409.8926696777344,1
2022-08-15,SPY,409.8926696777344,402.8180297851562,390.32227325439453,86.65973403314666,0.004120888671189427,0.00979605067216109,410.69549560546875,1
2022-08-16,SPY,410.69549560546875,406.3257202148437,392.11100006103516,83.57576477603192,0.0019586247501464094,0.00907997963902503,407.7803955078125,0
2022-08-17,SPY,407.7803955078125,407.5988037109375,393.6345016479492,75.45411102279834,-0.0070979597508334935,0.009023773323610667,408.9655456542969,1
2022-08-18,SPY,408.9655456542969,409.1089172363281,395.025146484375,72.150705453282,0.0029063440997660894,0.008934892267784239,403.4698791503906,0
2022-08-19,SPY,403.4698791503906,408.1607971191406,396.31782989501954,64.37474238437413,-0.01343796943851061,0.010327648077034577,395.0686340332031,0
2022-08-22,SPY,395.0686340332031,405.19598999023435,397.1675109863281,56.157029832988364,-0.02082248403493836,0.012636274179646993,394.1129150390625,0
2022-08-23,SPY,394.1129150390625,401.8794738769531,398.1930557250977,47.78170814728468,-0.0024191214179263287,0.01258935828578836,395.37457275390625,1
2022-08-24,SPY,395.37457275390625,399.3983093261719,398.79662933349607,49.761858187689036,0.003201259503811782,0.010408284065712722,400.9562072753906,1
2022-08-25,SPY,400.9562072753906,397.79644165039065,399.43890991210935,56.773475582176665,0.01411733304599383,0.011526573018068928,387.3841857910156,0
2022-08-26,SPY,387.3841857910156,394.5793029785156,399.119677734375,44.04798739132933,-0.03384913673391088,0.014108968730942173,384.82275390625,0
2022-08-29,SPY,384.82275390625,392.530126953125,398.73067779541014,43.26447137357272,-0.006612123000156345,0.013730004778577398,380.59820556640625,0
2022-08-30,SPY,380.59820556640625,389.8271850585937,398.2599578857422,31.226658426251177,-0.01097790683362998,0.013482516362987472,377.7022705078125,0
2022-08-31,SPY,377.7022705078125,386.292724609375,397.3390716552734,29.599913519061985,-0.007608903605533346,0.01348179507560129,378.887451171875,1
2022-09-01,SPY,378.887451171875,381.87897338867185,396.49082336425784,22.259604558874756,0.0031378701072382054,0.013501931494030926,374.8923034667969,0
2022-09-02,SPY,374.8923034667969,379.38059692382814,395.47627410888674,18.257382225146685,-0.010544418118682453,0.013391738993261766,373.4776916503906,0
2022-09-06,SPY,373.4776916503906,377.11158447265626,394.41393280029297,16.62759544327956,-0.0037733818574686717,0.012527472768455982,380.1872253417969,1
2022-09-07,SPY,380.1872253417969,377.0293884277344,393.76544189453125,27.301928176407756,0.017965018638079755,0.014580586376751387,382.6722717285156,1
2022-09-08,SPY,382.6722717285156,378.023388671875,392.8283065795898,29.004448328246298,0.0065363752937375175,0.01478743478713231,388.6171569824219,1
2022-09-09,SPY,388.6171569824219,379.9693298339844,392.18841552734375,38.50594411386729,0.015535186876889373,0.014977091477224003,392.7939147949219,1
2022-09-12,SPY,392.7939147949219,383.5496520996094,391.41758728027344,48.45461882736672,0.010747744245087176,0.010847272148146861,375.71429443359375,0
2022-09-13,SPY,375.71429443359375,383.99697265625,389.7086685180664,37.876091738214846,-0.04348239552093214,0.017876904180369177,377.14794921875,1
2022-09-14,SPY,377.14794921875,383.3891174316406,388.03129119873046,38.078410850287675,0.0038158111266901606,0.01768515230856026,372.8660583496094,0
2022-09-15,SPY,372.8660583496094,381.42787475585936,386.2855743408203,31.052017216416118,-0.011353345227013478,0.017884623026527213,370.0214538574219,0
2022-09-16,SPY,370.0214538574219,377.7087341308594,384.33836975097654,36.14962433839888,-0.00762902503053875,0.017922421977267473,372.8909912109375,1
2022-09-19,SPY,372.8909912109375,373.7281494140625,382.8094253540039,40.71370396896224,0.007755056696310714,0.017912048462472303,368.6107177734375,0
2022-09-20,SPY,368.6107177734375,372.30743408203125,381.4865295410156,40.58736889507501,-0.011478618519584316,0.018236631966390058,362.1807556152344,0
2022-09-21,SPY,362.1807556152344,369.3139953613281,379.8899215698242,38.25573277049546,-0.01744377428047339,0.017534958860381363,359.1385192871094,0
2022-09-22,SPY,359.1385192871094,366.5684875488281,378.0781188964844,35.33674172156945,-0.008399773541134636,0.01710232404252402,353.12115478515625,0
2022-09-23,SPY,353.12115478515625,363.188427734375,375.68636627197264,34.13533497645422,-0.016754996133240163,0.015519024955845343,349.6278991699219,0
2022-09-26,SPY,349.6278991699219,358.5358093261719,373.79855194091795,33.028925840820676,-0.009892513002682346,0.013817655004811061,348.7353515625,0
2022-09-27,SPY,348.7353515625,354.56073608398435,371.99418182373046,25.603195034245644,-0.002552850071578794,0.008211689720046579,355.5971984863281,1
2022-09-28,SPY,355.5971984863281,353.2440246582031,370.74413146972654,30.844386768255802,0.019676373195558705,0.01149326945628565,348.1690673828125,0
2022-09-29,SPY,348.1690673828125,351.0501342773438,369.26747131347656,21.88704076086502,-0.02088917217327635,0.01236692429027878,342.7852783203125,0
2022-09-30,SPY,342.7852783203125,348.982958984375,367.4623626708984,15.894877372404096,-0.015463145830185154,0.012672388993846434,351.8351745605469,1
2022-10-03,SPY,351.8351745605469,349.4244140625,366.30950622558595,32.115057650329504,0.0264010644931425,0.016085730814400644,362.73736572265625,1
2022-10-04,SPY,362.73736572265625,352.2248168945313,365.7724899291992,41.0395923415389,0.030986643605849018,0.01960505467193785,361.892822265625,0
2022-10-05,SPY,361.892822265625,353.48394165039065,364.85776977539064,42.91353024219097,-0.0023282505108034313,0.01879964146669153,358.15966796875,0
2022-10-06,SPY,358.15966796875,355.4820617675781,363.6321395874023,42.33804286327672,-0.0103156350919138,0.018905107840889012,348.1690673828125,0
2022-10-07,SPY,348.1690673828125,356.55881958007814,361.6097351074219,34.95332852459572,-0.027894264707686744,0.020273290301504238,345.5107421875,0
2022-10-10,SPY,345.5107421875,355.29393310546874,359.2455764770508,35.57346218041509,-0.007635156147831057,0.020178429821572266,343.3226318359375,0
2022-10-11,SPY,343.3226318359375,351.410986328125,357.625993347168,37.49660454616794,-0.006332973434368894,0.020246016667144262,342.19024658203125,0
2022-10-12,SPY,342.19024658203125,347.47047119140626,355.878108215332,38.45103111479127,-0.0032983122838443624,0.01884634172113344,351.2209777832031,1
2022-10-13,SPY,351.2209777832031,346.0827331542969,354.79585418701174,49.25086171035388,0.026390966111323744,0.01994697523382882,343.2171325683594,0
2022-10-14,SPY,343.2171325683594,345.09234619140625,353.4556381225586,46.4020835897878,-0.022788630865278936,0.02073960911083544,352.0367126464844,1
2022-10-17,SPY,352.0367126464844,346.3975402832031,352.4129241943359,52.47997071150004,0.025696794364915343,0.020642164488339967,356.1730651855469,1
2022-10-18,SPY,356.1730651855469,348.967626953125,351.7910415649414,50.89844968345578,0.01174977606161276,0.018212682001925003,353.6490478515625,0
2022-10-19,SPY,353.6490478515625,351.25938720703124,351.3644561767578,54.02962117389189,-0.007086491317555121,0.01829360567177879,350.6835632324219,0
2022-10-20,SPY,350.6835632324219,351.151904296875,350.94170837402345,55.78951770564921,-0.008385388387600945,0.018207871739552357,359.2056884765625,1
2022-10-21,SPY,359.2056884765625,354.3496154785156,351.2459350585938,55.358160011452846,0.024301467584018077,0.017410750592685997,363.6011047363281,1
2022-10-24,SPY,363.6011047363281,356.66249389648436,351.94459533691406,51.0971193390586,0.012236488454309136,0.017161147721298318,369.4073181152344,1
2022-10-25,SPY,369.4073181152344,359.30934448242186,352.97819366455076,55.38060608361699,0.015968635142395105,0.01693650013378778,366.6241455078125,0
2022-10-26,SPY,366.6241455078125,361.90436401367185,353.529541015625,56.12368529809605,-0.007534156663766112,0.01728535516508924,364.6663513183594,0
2022-10-27,SPY,364.6663513183594,364.7009216308594,354.35440521240236,62.975416524850395,-0.005340057967926137,0.01622111173211223,373.3420104980469,1
2022-10-28,SPY,373.3420104980469,367.52818603515624,355.8822418212891,69.75322342212232,0.023790676458968152,0.014283651957471121,370.645263671875,0
2022-10-31,SPY,370.645263671875,368.9370178222656,356.82274627685547,69.44547729172042,-0.007223261112710988,0.013670492824698394,369.02337646484375,0
2022-11-01,SPY,369.02337646484375,368.8602294921875,357.13704681396484,69.07661814468513,-0.004375847652722364,0.013769030017577245,359.76226806640625,0
2022-11-02,SPY,359.76226806640625,367.48785400390625,357.03051910400393,56.42784573952649,-0.025096264868520568,0.016276715255343212,356.057861328125,0
2022-11-03,SPY,356.057861328125,365.7661560058594,356.92542877197263,60.15578150942366,-0.01029681839118679,0.016420649299319603,361.1826477050781,1
2022-11-04,SPY,361.1826477050781,363.33428344726565,357.57610778808595,57.62237154841801,0.014393128009692724,0.01515139637341446,364.63763427734375,1
2022-11-07,SPY,364.63763427734375,362.13275756835935,358.53245239257814,57.09528534322998,0.009565760133323886,0.014946668611984144,366.60491943359375,1
2022-11-08,SPY,366.60491943359375,361.64906616210936,359.6965667724609,60.75297564798474,0.005395178586403704,0.014070071949816534,359.0521240234375,0
2022-11-09,SPY,359.0521240234375,361.5070373535156,360.53966064453124,56.76524398110194,-0.020602002345809667,0.01532875625459939,378.7834777832031,1
2022-11-10,SPY,378.7834777832031,366.0521606445312,361.91778564453125,62.878825687419116,0.054954009291636075,0.023526024307423378,382.4496154785156,1
2022-11-11,SPY,382.4496154785156,370.30555419921876,363.87940979003906,62.435590021851006,0.009678715969261065,0.022615998849661378,379.1961975097656,0
2022-11-14,SPY,379.1961975097656,373.21726684570314,365.2373840332031,56.965389038481305,-0.008506788442392277,0.022681737548670006,382.4303283691406,1
2022-11-15,SPY,382.4303283691406,376.3823486328125,366.5502471923828,60.798045552023744,0.008528911631007885,0.02261338510255472,379.5129089355469,0
2022-11-16,SPY,379.5129089355469,380.47450561523436,367.843440246582,60.13558437663087,-0.007628629889357863,0.020729329701334412,378.3516540527344,0
2022-11-17,SPY,378.3516540527344,380.3881408691406,369.22684478759766,54.153668775429026,-0.00305985608254955,0.020235127386579215,380.0695495605469,1
2022-11-18,SPY,380.0695495605469,379.91212768554686,370.27003784179686,57.36512746753005,0.0045404731006490895,0.02003463198125456,378.68756103515625,0
2022-11-21,SPY,378.68756103515625,379.810400390625,371.0243606567383,57.59340614623588,-0.0036361464026479773,0.020155927895028895,383.7835693359375,1
2022-11-22,SPY,383.7835693359375,380.0810485839844,371.74317321777346,69.1636884796051,0.013457025857546379,0.020379413124146966,386.2019958496094,1
2022-11-23,SPY,386.2019958496094,381.4188659667969,372.7220657348633,74.48816316676815,0.006301537394778123,0.018330221007939688,386.1156311035156,0
2022-11-25,SPY,386.1156311035156,382.97166137695314,373.7945297241211,72.02880982135346,-0.00022362584093782445,0.007624491832577819,379.954345703125,0
2022-11-28,SPY,379.954345703125,382.94862060546876,374.125146484375,63.307590934729554,-0.015957099128004026,0.008932832463619946,379.30181884765625,0
2022-11-29,SPY,379.30181884765625,383.07147216796875,374.55797424316404,61.3762278097388,-0.0017173822667068128,0.00851489686231036,391.25,1
2022-11-30,SPY,391.25,384.56475830078125,375.6693054199219,75.99777219717308,0.031500458364906114,0.012980832238122509,390.9620666503906,0
2022-12-01,SPY,390.9620666503906,385.5167724609375,377.2292953491211,64.09063684243336,-0.0007359318839855744,0.012568086714361968,390.5110168457031,0
2022-12-02,SPY,390.5110168457031,386.395849609375,378.951953125,60.149477898568385,-0.0011536919899977072,0.012479317187765949,383.4860534667969,0
2022-12-05,SPY,383.4860534667969,387.10219116210936,380.06712341308594,55.25074285566909,-0.01798915542933821,0.014141026773907543,377.9581604003906,0
2022-12-06,SPY,377.9581604003906,386.8334594726563,380.73314971923827,45.61917621410612,-0.014414847727662883,0.014921615091109128,377.31524658203125,0
2022-12-07,SPY,377.31524658203125,384.0465087890625,381.26866607666017,47.942544050981695,-0.0017010184875444478,0.014141699727057366,380.2710876464844,1
2022-12-08,SPY,380.2710876464844,381.90831298828124,382.3296142578125,52.519124720130186,0.007833876556086805,0.014244865671436902,377.4303283691406,0
2022-12-09,SPY,377.4303283691406,379.29217529296875,382.2619567871094,47.62016882460136,-0.007470353044522371,0.014359086422663633,382.8718566894531,1
2022-12-12,SPY,382.8718566894531,379.1693359375,382.28306884765624,54.50314543032052,0.014417305423825022,0.014333655668036155,385.7701721191406,1
2022-12-13,SPY,385.7701721191406,380.73173828125,382.611767578125,52.426613180091245,0.007569935943446238,0.014448741489541159,383.3037109375,0
2022-12-14,SPY,383.3037109375,381.92943115234374,382.65543670654296,47.507270319212836,-0.006393602616012739,0.010106269320355238,373.9275207519531,0
2022-12-15,SPY,373.9275207519531,380.6607177734375,382.3761672973633,39.99680425242777,-0.024461516854648258,0.012318386378526688,369.5128173828125,0
2022-12-16,SPY,369.5128173828125,379.07721557617185,381.93422546386716,41.1097861769381,-0.011806307704399055,0.012468429604955677,366.3794250488281,0
2022-12-19,SPY,366.3794250488281,375.7787292480469,381.2497192382813,39.32690168030971,-0.008479793356500065,0.011746875258908543,366.8807678222656,1
2022-12-20,SPY,366.8807678222656,372.0008483886719,380.65937957763674,24.793759277771954,0.0013683704355686999,0.01131777640706869,372.3665771484375,1
2022-12-21,SPY,372.3665771484375,369.81342163085935,380.0885299682617,32.9557023443887,0.014952567175255949,0.01266131902624387,367.0543212890625,0
2022-12-22,SPY,367.0543212890625,368.43878173828125,379.1311462402344,30.133614010226907,-0.014266199453388029,0.012827830097265566,369.165771484375,1
2022-12-23,SPY,369.165771484375,368.36937255859374,378.28365325927734,36.833816486227626,0.005752418846064256,0.013047776203292328,367.7099609375,0
2022-12-27,SPY,367.7099609375,368.63547973632814,377.6714340209961,39.791251309293685,-0.003943514429903261,0.011679953306779515,363.14007568359375,0
2022-12-28,SPY,363.14007568359375,367.88734130859376,376.863346862793,36.76711084897197,-0.012427961544079547,0.011185986371361147,369.6767578125,1
2022-12-29,SPY,369.6767578125,367.34937744140626,375.784684753418,41.015739896475345,0.01800044271236456,0.013503330395693928,368.7030029296875,0
2022-12-30,SPY,368.7030029296875,367.6791137695312,374.67173156738284,42.36999833764245,-0.0026340711506304126,0.01133402015437635,367.1507873535156,0
2023-01-03,SPY,367.1507873535156,367.2761169433594,373.50372009277345,34.96360612125166,-0.004209934727512632,0.010797068782156785,369.98529052734375,1
2023-01-04,SPY,369.98529052734375,367.73118286132814,372.8286819458008,35.03527739207689,0.00772026990398067,0.010696405724066644,365.7624206542969,0
2023-01-05,SPY,365.7624206542969,368.2556518554687,372.2188949584961,33.791772870288085,-0.011413615571116309,0.011392691049196088,374.1501770019531,1
2023-01-06,SPY,374.1501770019531,369.15033569335935,372.0606414794922,50.552117468956205,0.02293225294345924,0.01277159795580434,373.9380798339844,0
2023-01-09,SPY,373.9380798339844,370.1973510742188,371.7439910888672,54.96794484296958,-0.0005668771017783847,0.011694995584854833,376.5604553222656,1
2023-01-10,SPY,376.5604553222656,372.07928466796875,371.70049743652345,61.115050969059865,0.007012860229280493,0.011747552195635318,381.3230895996094,1
2023-01-11,SPY,381.3230895996094,374.3468444824219,371.62305908203126,64.28225883228734,0.012647728166962802,0.011976864634645212,382.7113952636719,1
2023-01-12,SPY,382.7113952636719,377.73663940429685,371.4701202392578,61.10512862246025,0.0036407595079548383,0.010566631043533326,384.19610595703125,1
2023-01-13,SPY,384.19610595703125,379.7458251953125,371.5147399902344,69.86184833807714,0.003879452537169703,0.009580224545993332,383.49237060546875,0
2023-01-17,SPY,383.49237060546875,381.65668334960935,371.9929824829102,67.1919039770776,-0.0018317087046196834,0.009522598416170508,377.437744140625,0
2023-01-18,SPY,377.437744140625,381.83214111328124,372.3892288208008,60.810000775419155,-0.015788127558534093,0.01118750896829641,374.6900939941406,0
2023-01-19,SPY,374.6900939941406,380.5055419921875,372.8047622680664,63.42850797429089,-0.007279743981992048,0.011460242081519684,381.67022705078125,1
2023-01-20,SPY,381.67022705078125,380.29730834960935,373.5442352294922,63.61979678381085,0.018629083524022372,0.011685885135932517,386.2497253417969,1
2023-01-23,SPY,386.2497253417969,380.7080322265625,374.23839263916017,68.2827450126739,0.01199857354974232,0.010164178337695262,385.8351745605469,0
2023-01-24,SPY,385.8351745605469,381.1765930175781,375.17743530273435,69.97701470407318,-0.0010732713942596117,0.010186457080643089,385.97979736328125,1
2023-01-25,SPY,385.97979736328125,382.8850036621094,376.0181365966797,68.12487682733362,0.0003748305293811427,0.010125294265497145,390.2218017578125,1
2023-01-26,SPY,390.2218017578125,385.99134521484376,377.1437286376953,77.6310597247633,0.01099022390163773,0.009953182267481814,391.118408203125,1
2023-01-27,SPY,391.118408203125,387.8809814453125,378.5426452636719,72.92165235993845,0.0022976841408490767,0.009942946080648676,386.21112060546875,0
2023-01-30,SPY,386.21112060546875,387.8732604980469,379.36936340332034,64.9792080231754,-0.012546808063065296,0.010944670735972205,391.8897399902344,1
2023-01-31,SPY,391.8897399902344,389.08417358398435,380.52870025634763,67.26783654409623,0.01470340723452801,0.011759074140180825,396.0546875,1
2023-02-01,SPY,396.0546875,391.0991516113281,381.97389526367186,66.69621350041325,0.010627855452070234,0.010113479150235848,401.82000732421875,1
2023-02-02,SPY,401.82000732421875,393.4187927246094,383.5656311035156,69.56834809867183,0.014556878143801244,0.009539288975352798,397.549072265625,0
2023-02-03,SPY,397.549072265625,394.7049255371094,385.154963684082,63.136813378617234,-0.010628975612823721,0.010067505352461995,395.11944580078125,0
2023-02-06,SPY,395.11944580078125,396.48659057617186,386.20342712402345,61.17315421634675,-0.006111513356067855,0.010123515192488377,400.2870788574219,1
2023-02-07,SPY,400.2870788574219,398.1660583496094,387.5208770751953,72.09709601298829,0.013078660419173938,0.010575675592861048,395.9100646972656,0
2023-02-08,SPY,395.9100646972656,398.1371337890625,388.4883575439453,70.19521128116789,-0.010934687606329874,0.011535959034910323,392.47784423828125,0
2023-02-09,SPY,392.47784423828125,396.268701171875,389.0460952758789,61.145142307078686,-0.008669192235890355,0.011622695228906667,393.39373779296875,1
2023-02-10,SPY,393.39373779296875,395.43763427734376,389.58021240234376,57.987503639335,0.0023336184911662006,0.01162327114522948,398.01177978515625,1
2023-02-13,SPY,398.01177978515625,396.01610107421874,390.27099609375,62.27337437774114,0.01173898196269163,0.011086400723283148,397.82855224609375,0
2023-02-14,SPY,397.82855224609375,395.52439575195314,390.98780517578126,61.943258271376294,-0.0004603570757664155,0.010329530199906982,399.12054443359375,1
2023-02-15,SPY,399.12054443359375,396.16649169921874,392.0719451904297,59.526760700644544,0.0032476105101193475,0.00986219787094499,393.6250915527344,0
2023-02-16,SPY,393.6250915527344,396.39594116210935,393.01869506835936,52.68596633605513,-0.013768905052628067,0.00953932441696118,392.6417236328125,0
2023-02-17,SPY,392.6417236328125,396.24553833007815,393.56726989746096,56.97766174340131,-0.0024982348458599812,0.009058149806243278,384.7649230957031,0
2023-02-21,SPY,384.7649230957031,393.5961669921875,393.49302978515624,43.18296034297602,-0.020061037997264775,0.010803727546492383,384.2347717285156,0
2023-02-22,SPY,384.2347717285156,390.8774108886719,393.4130096435547,37.63041527268828,-0.0013778578434906485,0.009340934850165563,386.2786560058594,1
2023-02-23,SPY,386.2786560058594,388.309033203125,393.4279525756836,32.403660766682975,0.005319363128300836,0.00942267867308478,382.1522216796875,0
2023-02-24,SPY,382.1522216796875,386.01445922851565,393.0244735717773,32.38792444760689,-0.01068253257593732,0.009591055750485404,383.45379638671875,1
2023-02-27,SPY,383.45379638671875,384.1768737792969,392.64124298095703,36.36851317844579,0.0034059064246974025,0.009658360748187515,382.0365905761719,0
2023-02-28,SPY,382.0365905761719,383.63120727539064,392.43251647949216,26.524460026368146,-0.0036958971951801534,0.008259609172145832,380.57110595703125,0
2023-03-01,SPY,380.57110595703125,382.8984741210937,391.86658477783203,28.59140532861373,-0.0038359797341150914,0.008164710707569902,383.5309143066406,1
2023-03-02,SPY,383.5309143066406,382.34892578125,391.2403961181641,37.49603085977716,0.007777280784799112,0.008741112537089098,389.681884765625,1
2023-03-03,SPY,389.681884765625,383.8548583984375,390.63348999023435,45.73952185559599,0.016037743580864294,0.01000793766460062,389.95184326171875,1
2023-03-06,SPY,389.95184326171875,385.1544677734375,390.2536285400391,39.2850383049693,0.0006927663477509505,0.010004353193365905,383.9744567871094,0
2023-03-07,SPY,383.9744567871094,385.542041015625,389.69637908935545,33.863165030468494,-0.015328524734264715,0.009050103014634527,384.60107421875,1
2023-03-08,SPY,384.60107421875,386.34803466796876,388.9120788574219,32.85616904915874,0.0016319247818821214,0.009055471209720483,377.5052795410156,0
2023-03-09,SPY,377.5052795410156,385.1429077148438,387.99183959960936,31.4680651307892,-0.01844975262263171,0.010540395768443154,372.05804443359375,0
2023-03-10,SPY,372.05804443359375,381.6181396484375,386.970849609375,28.408768116771483,-0.014429560068788483,0.010932973636074622,371.52777099609375,0
2023-03-13,SPY,371.52777099609375,377.9333251953125,385.87755126953124,33.4949261192575,-0.001425243844162205,0.01074221585641052,377.6691589355469,1
2023-03-14,SPY,377.6691589355469,376.672265625,384.8604202270508,43.10127792403414,0.01653009120418547,0.01239504942315806,375.3070983886719,0
2023-03-15,SPY,375.3070983886719,374.8134704589844,383.7343475341797,38.33970740770857,-0.006254311454852224,0.01247810907325489,381.8918762207031,1
2023-03-16,SPY,381.8918762207031,375.6907897949219,382.87291412353517,50.07929345980012,0.01754503940986485,0.01360127237924141,377.4266357421875,0
2023-03-17,SPY,377.4266357421875,376.76450805664064,382.0629913330078,44.49595877776809,-0.011692420699557005,0.012686063737852638,381.0558166503906,1
2023-03-20,SPY,381.0558166503906,378.6701171875,381.4836959838867,49.43879284810603,0.009615592977603615,0.01328360171228948,386.05926513671875,1
2023-03-21,SPY,386.05926513671875,380.3481384277344,381.5484130859375,55.10861623748882,0.013130487103726995,0.013212891601937931,379.4783020019531,0
2023-03-22,SPY,379.4783020019531,381.1823791503906,381.3105895996094,47.04565012835497,-0.017046510028544626,0.01432722595274052,380.504150390625,1
2023-03-23,SPY,380.504150390625,380.904833984375,381.02186431884763,42.224940271824515,0.0027033123719062413,0.01300588566362762,383.0010070800781,1
2023-03-24,SPY,383.0010070800781,382.01970825195315,381.0643035888672,44.45077057279665,0.006561969657597366,0.0119104709403498,383.7171630859375,1
2023-03-27,SPY,383.7171630859375,382.5519775390625,381.0774719238281,50.10456731358944,0.0018698541064401386,0.01182070373863042,382.85589599609375,0
2023-03-28,SPY,382.85589599609375,381.9113037109375,381.1184371948242,48.714682551037214,-0.002244536269676467,0.010943697821568524,388.420654296875,1
2023-03-29,SPY,388.420654296875,383.69977416992185,381.5109146118164,60.84149166175886,0.014534863793342234,0.011293135689719562,390.6949768066406,1
2023-03-30,SPY,390.6949768066406,385.737939453125,381.8691177368164,69.55895454985776,0.005855307859162773,0.0102327433957854,396.20166015625,1
2023-03-31,SPY,396.20166015625,388.37807006835936,382.19510650634766,73.34043031603699,0.014094584462330362,0.009531956982914182,397.71136474609375,1
2023-04-03,SPY,397.71136474609375,391.1769104003906,382.5830825805664,70.66949220144511,0.0038104448861935314,0.009389066723475888,395.50482177734375,0
2023-04-04,SPY,395.50482177734375,393.7066955566406,383.15960083007815,71.06478967925372,-0.005548101372860437,0.00930064281582336,394.46929931640625,0
2023-04-05,SPY,394.46929931640625,394.9164245605469,383.65301208496095,64.83325420755591,-0.0026182296748848977,0.006691702913972122,396.00811767578125,1
2023-04-06,SPY,396.00811767578125,395.979052734375,384.5781539916992,73.48003438252391,0.003900983833321492,0.006678571248620192,396.41455078125,1
2023-04-10,SPY,396.41455078125,396.021630859375,385.79597930908204,71.08089985326674,0.0010263251871052148,0.006674037143108708,396.5210266113281,1
2023-04-11,SPY,396.5210266113281,395.7835632324219,387.04564208984374,66.54949375451434,0.0002685971790599151,0.006735570017804883,394.9047546386719,0
2023-04-12,SPY,394.9047546386719,395.6635498046875,387.907421875,79.03873457260946,-0.0040761318169402205,0.006925560454621308,400.1501770019531,1
2023-04-13,SPY,400.1501770019531,396.7997253417969,389.1495758056641,81.82140442068976,0.013282753123802449,0.006704130796554838,399.1726989746094,0
2023-04-14,SPY,399.1726989746094,397.4326416015625,390.01361694335935,77.5982456211069,-0.00244277794568859,0.006823878018008483,400.60504150390625,1
2023-04-17,SPY,400.60504150390625,398.27073974609374,391.1725372314453,78.09630157125447,0.0035882777879756578,0.005455497621505248,400.8663330078125,1
2023-04-18,SPY,400.8663330078125,399.1398010253906,392.1630630493164,80.60062668562091,0.0006522421757981789,0.005373184489252127,400.79864501953125,0
2023-04-19,SPY,400.79864501953125,400.3185791015625,392.90003204345703,75.78145929902998,-0.00016885426065438303,0.0049165271042132365,398.6114807128906,0
2023-04-20,SPY,398.6114807128906,400.01083984375,393.85669097900393,66.66773886915489,-0.005457015221531081,0.005241751176156128,398.9211120605469,1
2023-04-21,SPY,398.9211120605469,399.9605224609375,394.7775390625,57.34527353487539,0.0007767747860711882,0.005145662270022554,399.3372497558594,1
2023-04-24,SPY,399.3372497558594,399.70696411132815,395.59435119628904,54.71345080911524,0.0010431578643783634,0.005145767268655538,392.9982604980469,0
2023-04-25,SPY,392.9982604980469,398.133349609375,396.0584060668945,44.47432301476983,-0.01587377401353851,0.00736556796353572,391.3336486816406,0
2023-04-26,SPY,391.3336486816406,396.2403503417969,396.4822937011719,43.20771943133038,-0.004235672224850773,0.007373458651932816,399.1243591308594,1
2023-04-27,SPY,399.1243591308594,396.3429260253906,397.0174789428711,55.69501216538029,0.01990810265221188,0.008922688754987406,402.53094482421875,1
2023-04-28,SPY,402.53094482421875,397.064892578125,397.60927734375,59.83747579127504,0.008535148545625315,0.009286852781044203,402.12451171875,0
2023-05-01,SPY,402.12451171875,397.6223449707031,397.905419921875,58.958947207031976,-0.0010096940637600582,0.00925144842486133,397.6048583984375,0
2023-05-02,SPY,397.6048583984375,398.5436645507813,397.9000946044922,54.1712443848947,-0.011239437509031003,0.0099553484426256,394.8757629394531,0
2023-05-03,SPY,394.8757629394531,399.25208740234376,397.86864166259767,42.18325819600123,-0.006863838309162595,0.01013379055897739,392.0788879394531,0
2023-05-04,SPY,392.0788879394531,397.8429931640625,397.74912109375,39.918705160825176,-0.00708292395354948,0.010218066451066404,399.3372497558594,1
2023-05-05,SPY,399.3372497558594,397.2042541503906,397.9155776977539,48.7651367071901,0.01851250357945089,0.012051913663301347,399.4437255859375,1
2023-05-08,SPY,399.4437255859375,396.6680969238281,398.0670364379883,48.56947438339436,0.00026663135017646056,0.012048159112189457,397.69195556640625,0
2023-05-09,SPY,397.69195556640625,396.6855163574219,398.1255828857422,46.622511582817346,-0.004385523935722335,0.010844221814339146,399.55010986328125,1
2023-05-10,SPY,399.55010986328125,397.6203857421875,398.3578506469727,51.448096716060576,0.0046723456958754905,0.010709433108531688,398.8533935546875,0
2023-05-11,SPY,398.8533935546875,398.97528686523435,398.2930114746094,50.23880024218866,-0.001743752013563804,0.008720028109298037,398.3307800292969,0
2023-05-12,SPY,398.3307800292969,398.77399291992185,398.25091552734375,49.12429284289001,-0.0013102897802447222,0.008184390487897496,399.70501708984375,1
2023-05-15,SPY,399.70501708984375,398.8262512207031,398.20591430664064,59.372640184819375,0.003449989630341488,0.008305525352110495,397.03387451171875,0
2023-05-16,SPY,397.03387451171875,398.69463500976565,398.01429138183596,57.853854864853645,-0.006682784713519352,0.007762522750694061,401.8534851074219,1
2023-05-17,SPY,401.8534851074219,399.1553100585937,398.0670333862305,54.12850055287913,0.012139041288681929,0.008238673387318492,405.7246398925781,1
2023-05-18,SPY,405.7246398925781,400.52955932617186,398.42269134521484,54.69452351208665,0.009633249252825049,0.007929851510075544,405.13427734375,0
2023-05-19,SPY,405.13427734375,401.8902587890625,398.733349609375,54.42215122228606,-0.001455081823436788,0.005994984753999001,405.2987976074219,1
2023-05-22,SPY,405.2987976074219,403.00901489257814,399.03142700195315,62.439332720150695,0.00040608823511689707,0.005992065933864396,400.750244140625,0
2023-05-23,SPY,400.750244140625,403.7522888183594,399.41902618408204,59.15876606900878,-0.011222716409839073,0.007034191836129461,397.8468322753906,0
2023-05-24,SPY,397.8468322753906,402.9509582519531,399.7446853637695,59.04346101477871,-0.007244940976793401,0.007307310144339046,401.29217529296875,1
2023-05-25,SPY,401.29217529296875,402.06446533203126,399.853076171875,53.53626582775698,0.008659973482441297,0.007817996668441006,406.48919677734375,1
2023-05-26,SPY,406.48919677734375,402.33544921875,400.0509887695313,60.392640110512815,0.01295071721889629,0.008676792152192237,406.6440124511719,1
2023-05-30,SPY,406.6440124511719,402.6044921875,400.27696380615237,63.80852717354655,0.0003808604879429467,0.008676574888699305,404.3891296386719,0
2023-05-31,SPY,404.3891296386719,403.3322692871094,400.6161773681641,57.49489697133814,-0.005545102702749771,0.008560303375056666,408.2312316894531,1
2023-06-01,SPY,408.2312316894531,405.4091491699219,401.28395080566406,63.060006440663244,0.009501002299973305,0.008243470875474036,414.1347351074219,1
2023-06-02,SPY,414.1347351074219,407.9776611328125,402.3867431640625,69.00627391997524,0.014461175333247533,0.00888242530827745,413.34112548828125,0
2023-06-05,SPY,413.34112548828125,409.348046875,403.0869369506836,66.66608308846156,-0.0019163077903493475,0.008904045260421597,414.2411193847656,1
2023-06-06,SPY,414.2411193847656,410.8674682617187,403.826806640625,71.96934708469415,0.002177363540637689,0.008885461061074957,412.8088073730469,0
2023-06-07,SPY,412.8088073730469,412.55140380859376,404.58264923095703,65.35102346688824,-0.0034576770501345555,0.007860304128670404,415.3056945800781,1
2023-06-08,SPY,415.3056945800781,413.96629638671874,405.37042846679685,63.89708049894227,0.00604853182014331,0.007014351042113736,416.0509033203125,1
2023-06-09,SPY,416.0509033203125,414.3495300292969,406.2303039550781,65.73645336285881,0.0017943619602611705,0.006877685532945884,419.8252868652344,1
2023-06-12,SPY,419.8252868652344,415.6463623046875,407.305029296875,68.88072931370408,0.009071927292550575,0.006386017412915433,422.5931701660156,1
2023-06-13,SPY,422.5931701660156,417.3167724609375,408.4494369506836,79.77343364437102,0.006592940890837173,0.006377871614051395,423.09637451171875,1
2023-06-14,SPY,423.09637451171875,419.37428588867186,409.75256195068357,86.96206591103808,0.001190753616546747,0.005578273647070512,428.3417663574219,1
2023-06-15,SPY,428.3417663574219,421.98150024414065,411.0769760131836,87.51908191232074,0.012397628913168202,0.005928358000093162,426.88275146484375,0
2023-06-16,SPY,426.88275146484375,424.1478698730469,412.1348815917969,81.62053303857354,-0.0034061933884838025,0.0053714969827017255,424.66802978515625,0
2023-06-20,SPY,424.66802978515625,425.1164184570313,413.1115692138672,76.41857168965183,-0.005188126416651229,0.005790840352170465,422.49212646484375,0
2023-06-21,SPY,422.49212646484375,425.09620971679686,413.97123565673826,76.80965817522524,-0.00512377473155512,0.006304633082834934,424.0171813964844,1
2023-06-22,SPY,424.0171813964844,425.28037109375,415.13458251953125,75.02226293313299,0.00360966473955715,0.006015333970154067,420.8116149902344,0
2023-06-23,SPY,420.8116149902344,423.7743408203125,416.28282165527344,61.67112059305958,-0.007559991780740072,0.006676329018873735,419.0923156738281,0
2023-06-26,SPY,419.0923156738281,422.21625366210935,417.1728286743164,59.805309550310646,-0.004085674575418197,0.006887265768808872,423.6869201660156,1
2023-06-27,SPY,423.6869201660156,422.02003173828126,418.03271484375,64.1927234652327,0.010963227719411162,0.0071616884460433865,423.90069580078125,1
2023-06-28,SPY,423.90069580078125,422.30174560546874,418.89554901123046,67.28832282564633,0.0005045603831288492,0.006880919181758926,425.5714416503906,1
2023-06-29,SPY,425.5714416503906,422.61259765625,419.9546646118164,66.37451010727301,0.003941361422993728,0.006973495441599454,430.59344482421875,1
2023-06-30,SPY,430.59344482421875,424.5689636230469,421.07277526855466,70.3127007994232,0.01180061132474619,0.006863000976179725,431.0888366699219,1
2023-07-03,SPY,431.0888366699219,426.9682678222656,421.9204803466797,67.2788859389199,0.0011504862687943263,0.006721278240104195,430.4477233886719,0
2023-07-05,SPY,430.4477233886719,428.3204284667969,422.7758102416992,62.91776980088796,-0.001487195275578168,0.006438552599306807,427.0770568847656,0
2023-07-06,SPY,427.0770568847656,428.95570068359376,423.41760711669923,56.12654829964075,-0.007830605949941782,0.006789298516610503,425.9988098144531,0
2023-07-07,SPY,425.9988098144531,429.0411743164062,424.07710723876954,46.21518864629297,-0.0025247131704465575,0.006814495535936137,427.0770568847656,1
2023-07-10,SPY,427.0770568847656,428.3378967285156,424.6656753540039,50.513109835490404,0.002531103480740038,0.006210861778328743,429.79681396484375,1
2023-07-11,SPY,429.79681396484375,428.0794921875,425.3529708862305,58.82061280435891,0.006368305288785292,0.00604448623133048,433.2550048828125,1
2023-07-12,SPY,433.2550048828125,428.6409484863281,426.0244567871094,67.55936490791098,0.008046106452179513,0.005650445492467719,436.6937255859375,1
2023-07-13,SPY,436.6937255859375,430.5642822265625,426.72948455810547,69.38887146707013,0.007936943980728195,0.005879517346925317,436.4217224121094,0
2023-07-14,SPY,436.4217224121094,432.64886474609375,427.395751953125,76.28574823209297,-0.0006228694343229924,0.005974135125330277,437.9370422363281,1
2023-07-17,SPY,437.9370422363281,434.82086181640625,427.8755157470703,81.98127666519454,0.0034721457397757227,0.005047917503084387,441.191162109375,1
2023-07-18,SPY,441.191162109375,437.0997314453125,428.5909362792969,81.0116437265796,0.007430565490486263,0.005352848078454163,442.17230224609375,1
2023-07-19,SPY,442.17230224609375,438.88319091796876,429.4661499023438,81.49624931385644,0.002223843587500385,0.005184648982618306,439.23870849609375,0
2023-07-20,SPY,439.23870849609375,439.3921875,430.30347900390626,72.73779916451923,-0.006634503642806822,0.00492176709555871,439.23870849609375,0
2023-07-21,SPY,439.23870849609375,439.95558471679686,431.0645553588867,67.21576106961311,0.0,0.004675581349144794,441.2008972167969,1
2023-07-24,SPY,441.2008972167969,440.6083557128906,432.08401947021486,68.98166424876217,0.004467249089729508,0.004690612152345271,442.4054870605469,1
2023-07-25,SPY,442.4054870605469,440.851220703125,433.24967803955076,71.962871082441,0.0027302524798766825,0.004562844915897261,442.47344970703125,1
2023-07-26,SPY,442.47344970703125,440.9114501953125,434.1890045166016,82.26024031762202,0.0001536207132870615,0.004246378098070173,439.5398254394531,0
2023-07-27,SPY,439.5398254394531,440.9716735839844,434.97096099853513,76.56031838289863,-0.006630057169578207,0.004517471021075875,443.84307861328125,1
2023-07-28,SPY,443.84307861328125,441.8925476074219,435.88454284667966,79.11877209064029,0.009790360110203178,0.005318337240026118,444.6881408691406,1
2023-07-31,SPY,444.6881408691406,442.5899963378906,436.58927764892576,77.61623942307605,0.0019039662812803115,0.005283293084501393,443.4156494140625,0
2023-08-01,SPY,443.4156494140625,442.7920288085937,437.2056182861328,70.54240025292344,-0.0028615367448096007,0.005004146673506057,437.2474060058594,0
2023-08-02,SPY,437.2474060058594,441.7468200683594,437.5456024169922,51.20343202828328,-0.013910748112643145,0.00670406968031971,435.9942626953125,0
2023-08-03,SPY,435.9942626953125,441.03770751953124,437.99146270751953,49.43846317512489,-0.002865982263895006,0.006459809558869457,434.02239990234375,0
2023-08-04,SPY,434.02239990234375,439.0735717773438,438.39264221191405,43.40218177774283,-0.004522680598544326,0.006561148948886095,437.8107604980469,1
2023-08-07,SPY,437.8107604980469,437.698095703125,438.9293273925781,44.49171230709954,0.008728490963958446,0.00708568692512779,435.9068603515625,0
2023-08-08,SPY,435.9068603515625,436.196337890625,439.2348297119141,39.934838850712005,-0.004348682851738284,0.007053069219712174,432.9927673339844,0
2023-08-09,SPY,432.9927673339844,435.34541015625,439.22171783447266,39.90579145874679,-0.006685127678944691,0.007209435742358838,433.148193359375,1
2023-08-10,SPY,433.148193359375,434.7761962890625,439.04444122314453,40.21413867431091,0.0003589575556830482,0.0070630966548799025,432.89556884765625,0
2023-08-11,SPY,432.89556884765625,434.550830078125,438.8681335449219,35.81704343820056,-0.0005832288246649941,0.005895487976630659,435.28521728515625,1
2023-08-14,SPY,435.28521728515625,434.04572143554685,438.7355422973633,38.417312027691175,0.005520149914819195,0.006291765825408742,430.21466064453125,0
2023-08-15,SPY,430.21466064453125,432.90728149414065,438.1867172241211,32.73061034243045,-0.011648814247011918,0.006982960969247082,427.0576477050781,0
2023-08-16,SPY,427.0576477050781,431.7202575683594,437.4309844970703,32.44468823134433,-0.007338227234570338,0.00609422345014235,423.80352783203125,0
2023-08-17,SPY,423.80352783203125,429.8513244628906,436.6592254638672,20.9281417756403,-0.007619860902933984,0.0063211329528185724,424.0074768066406,1
2023-08-18,SPY,424.0074768066406,428.0737060546875,435.89766387939454,19.476062235718075,0.00048123472603611717,0.006368713327743126,426.7662048339844,1
2023-08-21,SPY,426.7662048339844,426.3699035644531,435.1759292602539,26.621729138974928,0.006506319294463214,0.005966707449100219,425.61029052734375,0
2023-08-22,SPY,425.61029052734375,425.44902954101565,434.33616943359374,30.88714411018104,-0.0027085422733749143,0.00593378681316603,430.3505554199219,1
2023-08-23,SPY,430.3505554199219,426.10761108398435,433.73002471923826,41.864179337814356,0.011137571149195669,0.007063354732129934,424.38629150390625,0
2023-08-24,SPY,424.38629150390625,426.2241638183594,432.97234802246095,37.39843907147636,-0.01385908264994773,0.008192051675674238,427.378173828125,1
2023-08-25,SPY,427.378173828125,426.89830322265624,432.14910278320315,36.17435695086005,0.007049903317132067,0.008680925138291353,430.08831787109375,1
2023-08-28,SPY,430.08831787109375,427.56272583007814,431.41911163330076,42.57304175088274,0.006341325338852455,0.008755624333972733,436.3052062988281,1
2023-08-29,SPY,436.3052062988281,429.701708984375,431.06358947753904,54.23217212923554,0.014454911164542894,0.009164679206071925,438.1022033691406,1
2023-08-30,SPY,438.1022033691406,431.2520385742188,431.1063293457031,55.96385751654214,0.004118669785209361,0.008646191694120432,437.4610900878906,0
2023-08-31,SPY,437.4610900878906,433.86699829101565,431.179670715332,55.472505397850725,-0.0014633874842894246,0.008036065481940228,438.27703857421875,1
2023-09-01,SPY,438.27703857421875,436.04677124023436,431.3924026489258,53.7876413642556,0.0018651909959905844,0.007995744171055847,436.3828125,0
2023-09-05,SPY,436.3828125,437.3056701660156,431.3210052490234,58.20244614709432,-0.004321983374673155,0.008249143940125405,433.44927978515625,0
2023-09-06,SPY,433.44927978515625,436.73448486328124,431.1981262207031,58.606771530311825,-0.006722383720930258,0.00860770194845348,432.1184997558594,0
2023-09-07,SPY,432.1184997558594,435.537744140625,431.1544128417969,61.77725998845747,-0.0030702093448083945,0.00806144746984903,432.7693786621094,1
2023-09-08,SPY,432.7693786621094,434.5994018554687,431.1354721069336,62.237507698326645,0.0015062509626819764,0.006306679433653168,435.6155090332031,1
2023-09-11,SPY,435.6155090332031,434.0670959472656,431.27146911621094,62.26863787947397,0.0065765521116407655,0.006266009415215799,433.2258605957031,0
2023-09-12,SPY,433.2258605957031,433.4357055664062,431.16850128173826,60.30293799360743,-0.0054856826443198115,0.006453896158258592,433.7310485839844,1
2023-09-13,SPY,433.7310485839844,433.4920593261719,431.3443206787109,55.22820198536291,0.0011661076455282693,0.004339130610984701,437.4707946777344,1
2023-09-14,SPY,437.4707946777344,434.56251831054686,431.86497802734374,71.05242023733894,0.008622269735955701,0.005055869297875365,432.199951171875,0
2023-09-15,SPY,432.199951171875,434.4486328125,432.28479919433596,57.41941119999358,-0.012048446593428408,0.006316342883979033,432.4534912109375,1
2023-09-18,SPY,432.4534912109375,433.81622924804685,432.7070999145508,54.016509851911884,0.0005866267184322371,0.006260291709969095,431.556640625,0
2023-09-19,SPY,431.556640625,433.4823852539063,432.9466217041016,40.990499545111525,-0.0020738659859727004,0.0061803288744074055,427.5892028808594,0
2023-09-20,SPY,427.5892028808594,432.25401611328124,433.04556732177736,31.410013706249785,-0.009193318722647392,0.006472819401622959,420.5218200683594,0
2023-09-21,SPY,420.5218200683594,428.8642211914063,432.5541305541992,25.477842589835547,-0.0165284407671753,0.008073429048279152,419.5762939453125,0
2023-09-22,SPY,419.5762939453125,426.33948974609376,432.31363067626955,23.028903759914,-0.0022484591236981988,0.007942991505934733,421.3406982421875,1
2023-09-25,SPY,421.3406982421875,424.11693115234374,432.01175689697266,28.316789597194997,0.004205204923005024,0.007653358891486074,415.150634765625,0
2023-09-26,SPY,415.150634765625,420.8357299804687,431.2648727416992,25.752603780009977,-0.014691349547734545,0.008456949803979657,415.3163146972656,1
2023-09-27,SPY,415.3163146972656,418.38115234375,430.2154281616211,27.02641947389931,0.0003990838933298768,0.008405992469166129,417.7241516113281,1
2023-09-28,SPY,417.7241516113281,417.8216186523438,429.19652557373047,30.52055453922354,0.0057975977077078245,0.007959211901198146,416.71038818359375,0
2023-09-29,SPY,416.71038818359375,417.2484375,428.15899047851565,24.30803616705306,-0.0024268729108045672,0.007525758478809595,416.54461669921875,0
2023-10-02,SPY,416.54461669921875,416.2892211914062,427.07236938476564,25.84657540263774,-0.00039780981966297535,0.007470894751394664,410.9687194824219,0
2023-10-03,SPY,410.9687194824219,415.4528381347656,425.8016647338867,21.176708491278532,-0.01338607436817063,0.008030148383277537,413.9613952636719,1
2023-10-04,SPY,413.9613952636719,415.1818542480469,424.8272705078125,20.01915656838156,0.00728200381045796,0.008701402281103297,413.8054504394531,0
2023-10-05,SPY,413.8054504394531,414.3981140136719,423.9116180419922,22.954803849952654,-0.00037671344720302535,0.00734581984456488,418.71844482421875,1
2023-10-06,SPY,418.71844482421875,414.7997253417969,423.20907135009764,32.5228438276787,0.011872715498425945,0.008474537827502722,421.399169921875,1
2023-10-09,SPY,421.399169921875,415.7706359863281,422.4982543945313,37.76874630815309,0.006402214019450847,0.008627725190059637,423.5924987792969,1
2023-10-10,SPY,423.5924987792969,418.29539184570314,422.01658630371094,45.1260152398469,0.005204872277817962,0.00698982142931418,425.3276672363281,1
2023-10-11,SPY,425.3276672363281,420.5686462402344,421.59641723632814,57.44581560946379,0.0040963153550444,0.006991333836080489,422.7346496582031,0
2023-10-12,SPY,422.7346496582031,422.3544860839844,420.85960998535154,54.770751860779356,-0.006096517527236722,0.007352786559157756,420.62908935546875,0
2023-10-13,SPY,420.62908935546875,422.7366149902344,420.28106689453125,49.21991220419758,-0.004980808420688487,0.007535516670757081,425.0547180175781,1
2023-10-16,SPY,425.0547180175781,423.467724609375,419.91112823486327,65.08778552303167,0.010521451735282517,0.008087484706187968,425.03521728515625,0
2023-10-17,SPY,425.03521728515625,423.7562683105469,419.5850570678711,64.8733163874995,-4.587816955148316e-05,0.006118148156768041,419.3715515136719,0
2023-10-18,SPY,419.3715515136719,422.56504516601564,419.1741744995117,52.51327559788522,-0.013325168224083028,0.007878136997386662,415.686767578125,0
2023-10-19,SPY,415.686767578125,421.15546875,418.932421875,48.913579308601165,-0.008786442290248497,0.008504223009174205,410.5788269042969,0
2023-10-20,SPY,410.5788269042969,419.1454162597656,418.48254852294923,43.35690995478318,-0.012287955913506732,0.008340346684538964,409.8671875,0
2023-10-23,SPY,409.8671875,416.10791015625,417.9088729858398,48.788771229457346,-0.0017332588961358475,0.00781771605597103,412.9573669433594,1
2023-10-24,SPY,412.9573669433594,413.6923400878906,417.79920959472656,48.930134470284884,0.007539465313649574,0.008110809855385695,407.0304870605469,0
2023-10-25,SPY,407.0304870605469,411.2241271972656,417.3849182128906,42.553855080813534,-0.014352280301190068,0.008528596987513222,402.156494140625,0
2023-10-26,SPY,402.156494140625,408.5180725097656,416.60653533935545,31.45338853327624,-0.011974515607222402,0.008858171450231402,400.33355712890625,0
2023-10-27,SPY,400.33355712890625,406.4690185546875,415.7876937866211,25.94109099069111,-0.004532904573912755,0.008859088786058712,405.1199035644531,1
2023-10-30,SPY,405.1199035644531,405.5195617675781,415.2164581298828,30.3960360670509,0.011955896152881618,0.009143540079916792,407.66412353515625,1
2023-10-31,SPY,407.66412353515625,404.4609130859375,415.05122833251954,31.724599982550274,0.006280165324679787,0.009706969356312963,412.01177978515625,1
2023-11-01,SPY,412.01177978515625,405.45717163085936,414.95374755859376,39.4699796125397,0.010664799767755584,0.010134715769950642,419.90777587890625,1
2023-11-02,SPY,419.90777587890625,409.00742797851564,415.2588638305664,49.65751109299236,0.019164491116897997,0.011703110587658294,423.73870849609375,1
2023-11-03,SPY,423.73870849609375,413.68845825195314,415.50987701416017,49.12332469166965,0.009123271435421687,0.010919599860058558,424.7135009765625,1
2023-11-06,SPY,424.7135009765625,417.607177734375,415.6755935668945,50.01343290064927,0.0023004565335285054,0.010790299059038963,425.9222412109375,1
2023-11-07,SPY,425.9222412109375,421.25880126953126,415.7920806884766,56.559387252381455,0.0028460132103069746,0.01070243864860832,426.2342224121094,1
2023-11-08,SPY,426.2342224121094,424.10328979492186,415.8374084472656,61.138005559306905,0.000732483939521078,0.008867628595482561,422.9101257324219,0
2023-11-09,SPY,422.9101257324219,424.703759765625,415.84618225097654,63.610652119657054,-0.00779875595365398,0.008058926041160644,429.509521484375,1
2023-11-10,SPY,429.509521484375,425.85792236328126,416.2902038574219,69.04108511334174,0.01560472391273171,0.007906285597438525,429.1001281738281,0
2023-11-13,SPY,429.1001281738281,426.73524780273436,416.4924743652344,66.511399356086,-0.00095316469151141,0.00807511289584205,437.4249572753906,1
2023-11-14,SPY,437.4249572753906,429.035791015625,417.1119613647461,79.51927445018967,0.019400667944312833,0.009156012483667611,438.35101318359375,1
2023-11-15,SPY,438.35101318359375,431.4591491699219,418.06093444824216,88.29270382700194,0.0021170623504687125,0.009186063476987498,438.88714599609375,1
2023-11-16,SPY,438.88714599609375,434.65455322265626,419.2209533691406,92.05561478770412,0.0012230673509940893,0.008068347105172657,439.4330749511719,1
2023-11-17,SPY,439.4330749511719,436.63926391601564,420.6636657714844,91.19993172964622,0.00124389369809208,0.007946111748969595,442.815673828125,1
2023-11-20,SPY,442.815673828125,439.382373046875,422.31109008789065,91.32359422858721,0.0076976428716226675,0.008025527107642871,441.8505859375,0
2023-11-21,SPY,441.8505859375,440.2674987792969,423.75575103759763,88.16761115840767,-0.0021794348024808397,0.00827401807928567,443.5565185546875,1
2023-11-22,SPY,443.5565185546875,441.3085998535156,425.58205261230466,85.81843290296254,0.003860881192604859,0.00820785696947832,443.82940673828125,1
2023-11-24,SPY,443.82940673828125,442.29705200195315,427.6656982421875,84.05889878183581,0.0006152275351130054,0.007235117356234697,443.0301513671875,0
2023-11-27,SPY,443.0301513671875,443.01646728515624,429.80052795410154,81.29650952300501,-0.0018008166177350127,0.006410501962113501,443.4687805175781,1
2023-11-28,SPY,443.4687805175781,443.1470886230469,431.7179718017578,80.77229043955023,0.000990066136665968,0.006301758353622866,443.1568603515625,0
2023-11-29,SPY,443.1568603515625,443.40834350585936,433.49260864257815,79.70116719581182,-0.000703364429964104,0.002876420679903335,444.90179443359375,1
2023-11-30,SPY,444.90179443359375,443.6773986816406,435.137109375,90.95617304307865,0.00393750890067901,0.0029888355101858016,447.53375244140625,1
2023-12-01,SPY,447.53375244140625,444.41826782226565,436.518408203125,89.29152507499711,0.005915817919240451,0.003295233022253727,445.1844482421875,0
2023-12-04,SPY,445.1844482421875,444.8491271972656,437.5906951904297,82.55362936281955,-0.0052494458493973495,0.004013099115685133,445.09674072265625,0
2023-12-05,SPY,445.09674072265625,445.1747192382812,438.6098571777344,73.15199585688775,-0.00019701388913639928,0.0033359339422467534,443.3031005859375,0
2023-12-06,SPY,443.3031005859375,445.20396728515624,439.47890014648436,64.28242397583153,-0.004029775939959901,0.0035468815874062187,446.6856689453125,1
2023-12-07,SPY,446.6856689453125,445.5607421875,440.50147247314453,69.25195939119554,0.007630373789184075,0.004117729726245234,448.6060485839844,1
2023-12-08,SPY,448.6060485839844,445.77520141601565,441.78626861572263,71.16502154335217,0.004299174502746306,0.004270193962539056,450.3509216308594,1
2023-12-11,SPY,450.3509216308594,446.80849609375,442.8283386230469,68.74095581587387,0.003889544183326654,0.004222636478431112,452.40777587890625,1
2023-12-12,SPY,452.40777587890625,448.270703125,443.9937210083008,74.87655118645276,0.00456722557733058,0.004311267656384228,458.6465148925781,1
2023-12-13,SPY,458.6465148925781,451.3393859863281,445.05479888916017,79.20621800999224,0.01379007909745078,0.005555787808125103,460.1184997558594,1
2023-12-14,SPY,460.1184997558594,454.0259521484375,446.14317321777344,80.1021356640602,0.0032094103312352296,0.00555353739298652,459.36090087890625,0
2023-12-15,SPY,459.36090087890625,456.1769226074219,447.16686096191404,80.307924075403,-0.0016465299207815143,0.005683613085971262,461.94482421875,1
2023-12-18,SPY,461.94482421875,458.495703125,448.29244842529295,81.71883463389426,0.005625039777873653,0.005009664571999314,464.7538757324219,1
2023-12-19,SPY,464.7538757324219,460.9649230957031,449.3893585205078,84.12570793085911,0.006080924314765479,0.004856139376614102,458.3136291503906,0
2023-12-20,SPY,458.3136291503906,460.8983459472656,450.21251068115237,68.77006334252883,-0.013857327325956903,0.007177903599260917,462.65936279296875,1
2023-12-21,SPY,462.65936279296875,461.4065185546875,451.1676528930664,70.10299834317178,0.009482008315210066,0.007322759155481658,463.5891418457031,1
2023-12-22,SPY,463.5891418457031,462.2521667480469,452.1556396484375,75.43312370095788,0.002009640628737097,0.007332308882034806,465.54669189453125,1
2023-12-26,SPY,465.54669189453125,462.9725402832031,453.2814666748047,76.83931126537311,0.0042225968473603714,0.007335964069700032,466.3884582519531,1
2023-12-27,SPY,466.3884582519531,463.29945678710936,454.4274505615234,81.12001171465548,0.0018081244525578466,0.007336911657778875,466.5646057128906,1
2023-12-28,SPY,466.5646057128906,464.94965209960935,455.5978378295898,79.29098470780316,0.0003776840052982511,0.006314674084123271,465.2138671875,0
2023-12-29,SPY,465.2138671875,465.46055297851564,456.61344146728516,74.95420891018232,-0.0028950728556160765,0.006449515736407205,462.61041259765625,0
2024-01-02,SPY,462.61041259765625,465.2648071289062,457.36727447509764,68.07787963525753,-0.005596253193360767,0.006751676468240178,458.8323974609375,0
2024-01-03,SPY,458.8323974609375,463.9219482421875,458.04967193603517,59.168496099620576,-0.008166731733305288,0.007042077807522515,457.35443115234375,0
2024-01-04,SPY,457.35443115234375,462.1151428222656,458.66255645751954,48.11751976470576,-0.0032211463636230286,0.006657546493390567,457.98089599609375,1
2024-01-05,SPY,457.98089599609375,460.3984008789063,459.39644622802734,46.67919271837869,0.0013697578968931978,0.005096832448839174,464.51898193359375,1
2024-01-08,SPY,464.51898193359375,460.259423828125,460.2881118774414,57.28914002799162,0.01427589227991688,0.0062001618828551415,463.81427001953125,0
2024-01-09,SPY,463.81427001953125,460.5001953125,461.04852294921875,52.91999843763316,-0.001517078830942653,0.006199898475142345,466.4373779296875,1
2024-01-10,SPY,466.4373779296875,462.02119140625,461.8528457641602,52.65099864293243,0.005655513596090511,0.006322001688372777,466.2318115234375,0
2024-01-11,SPY,466.2318115234375,463.7966674804687,462.5440475463867,64.22404023378847,-0.00044071598027251024,0.0062987552707351605,466.5548400878906,1
2024-01-12,SPY,466.5548400878906,465.51145629882814,462.93946380615233,58.20593175197391,0.0006928496865059586,0.0063017307406590525,464.84197998046875,0
2024-01-16,SPY,464.84197998046875,465.5760559082031,463.17563781738284,52.684170443328966,-0.0036712942622119105,0.006346191957970535,462.258056640625,0
2024-01-17,SPY,462.258056640625,465.2648132324219,463.32049560546875,43.76688478480545,-0.005558713393210124,0.00634256453694114,466.36883544921875,1
2024-01-18,SPY,466.36883544921875,465.2511047363281,463.5416961669922,50.15842643044619,0.008892822417132296,0.00621218931704489,472.1826477050781,1
2024-01-19,SPY,472.1826477050781,466.44127197265624,463.913134765625,58.254463465516345,0.012466125122317262,0.006799039887099761,473.1809997558594,1
2024-01-22,SPY,473.1809997558594,467.76650390625,464.65650329589846,61.74329539422236,0.002114334475511681,0.006780620586882777,474.56103515625,1
2024-01-23,SPY,474.56103515625,469.71031494140624,465.2515869140625,68.18509754707634,0.002916506370929328,0.005581313668021467,475.07977294921875,1
2024-01-24,SPY,475.07977294921875,472.274658203125,465.8261184692383,77.44576954519698,0.0010930897282748209,0.005449990525437604,477.6636962890625,1
2024-01-25,SPY,477.6636962890625,474.53363037109375,466.43196868896484,83.07533803886166,0.00543892518050848,0.005436098787304154,477.056884765625,0
2024-01-26,SPY,477.056884765625,475.50847778320315,466.96539001464845,81.12516911370174,-0.0012703739642593304,0.00549023750604074,480.83489990234375,1
2024-01-29,SPY,480.83489990234375,477.0392578125,467.6789047241211,79.11373988171496,0.00791942273000612,0.005724138524990652,480.4629821777344,0
2024-01-30,SPY,480.4629821777344,478.2196472167969,468.4413604736328,80.11245722166991,-0.0007734832157252347,0.005411793640881574,472.6230773925781,0
2024-01-31,SPY,472.6230773925781,477.7283081054687,468.9419937133789,59.70450498796838,-0.0163173960866273,0.00788029623149698,478.8088684082031,1
2024-02-01,SPY,478.8088684082031,477.95734252929685,469.94081726074216,66.43950943049443,0.013088211963223406,0.008369840315956223,483.8494873046875,1
2024-02-02,SPY,483.8494873046875,479.31586303710935,471.26557006835935,70.02516397818522,0.010527413398256025,0.008136867447595106,482.08770751953125,0
2024-02-05,SPY,482.08770751953125,479.56642456054686,472.4709106445313,70.04808593175501,-0.0036411731982405326,0.008365451759813614,483.4873352050781,1
2024-02-06,SPY,483.4873352050781,480.1712951660156,473.4193283081055,75.37845649361753,0.0029032635840235965,0.008365273678511467,487.5198059082031,1
2024-02-07,SPY,487.5198059082031,483.1506408691406,474.60460510253904,75.22529993071745,0.008340385382410442,0.00859859091279271,487.7351989746094,1
2024-02-08,SPY,487.7351989746094,484.9359069824219,475.6694961547852,71.34569362466222,0.0004418139812905064,0.00856178928138257,490.5539855957031,1
2024-02-09,SPY,490.5539855957031,486.276806640625,476.88560485839844,72.6510643938876,0.005779338106045806,0.008541655439408302,490.3386535644531,0
2024-02-12,SPY,490.3386535644531,487.9269958496094,478.0747955322266,71.21911162956445,-0.00043895684791661616,0.00839565145026226,483.5851745605469,0
2024-02-13,SPY,483.5851745605469,487.9465637207031,479.01195526123047,60.05164360285661,-0.013773091219329126,0.009765849667673628,487.9798278808594,1
2024-02-14,SPY,487.9798278808594,488.0385681152344,480.2980438232422,61.597322580285436,0.009087651051970624,0.007993218772976235,491.34674072265625,1
2024-02-15,SPY,491.34674072265625,488.76087646484376,481.54693908691405,65.03186635761786,0.006899696769061769,0.007359761952477007,488.8998718261719,0
2024-02-16,SPY,488.8998718261719,488.4300537109375,482.38280029296874,58.83772374288055,-0.00497992292140903,0.007137150900649397,486.2082824707031,0
2024-02-20,SPY,486.2082824707031,487.6039794921875,483.03416442871094,56.100749619593365,-0.005505400002284611,0.007296219007205311,486.648681640625,1
2024-02-21,SPY,486.648681640625,488.2166809082031,483.6385467529297,67.16734601210221,0.0009057829448810839,0.007261797424337888,496.72015380859375,1
2024-02-22,SPY,496.72015380859375,489.96474609375,484.72056579589844,69.82674948240162,0.020695570640436367,0.009436250080047809,497.0627136230469,1
2024-02-23,SPY,497.0627136230469,491.1079406738281,485.69051666259764,66.29640361917089,0.0006896434779755101,0.009432286628394557,495.2422180175781,0
2024-02-26,SPY,495.2422180175781,492.37640991210935,486.5997833251953,66.2795867952153,-0.003662506874030691,0.009477283109802772,496.1622314453125,1
2024-02-27,SPY,496.1622314453125,494.36719970703126,487.36614990234375,65.85510120461134,0.001857703956292589,0.00946657923194288,495.5065002441406,0
2024-02-28,SPY,495.5065002441406,496.1387634277344,488.1183258056641,60.965273465498505,-0.0013216064416304851,0.007976844684564548,497.2878112792969,1
2024-02-29,SPY,497.2878112792969,496.252294921875,489.3515625,62.519487243160825,0.0035949297017872084,0.007652805913625961,501.9564208984375,1
2024-03-01,SPY,501.9564208984375,497.2310363769531,490.5089401245117,64.15304864227588,0.009388144075219484,0.007870186347015334,501.4181823730469,0
2024-03-04,SPY,501.4181823730469,498.4662292480469,491.3873748779297,63.666080184710864,-0.001072281383366458,0.007567121544786839,496.4068908691406,0
2024-03-05,SPY,496.4068908691406,498.5151611328125,492.1033340454102,66.68641344922227,-0.009994235709980592,0.008204796685421789,498.9223327636719,1
2024-03-06,SPY,498.9223327636719,499.1983276367188,492.87508392333984,64.91563500484452,0.005067298502095863,0.008242488472463361,503.8748474121094,1
2024-03-07,SPY,503.8748474121094,500.51573486328124,493.69283599853514,66.26560738917708,0.00992642406084343,0.006004125671071867,500.85052490234375,0
2024-03-08,SPY,500.85052490234375,500.2945556640625,494.3486022949219,65.41553115965894,-0.0060021303410926485,0.006454011655533457,500.41986083984375,0
2024-03-11,SPY,500.41986083984375,500.0948913574219,494.8418960571289,69.46533996447279,-0.0008598654510424408,0.006298733955908764,505.8030700683594,1
2024-03-12,SPY,505.8030700683594,501.9741271972656,495.61511688232423,73.00894049379497,0.010757385247422313,0.00701250282021654,505.01019287109375,0
2024-03-13,SPY,505.01019287109375,503.19169921875,496.6863677978516,62.77439605585342,-0.0015675610611822766,0.007025665298528287,504.01190185546875,0
2024-03-14,SPY,504.01190185546875,503.2191101074219,497.487971496582,60.54075350387709,-0.0019767739933118644,0.007098961510291722,500.5510559082031,0
2024-03-15,SPY,500.5510559082031,503.1592163085937,497.94818725585935,57.779617471607295,-0.00686659567864345,0.006916785454507103,503.5259094238281,1
2024-03-18,SPY,503.5259094238281,503.7804260253906,498.6794891357422,60.09994430767599,0.005943157007685107,0.007176029864639524,506.3241271972656,1
2024-03-19,SPY,506.3241271972656,503.8846374511719,499.68528137207034,63.93279954286499,0.0055572468488054305,0.006293757259535616,511.0072326660156,1
2024-03-20,SPY,511.0072326660156,505.08404541015625,500.90320892333983,66.35401056943662,0.00924922439440734,0.0066492641100804,512.6959838867188,1
2024-03-21,SPY,512.6959838867188,506.82086181640625,501.7020004272461,63.73475207037888,0.0033047501341469943,0.006127477696577472,511.72393798828125,0
2024-03-22,SPY,511.72393798828125,509.05543823242186,502.4350616455078,63.069977712181874,-0.0018959498981608869,0.005670521296005856,510.3101806640625,0
2024-03-25,SPY,510.3101806640625,510.41229248046875,503.188459777832,69.42778359976919,-0.0027627343949876426,0.005813414314947498,509.3677062988281,0
2024-03-26,SPY,509.3677062988281,511.02100830078126,503.84873352050784,65.29532497170294,-0.0018468656925635374,0.005008126000695531,513.6483154296875,1
2024-03-27,SPY,513.6483154296875,511.5492248535156,504.75582427978514,64.50655001236909,0.008403770160388069,0.005474389124455297,513.5501098632812,0
2024-03-28,SPY,513.5501098632812,511.7200500488281,505.5689392089844,70.63313814759117,-0.00019119222911123668,0.005368845623672622,512.6566772460938,0
2024-04-01,SPY,512.6566772460938,511.90659790039064,506.1039520263672,69.63178723813348,-0.0017397184812701916,0.004634343443871843,509.3971252441406,0
2024-04-02,SPY,509.3971252441406,511.72398681640624,506.5028991699219,56.28869110315607,-0.006358157704027034,0.005189377404721343,509.9566650390625,1
2024-04-03,SPY,509.9566650390625,511.84177856445314,507.18038787841795,58.67090969523277,0.00109843532127063,0.004957082421489406,503.7320861816406,0
2024-04-04,SPY,503.7320861816406,509.85853271484376,507.4208755493164,49.76956396243572,-0.01220609374121051,0.005474398221552145,508.99456787109375,1
2024-04-05,SPY,508.99456787109375,508.9474243164062,507.67686157226564,61.973108765092626,0.01044698528009902,0.006524426990936888,509.2792053222656,1
2024-04-08,SPY,509.2792053222656,508.2719299316406,508.0982955932617,58.85312292915752,0.0005592151058946282,0.006520831318359631,509.8684387207031,1
2024-04-09,SPY,509.8684387207031,508.36619262695314,508.5707244873047,55.895652659651354,0.001156994812039569,0.006484716837481968,504.76300048828125,0
2024-04-10,SPY,504.76300048828125,507.32745971679685,508.51872100830076,40.28475280817318,-0.010013246250801022,0.007207589083896443,508.57232666015625,1
2024-04-11,SPY,508.57232666015625,508.2955078125,508.6968276977539,44.10971979935602,0.00754676188268566,0.0070889990920434305,501.5525207519531,0
2024-04-12,SPY,501.5525207519531,506.8070983886719,508.5738586425781,37.387667881135435,-0.013802964770621484,0.008150225202485265,495.2690124511719,0
2024-04-15,SPY,495.2690124511719,504.00505981445315,508.30975646972655,33.23395965010636,-0.01252811628054562,0.008754835441368968,494.36572265625,0
2024-04-16,SPY,494.36572265625,500.9045166015625,507.8517471313477,33.24266907438039,-0.0018238366871597966,0.008702443685780598,491.43994140625,0
2024-04-17,SPY,491.43994140625,498.2399047851562,507.1075378417969,24.368656761270202,-0.00591825265368251,0.008621662690236608,490.4287414550781,0
2024-04-18,SPY,490.4287414550781,494.61118774414064,506.07861328125,23.84740570071844,-0.0020576267127949688,0.008084243523106672,486.1481018066406,0
2024-04-19,SPY,486.1481018066406,491.5303039550781,504.75121917724607,22.079026390144875,-0.00872836211788297,0.00680762474165838,490.62506103515625,1
2024-04-22,SPY,490.62506103515625,490.601513671875,503.69627532958987,30.915230218843604,0.009209043935126227,0.007979197712731792,496.4471740722656,1
2024-04-23,SPY,496.4471740722656,491.01780395507814,503.003125,37.81209301870301,0.011866725733140182,0.00931059467491582,496.21148681640625,0
2024-04-24,SPY,496.21148681640625,491.97211303710935,502.3453140258789,42.42640057718545,-0.00047474790505119824,0.008951247117502495,494.32647705078125,0
2024-04-25,SPY,494.32647705078125,492.75166015625,501.3792221069336,33.90382646072371,-0.003798803162979647,0.00835203588515426,499.0096740722656,1
2024-04-26,SPY,499.0096740722656,495.323974609375,500.65220031738284,39.8919347569001,0.00947389476166638,0.008188580466618516,500.77685546875,1
2024-04-29,SPY,500.77685546875,497.3543334960938,500.05820922851564,41.31399503781505,0.003541377027949988,0.007060084504838207,492.84393310546875,0
2024-04-30,SPY,492.84393310546875,496.63368530273436,499.23054962158204,39.055544596982706,-0.015841232031092334,0.008870815348788846,491.2436218261719,0
2024-05-01,SPY,491.2436218261719,495.6401123046875,498.2948974609375,33.32063726859826,-0.0032470954227094007,0.008720882123177783,495.8384094238281,1
2024-05-02,SPY,495.8384094238281,495.9424987792969,497.90021362304685,44.393324262594604,0.009353378636399068,0.009158144602808027,501.9844970703125,1
2024-05-03,SPY,501.9844970703125,496.53746337890624,497.5497100830078,57.13692379274043,0.012395343986413287,0.009065901894493857,507.16839599609375,1
2024-05-06,SPY,507.16839599609375,497.815771484375,497.44416961669924,62.28455959938719,0.010326810800005859,0.009154029133575166,507.7280578613281,1
2024-05-07,SPY,507.7280578613281,500.7925964355469,497.33715057373047,66.32955188780632,0.0011035030369650478,0.008662175664496551,507.7771301269531,1
2024-05-08,SPY,507.7771301269531,504.09929809570315,497.48785705566405,67.7345384980663,9.665068704634017e-05,0.008643826362658546,510.7027893066406,1
2024-05-09,SPY,510.7027893066406,507.0721740722656,497.5943801879883,75.78835638916865,0.00576169938759552,0.008415046636706058,511.3607177734375,1
2024-05-10,SPY,511.3607177734375,508.9474182128906,498.0847900390625,73.62311240914403,0.0012882805431513322,0.008141036686413623,511.4294128417969,1
2024-05-13,SPY,511.4294128417969,509.79962158203125,498.89281005859374,69.59558404915403,0.00013433778929772267,0.008162846866539317,513.77587890625,1
2024-05-14,SPY,513.77587890625,511.0091857910156,499.8633178710937,71.72697952292657,0.004588054588833268,0.00517190093445543,520.1380004882812,1
2024-05-15,SPY,520.1380004882812,513.4813598632812,501.2982208251953,78.68051961619892,0.012383067876941212,0.005037993379004633,519.0677490234375,0
2024-05-16,SPY,519.0677490234375,515.1543518066406,502.7301712036133,74.24943520091198,-0.0020576298286975048,0.005408109638822033,519.8140258789062,1
2024-05-17,SPY,519.8140258789062,516.8450134277343,504.41346740722656,73.57243290993623,0.001437725339077156,0.0047199175167921045,520.4129028320312,1
2024-05-20,SPY,520.4129028320312,518.6417114257813,505.9028594970703,91.87955118722576,0.0011520984877475549,0.00409746585378987,521.6892700195312,1
2024-05-21,SPY,521.6892700195312,520.2243896484375,507.1649642944336,96.8113969131136,0.0024526048077482265,0.004065211891931536,520.1870727539062,0
2024-05-22,SPY,520.1870727539062,520.2342041015625,508.3637435913086,91.49610854359621,-0.002879486606210513,0.0043759701984939755,516.3875122070312,0
2024-05-23,SPY,516.3875122070312,519.6981567382812,509.46679534912107,76.8883669599567,-0.00730421947389015,0.005151293901758805,519.8041381835938,1
2024-05-24,SPY,519.8041381835938,519.6961791992187,510.5065185546875,75.14737974456492,0.006616399304390397,0.005438251018877844,520.1674194335938,1
2024-05-28,SPY,520.1674194335938,519.6470825195313,511.4760467529297,74.94153162820827,0.0006988810271295609,0.0054236529330569305,516.5249633789062,0
2024-05-29,SPY,516.5249633789062,518.6142211914063,512.6600982666016,65.48625336316863,-0.007002468664134565,0.005952637161961174,513.098388671875,0
2024-05-30,SPY,513.098388671875,517.196484375,513.7528366088867,54.30319908886895,-0.006633899520781972,0.004646574592981649,517.7718505859375,1
2024-05-31,SPY,517.7718505859375,517.4733520507813,514.8495086669922,59.84788479008577,0.009108315319717786,0.005683976876364085,518.1939697265625,1
2024-06-03,SPY,518.1939697265625,517.151318359375,515.6599822998047,60.26766753346043,0.0008152608917368909,0.005667001222159955,518.7732543945312,1
2024-06-04,SPY,518.7732543945312,516.8724853515625,516.2402252197265,58.031570317460506,0.001117891565342699,0.00566603913979399,524.93896484375,1
2024-06-05,SPY,524.93896484375,518.5552856445313,517.1007705688477,57.68992360502366,0.011885174104464769,0.0068391074803598705,524.9291381835938,0
2024-06-06,SPY,524.9291381835938,520.921435546875,517.9583709716796,59.679407530575,-1.871962421229334e-05,0.006734461510875808,524.2909545898438,0
2024-06-07,SPY,524.2909545898438,522.2252563476562,518.6377792358398,57.46340305547404,-0.0012157518935952405,0.0061580376867018125,525.9109497070312,1
2024-06-10,SPY,525.9109497070312,523.76865234375,519.3652908325196,58.81823459775192,0.003089878059129969,0.0059316581401105736,527.1775512695312,1
2024-06-11,SPY,527.1775512695312,525.44951171875,520.1526977539063,58.788287647655295,0.002408395495864024,0.005940736159500762,531.5071411132812,1
2024-06-12,SPY,531.5071411132812,526.7631469726563,521.0392608642578,66.46646060636843,0.008212773539623575,0.005493937348604236,532.5773315429688,1
2024-06-13,SPY,532.5773315429688,528.2927856445312,521.6612274169922,75.55636474693416,0.002013501507140525,0.004402801802721645,532.9014282226562,1
2024-06-14,SPY,532.9014282226562,530.0148803710938,522.3529113769531,72.87799071057373,0.0006085438874172677,0.004058639502153936,537.1427001953125,1
2024-06-17,SPY,537.1427001953125,532.26123046875,523.2193450927734,76.04929451770198,0.00795883018516541,0.004275436522931418,538.5073852539062,1
2024-06-18,SPY,538.5073852539062,534.527197265625,524.1240692138672,86.34614879484333,0.0025406378195171886,0.004206555233529483,537.0445556640625,0
2024-06-20,SPY,537.0445556640625,535.6346801757812,524.8918334960938,92.64396305293451,-0.0027164522342697506,0.0035515299169711252,536.3245239257812,0
2024-06-21,SPY,536.3245239257812,536.3841186523438,525.6987060546875,88.48199069534387,-0.0013407299835502817,0.0036695847516814537,534.5811767578125,0
2024-06-24,SPY,534.5811767578125,536.720068359375,526.6083892822265,82.34271478750547,-0.0032505453138853557,0.0039248567018973215,536.6397705078125,1
2024-06-25,SPY,536.6397705078125,536.619482421875,527.4501708984375,83.28687308374151,0.0038508534147894125,0.0039566081866648836,537.3095092773438,1
2024-06-26,SPY,537.3095092773438,536.3799072265625,528.307275390625,78.89438422032886,0.0012480229873710336,0.003961244193132359,538.1565551757812,1
2024-06-27,SPY,538.1565551757812,536.6023071289062,529.3888549804688,79.72112329228887,0.001576458044780793,0.003286996055825784,536.0388793945312,0
2024-06-28,SPY,536.0388793945312,536.5451782226562,530.5358795166015,74.87682010309904,-0.003935055256473308,0.0036513235752110604,537.14208984375,1
2024-07-01,SPY,537.14208984375,537.0573608398438,531.5043914794921,74.28389408054309,0.002058079164826365,0.0036779911194313158,540.7569580078125,1
2024-07-02,SPY,540.7569580078125,537.8807983398438,532.6325408935547,76.59716249292121,0.006729817365669577,0.0034239186688363814,543.170166015625,1
2024-07-03,SPY,543.170166015625,539.0529296875,533.8523864746094,74.6156045472195,0.004462648093707333,0.0035901249008208624,546.30224609375,1
2024-07-05,SPY,546.30224609375,540.6820678710938,534.9205505371094,76.59846275666739,0.005766296225545808,0.003650647190472134,546.9327392578125,1
2024-07-08,SPY,546.9327392578125,542.86083984375,536.0207305908203,76.86122214109864,0.001154110510382722,0.003500663532987798,547.4645385742188,1
2024-07-09,SPY,547.4645385742188,544.9253295898437,537.179409790039,72.97537843861011,0.0009723303767259495,0.003023665806882352,552.8818359375,1
2024-07-10,SPY,552.8818359375,547.3503051757813,538.5279541015625,77.03520507292403,0.009895247968735532,0.003841933119812126,548.1145629882812,0
2024-07-11,SPY,548.1145629882812,548.3391845703125,539.5748046875,68.74214511375143,-0.008622589203233777,0.005322635980264264,551.5718994140625,1
2024-07-12,SPY,551.5718994140625,549.393115234375,540.5780426025391,73.57802458711522,0.006307689412468953,0.00548794809247737,553.0887451171875,1
2024-07-15,SPY,553.0887451171875,550.62431640625,541.60361328125,78.83395175344472,0.00275004166226811,0.005005823062186203,556.3685913085938,1
2024-07-16,SPY,556.3685913085938,552.405126953125,542.7769714355469,79.55060327749294,0.005930054119454686,0.0050616418083017775,548.5676879882812,0
2024-07-17,SPY,548.5676879882812,551.5422973632812,543.3482208251953,64.17064708238232,-0.014021106586848409,0.007344792777218995,544.35205078125,0
2024-07-18,SPY,544.35205078125,550.789794921875,543.6404541015625,57.32517037197127,-0.007684807726264231,0.007784290101803267,540.7372436523438,0
2024-07-19,SPY,540.7372436523438,548.6228637695312,543.8250885009766,55.456464265803184,-0.006640568587402806,0.007795177160159713,546.312255859375,1
2024-07-22,SPY,546.312255859375,547.2675659179688,544.3244750976562,59.484753143025415,0.01031002075865084,0.008574525626842489,545.4552612304688,0
2024-07-23,SPY,545.4552612304688,545.0848999023438,544.8681793212891,55.23351089728757,-0.0015686901029854372,0.008577513586010098,533.0938110351562,0
2024-07-24,SPY,533.0938110351562,541.9901245117187,544.6908813476563,41.31495116996088,-0.022662628952238584,0.010274356521784928,530.3162231445312,0
2024-07-25,SPY,530.3162231445312,539.182958984375,544.3412170410156,35.977457487506655,-0.005210317270859854,0.01014449766409609,536.255615234375,1
2024-07-26,SPY,536.255615234375,538.2866333007812,544.2461700439453,41.63019898578741,0.011199717886482663,0.010756082227683494,536.57080078125,1
2024-07-29,SPY,536.57080078125,536.3383422851563,544.2727661132812,41.432231874233764,0.0005877524410391466,0.010654262702312227,533.852294921875,0
2024-07-30,SPY,533.852294921875,534.0177490234375,544.1082763671875,34.16031860508288,-0.005066443897835726,0.010190291785004395,542.5298461914062,1
2024-07-31,SPY,542.5298461914062,535.9049560546875,544.1969207763672,45.90569551084278,0.0162545920511612,0.011339835027603256,534.8471069335938,0
2024-08-01,SPY,534.8471069335938,536.8111328125,543.7807678222656,37.91458911889499,-0.014160952271558558,0.011930508058825149,524.8890991210938,0
2024-08-02,SPY,524.8890991210938,534.5378295898438,542.7101104736328,31.649068002191612,-0.018618419513553364,0.013032488383553552,509.6024169921875,0
2024-08-05,SPY,509.6024169921875,529.1441528320313,540.8435943603515,23.513064690301547,-0.02912364184073013,0.014479084063937908,514.30078125,1
2024-08-06,SPY,514.30078125,525.2338500976563,539.1854064941406,30.05007913550017,0.009219666353906808,0.015294208671308608,510.8631286621094,0
2024-08-07,SPY,510.8631286621094,518.9005065917969,537.0844711303711,30.241236422509232,-0.006684128652372334,0.014121604859069499,522.6729736328125,1
2024-08-08,SPY,522.6729736328125,516.4656799316406,535.8123916625976,40.67636434547876,0.023117434608427745,0.01652438923029609,524.977783203125,1
2024-08-09,SPY,524.977783203125,516.4834167480469,534.4826858520507,38.591408126210396,0.004409658977186037,0.016086132930297026,525.2535400390625,1
2024-08-12,SPY,525.2535400390625,519.6136413574219,533.0909255981445,39.14759308972858,0.0005252733444356394,0.016085025474067878,533.8917846679688,1
2024-08-13,SPY,533.8917846679688,523.5318420410156,531.9670852661133,50.90149591477772,0.016445857039371514,0.017041346122668343,535.5760498046875,1
2024-08-14,SPY,535.5760498046875,528.4744262695312,531.3175033569336,53.55085164293945,0.003154693863225866,0.016144749608409673,544.7559204101562,1
2024-08-15,SPY,544.7559204101562,532.891015625,531.3376968383789,55.22814561197914,0.017140181322178982,0.01637915137851384,545.9772338867188,1
2024-08-16,SPY,545.9772338867188,537.0909057617188,531.5996963500977,55.67386075799581,0.0022419462199565476,0.014710684193814575,551.1975708007812,1
2024-08-19,SPY,551.1975708007812,542.2797119140625,531.843962097168,59.810152294316154,0.00956145529530561,0.008995557756748748,550.30126953125,0
2024-08-20,SPY,550.30126953125,545.5616088867188,532.086262512207,54.999990582376746,-0.0016260980037141604,0.009462257829272205,552.1923217773438,1
2024-08-21,SPY,552.1923217773438,548.88486328125,533.0411880493164,61.42434557668478,0.0034363944820707815,0.008329859797455213,547.8584594726562,0
2024-08-22,SPY,547.8584594726562,549.50537109375,533.9182998657227,66.3415628958716,-0.007848465351235068,0.007755717711627177,553.6796875,1
2024-08-23,SPY,553.6796875,551.0458618164063,534.7895034790039,86.07448566710448,0.010625423276199752,0.007972000187541297,552.3598022460938,0
2024-08-26,SPY,552.3598022460938,551.2783081054688,535.578953552246,83.01977891496014,-0.00238384265073166,0.008217557568046669,553.1182250976562,1
2024-08-27,SPY,553.1182250976562,551.84169921875,536.5422500610351,88.5855779430582,0.0013730594595742218,0.007222156675934935,549.9072265625,0
2024-08-28,SPY,549.9072265625,551.3846801757812,536.9111190795899,79.59786343377486,-0.0058052661970943165,0.007810859396294599,549.9564819335938,1
2024-08-29,SPY,549.9564819335938,551.8042846679688,537.6665878295898,78.52636241770982,8.957032880196891e-05,0.005937978380530091,555.2064208984375,1
2024-08-30,SPY,555.2064208984375,552.1096313476562,539.182453918457,80.64855134649312,0.009546098895653499,0.006531846575879046,543.7808227539062,0
2024-09-03,SPY,543.7808227539062,550.3938354492187,540.891374206543,59.918156534317376,-0.02057900938184809,0.00899074390254881,542.6677856445312,0
2024-09-04,SPY,542.6677856445312,548.3037475585937,542.3097244262696,57.27680290370398,-0.0020468487721545525,0.008993334186754432,541.347900390625,0
2024-09-05,SPY,541.347900390625,546.5918823242188,543.8339630126953,46.326552967493654,-0.0024322159686309686,0.008835717139410434,532.2369384765625,0
2024-09-06,SPY,532.2369384765625,543.0479736328125,544.3121612548828,36.77061613050623,-0.016830141776643548,0.009895329517873929,538.1959228515625,1
2024-09-09,SPY,538.1959228515625,539.6458740234375,544.9730682373047,37.849304182572126,0.011196112002403558,0.009982902559570354,540.5402221679688,1
2024-09-10,SPY,540.5402221679688,538.99775390625,545.73740234375,41.22090563889004,0.004355847409592606,0.010237424974855844,546.0855712890625,1
2024-09-11,SPY,546.0855712890625,539.6813110351562,546.3470916748047,45.026710872320685,0.010258901916406549,0.010935489235147955,550.6853637695312,1
2024-09-12,SPY,550.6853637695312,541.5488037109375,547.1025573730469,52.732952074935355,0.00842320823385001,0.011195831483962526,553.5615234375,1
2024-09-13,SPY,553.5615234375,545.813720703125,547.542837524414,50.19311755677248,0.005222872909279808,0.01130742495142868,554.3790893554688,1
2024-09-16,SPY,554.3790893554688,549.0503540039062,547.9629302978516,52.13230712243731,0.0014769196979078636,0.010887020886245508,554.6055297851562,1
2024-09-17,SPY,554.6055297851562,551.8634155273437,548.1333282470703,51.66435775716596,0.0004084577395420119,0.00818789581213225,552.960693359375,0
2024-09-18,SPY,552.960693359375,553.2384399414062,548.2662994384766,53.19516565084196,-0.0029657771829617596,0.008243370004932358,562.3966064453125,1
2024-09-19,SPY,562.3966064453125,555.5806884765625,548.776513671875,60.23819671496637,0.01706434688623526,0.009335183289190082,561.4243774414062,0
2024-09-20,SPY,561.4243774414062,557.1532592773438,549.4548095703125,55.63101369139928,-0.0017287248762956064,0.006365051816505461,562.827392578125,1
2024-09-23,SPY,562.827392578125,558.842919921875,549.9121948242188,70.0795110385121,0.002499027817624677,0.006067958599282434,564.4378051757812,1
2024-09-24,SPY,564.4378051757812,560.809375,550.5160949707031,72.69058368380917,0.002861290368756819,0.00609030943406196,563.1929321289062,0
2024-09-25,SPY,563.1929321289062,562.8558227539063,551.0198303222656,72.87892594963276,-0.002205509686735607,0.006022194260987453,565.4258422851562,1
2024-09-26,SPY,565.4258422851562,563.461669921875,551.7957611083984,90.75456995830314,0.00396473398167374,0.005743352368364029,564.6057739257812,0
2024-09-27,SPY,564.6057739257812,564.09794921875,552.5282257080078,87.13068677757929,-0.0014503552863107672,0.005799858432437605,566.8682861328125,1
2024-09-30,SPY,566.8682861328125,564.9061279296875,553.1113189697265,87.06117192259154,0.0040072424185457756,0.005829985992327596,561.7900390625,0
2024-10-01,SPY,561.7900390625,564.3765747070313,554.0117797851562,72.62863229684258,-0.008958425077819077,0.006825422183281733,562.027099609375,1
2024-10-02,SPY,562.027099609375,564.143408203125,554.9797454833985,68.66371741120899,0.00042197356733231217,0.006672034167566677,560.9996337890625,0
2024-10-03,SPY,560.9996337890625,563.2581665039063,555.9623321533203,63.085259592842775,-0.0018281428440489744,0.003934956379388868,566.0975952148438,1
2024-10-04,SPY,566.0975952148438,563.5565307617187,557.6553649902344,67.81071564537382,0.00908728120078961,0.004858837825209814,560.9798583984375,0
2024-10-07,SPY,560.9798583984375,562.3788452148438,558.7945617675781,58.61340544293979,-0.009040379008259158,0.005715732975812693,566.2853393554688,1
2024-10-08,SPY,566.2853393554688,563.2779052734375,560.0818176269531,66.19301336146515,0.009457524860479127,0.006455626420656816,570.207763671875,1
2024-10-09,SPY,570.207763671875,564.9140380859375,561.2879272460938,60.874236728663476,0.00692658637582011,0.006696083578340833,569.2098388671875,0
2024-10-10,SPY,569.2098388671875,566.5560791015625,562.2141510009766,60.85404326216441,-0.001750107361326192,0.006683340541685826,572.6183471679688,1
2024-10-11,SPY,572.6183471679688,567.8602294921875,563.1669921875,62.864186779726346,0.00598814016912419,0.006831294706104812,577.301513671875,1
2024-10-14,SPY,577.301513671875,571.124560546875,564.3131134033204,65.55932869899493,0.008178512838556529,0.00712702078628588,572.8159790039062,0
2024-10-15,SPY,572.8159790039062,572.4306884765625,565.2236358642579,60.931692204381086,-0.0077698300831378075,0.006934067906298179,575.3057250976562,1
2024-10-16,SPY,575.3057250976562,573.4502807617188,566.3408874511719,61.119987356279935,0.004346502515658823,0.006947942846072072,575.3550415039062,1
2024-10-17,SPY,575.3550415039062,574.6793212890625,566.9888092041016,62.301526784358224,8.57220849690421e-05,0.006845373108412832,577.5681762695312,1
2024-10-18,SPY,577.5681762695312,575.669287109375,567.7959991455078,62.22355009621099,0.0038465549199675486,0.006480235915789745,576.6196899414062,0
2024-10-21,SPY,576.6196899414062,575.5329223632813,568.4856140136719,68.6928474441215,-0.0016422066988718287,0.005410331324309957,576.3134765625,0
2024-10-22,SPY,576.3134765625,576.232421875,569.0793975830078,67.98780932750512,-0.0005310491199794765,0.004939374843562463,571.0474853515625,0
2024-10-23,SPY,571.0474853515625,575.3807739257812,569.4721252441407,61.59942132818507,-0.009137373018495487,0.005638007033308332,572.2825317382812,1
2024-10-24,SPY,572.2825317382812,574.7662719726562,569.8149597167969,57.847053186101135,0.002162773531799056,0.005626366538182944,572.0848388671875,0
2024-10-25,SPY,572.0848388671875,573.6696044921875,570.1889129638672,65.93760546457517,-0.00034544627894417257,0.0052931420556250235,573.8533935546875,1
2024-10-28,SPY,573.8533935546875,573.1163452148437,570.5381683349609,62.05165451158766,0.003091420305775028,0.004611787503251218,574.7821044921875,1
2024-10-29,SPY,574.7821044921875,572.8100708007812,571.1877716064453,58.06231601087476,0.0016183766584478843,0.0038861164443261646,573.0432739257812,0
2024-10-30,SPY,573.0432739257812,573.209228515625,571.7385803222656,56.632220167710585,-0.0030251995544336996,0.0037401111584478134,561.809814453125,0
2024-10-31,SPY,561.809814453125,571.1146850585938,571.7790893554687,35.68122480135891,-0.01960316084978808,0.007119166111067449,564.180908203125,1
2024-11-01,SPY,564.180908203125,569.5338989257813,571.6832550048828,31.536774647178618,0.004220456262957972,0.007156250114920834,562.9657592773438,0
2024-11-04,SPY,562.9657592773438,567.3563720703125,571.7825500488282,34.710225792514564,-0.002153828511587519,0.0071527007640107675,569.7730102539062,1
2024-11-05,SPY,569.7730102539062,566.3545532226562,571.95693359375,42.666858836357996,0.012091767331108505,0.008500230253979536,583.940673828125,1
2024-11-06,SPY,583.940673828125,568.534033203125,572.6435791015625,58.74993453548441,0.024865452240191654,0.011278380809419782,588.455810546875,1
2024-11-07,SPY,588.455810546875,573.863232421875,573.6058776855468,60.487965566263966,0.007732183971961071,0.0114080430863838,591.0048217773438,1
2024-11-08,SPY,591.0048217773438,579.2280151367188,574.5252014160156,63.337899951076785,0.004331695234855104,0.011358283640705085,591.5679931640625,1
2024-11-11,SPY,591.5679931640625,584.9484619140625,575.238525390625,64.05718615827749,0.000952904893440909,0.011383105620331992,589.7304077148438,0
2024-11-12,SPY,589.7304077148438,588.93994140625,576.0842468261719,68.38338531009698,-0.003106296267636477,0.011548426801624935,590.0169067382812,1
2024-11-13,SPY,590.0169067382812,590.1551879882812,576.8198059082031,67.77830236548343,0.00048581355088628264,0.011409911826867725,586.2229614257812,0
2024-11-14,SPY,586.2229614257812,589.7086181640625,577.3632019042968,63.377259891571924,-0.00643023152247213,0.009023615509309243,578.7142944335938,0
2024-11-15,SPY,578.7142944335938,587.2505126953125,577.4205078125,54.433785477703154,-0.012808551500482546,0.010522430477397924,581.08544921875,1
2024-11-18,SPY,581.08544921875,585.15400390625,577.6437957763671,55.500349268674064,0.0040972804853161016,0.010393791347749646,583.2096557617188,1
2024-11-19,SPY,583.2096557617188,583.849853515625,577.9886047363282,58.60328397945668,0.00365558378001829,0.009925628575118983,583.4072265625,1
2024-11-20,SPY,583.4072265625,582.5279174804688,578.606591796875,71.9277066158823,0.00033876462577286937,0.0060088788401121,586.5390625,1
2024-11-21,SPY,586.5390625,582.5911376953125,579.3194183349609,72.29210167205444,0.00536818159753194,0.0057064921572376765,588.3570556640625,1
2024-11-22,SPY,588.3570556640625,584.5196899414062,580.1330291748047,74.99548868589658,0.0030995261531494567,0.005607539802524634,590.352783203125,1
2024-11-25,SPY,590.352783203125,586.3731567382813,580.9579986572265,72.29873206686494,0.0033920346834457327,0.0057263916418591595,593.435302734375,1
2024-11-26,SPY,593.435302734375,588.4182861328125,581.890658569336,63.381035623236514,0.0052214872512752475,0.005859289037595981,591.6371459960938,0
2024-11-27,SPY,591.6371459960938,590.0642700195312,582.8203521728516,54.94340563084387,-0.0030300804990802677,0.005974063981943622,595.3125,1
2024-11-29,SPY,595.3125,591.8189575195313,584.4954864501954,56.39924095562813,0.006212175872964076,0.005726376317837673,596.3795166015625,1
2024-12-02,SPY,596.3795166015625,593.4234497070313,586.1054168701172,57.01919434844331,0.0017923638451442514,0.0027398100927951805,596.6561279296875,1
2024-12-03,SPY,596.6561279296875,594.6841186523437,587.7899353027344,60.51330901216451,0.0004638176201980926,0.0028200488610833096,600.3610229492188,1
2024-12-04,SPY,600.3610229492188,596.0692626953125,589.3193359375,64.15156467070358,0.00620943093702353,0.0030289921290718477,599.3731079101562,0
2024-12-05,SPY,599.3731079101562,597.616455078125,590.0909576416016,69.50513045538166,-0.0016455349386431672,0.0032712251335008605,600.5093383789062,1
2024-12-06,SPY,600.5093383789062,598.6558227539062,590.6936340332031,89.92798238754744,0.001895698111501476,0.003139144292063552,597.4168701171875,0
2024-12-09,SPY,597.4168701171875,598.8632934570312,591.0142364501953,79.30386874348378,-0.005149742167319116,0.003912236395050704,595.5594482421875,0
2024-12-10,SPY,595.5594482421875,598.6439575195312,591.2138092041016,72.43761429027616,-0.0031090884236926186,0.004104983561361536,600.1635131835938,1
2024-12-11,SPY,600.1635131835938,598.6044555664063,591.735464477539,76.188328202407,0.007730655529007757,0.004460705134087917,597.0711059570312,0
2024-12-12,SPY,597.0711059570312,598.1440551757812,592.0881744384766,66.56997326350421,-0.00515260784541649,0.004723757664680291,596.9525756835938,0
2024-12-13,SPY,596.9525756835938,597.4327026367188,592.6246551513672,64.28822984081503,-0.00019851952682836682,0.004346386926219632,599.5015869140625,1
2024-12-16,SPY,599.5015869140625,597.8496459960937,593.6640197753907,64.89027206395002,0.004270039755754018,0.004509507550692292,597.0315551757812,0
2024-12-17,SPY,597.0315551757812,598.1440673828125,594.4613250732422,56.04988514900159,-0.004120142118381631,0.004744026299926827,579.2379760742188,0
2024-12-18,SPY,579.2379760742188,593.9589599609375,594.2627410888672,36.74982501660383,-0.029803414823398433,0.01015329889153776,579.0599975585938,0
2024-12-19,SPY,579.0599975585938,590.35673828125,594.0453796386719,31.12390352450349,-0.0003072632026498434,0.01018962647949405,586.01513671875,1
2024-12-20,SPY,586.01513671875,588.1692504882812,594.0191833496094,39.700130183457915,0.012011085534280097,0.011222838364849233,589.5244140625,1
2024-12-23,SPY,589.5244140625,586.1738159179688,594.0775512695312,43.50334811986595,0.0059883732072167906,0.011467761288611903,596.0769653320312,1
2024-12-24,SPY,596.0769653320312,585.9828979492188,594.3637603759765,46.49962419285891,0.011114978639097606,0.012079979041465905,596.11669921875,1
2024-12-26,SPY,596.11669921875,589.358642578125,594.4978302001953,47.3804485491182,6.665898705993101e-05,0.011785352642292468,589.8416137695312,0
2024-12-27,SPY,589.8416137695312,591.5149658203125,594.4080535888672,41.36828423420074,-0.010526605708987335,0.012132754168882896,583.110595703125,0
2024-12-30,SPY,583.110595703125,590.9340576171875,593.7979583740234,38.92013632336992,-0.011411568647030523,0.012546110318722358,580.9891357421875,0
2024-12-31,SPY,580.9891357421875,589.227001953125,593.0284393310546,38.726491353896115,-0.0036381776914539143,0.012335412038560208,579.5617065429688,0
2025-01-02,SPY,579.5617065429688,585.9239501953125,592.1737182617187,33.09819533470893,-0.002456894821957878,0.012330780731099307,586.8082275390625,1
2025-01-03,SPY,586.8082275390625,584.062255859375,591.4960784912109,42.38680942825264,0.01250345030440081,0.008835561528279823,590.1885375976562,1
2025-01-06,SPY,590.1885375976562,584.131640625,591.0368499755859,45.37240336558255,0.005760502153778546,0.008918257352363278,583.5169677734375,0
2025-01-07,SPY,583.5169677734375,584.2129150390625,590.1872314453125,39.20648666597923,-0.011304133169673491,0.009039992736733287,584.3695068359375,1
2025-01-08,SPY,584.3695068359375,584.8889892578125,589.53486328125,41.32181401582999,0.0014610355989357338,0.008795094174240485,575.4476928710938,0
2025-01-10,SPY,575.4476928710938,584.0661865234375,588.5292755126953,47.10744654804344,-0.015267418748713957,0.008766392057632296,576.3399047851562,1
2025-01-13,SPY,576.3399047851562,581.9725219726563,587.3380950927734,48.025790575811556,0.0015504657071625516,0.008845320152012401,577.1329345703125,1
2025-01-14,SPY,577.1329345703125,579.3614013671875,586.3411865234375,42.172000982727646,0.0013759758409437328,0.008566180166219323,587.6309814453125,1
2025-01-15,SPY,587.6309814453125,580.1842041015625,585.8751068115234,48.789365551420616,0.018189997912380518,0.010001638685590545,586.5008544921875,0
2025-01-16,SPY,586.5008544921875,580.6104736328125,585.2250701904297,41.98453174811183,-0.0019231915756813267,0.009931203709073832,592.3892822265625,1
2025-01-17,SPY,592.3892822265625,583.9987915039062,584.9929565429687,47.37143654448396,0.01003993035862405,0.010231150017555715,597.811767578125,1
2025-01-21,SPY,597.811767578125,588.2931640625,585.9216461181641,56.617327411064004,0.009153584499674627,0.009907438207523926,601.17236328125,1
2025-01-22,SPY,601.17236328125,593.1010498046875,587.0272644042968,65.49514410634751,0.005621494733600851,0.009901521331227263,604.45361328125,1
2025-01-23,SPY,604.45361328125,596.465576171875,587.9491882324219,69.67491686758295,0.005458085235473309,0.00877444256070606,602.68896484375,0
2025-01-24,SPY,602.68896484375,599.7031982421875,588.6074157714844,69.36060712996688,-0.0029194108509347227,0.008997705834136444,594.1636962890625,0
2025-01-27,SPY,594.1636962890625,600.0580810546875,588.511752319336,56.26448990372758,-0.01414538684460187,0.008746307591352006,599.26904296875,1
2025-01-28,SPY,599.26904296875,600.3495361328125,588.6693695068359,57.422017773315865,0.008592491785637035,0.008877653101987319,596.58251953125,0
2025-01-29,SPY,596.58251953125,599.4315673828125,589.0064147949219,61.33175421496843,-0.00448300053043138,0.00925145955711114,599.784423828125,1
2025-01-30,SPY,599.784423828125,598.4977294921875,589.8401062011719,62.782838450531024,0.005367076962615069,0.007731054383948246,596.5924682617188,0
2025-01-31,SPY,596.5924682617188,597.2784301757813,590.6202728271485,69.41550136496122,-0.005321838046466132,0.007996550293864188,592.57763671875,0
2025-02-03,SPY,592.57763671875,596.9612182617187,591.2710693359375,64.23473724712288,-0.006729604808231482,0.007818091391916233,596.5528564453125,1
2025-02-04,SPY,596.5528564453125,596.4179809570312,591.75830078125,66.05707407509334,0.006708352594225975,0.007535170806301936,598.9715576171875,1
2025-02-05,SPY,598.9715576171875,596.8957885742187,592.1974517822266,60.75645068372191,0.00405446247678265,0.007416353914437737,601.0534057617188,1
2025-02-06,SPY,601.0534057617188,597.1495849609375,593.0742736816406,63.507010802045926,0.003475704510600197,0.0072691290245336295,595.5515747070312,0
2025-02-07,SPY,595.5515747070312,596.94140625,593.6333770751953,53.11367150714971,-0.009153647582638702,0.007747454432057254,599.5961303710938,1
2025-02-10,SPY,599.5961303710938,598.3451049804687,594.8407989501953,51.86668181018059,0.006791276920142586,0.006592283227190604,600.0521240234375,1
2025-02-11,SPY,600.0521240234375,599.0449584960937,596.0264099121093,49.07995764141057,0.0007605013262201865,0.00602132065008784,598.1190795898438,0
2025-02-12,SPY,598.1190795898438,598.874462890625,597.075717163086,43.744513140301606,-0.003221460863486958,0.005926000876379671,604.4337768554688,1
2025-02-13,SPY,604.4337768554688,599.550537109375,597.9158569335938,51.81984010102982,0.010557592093459522,0.006609635998633697,604.4039916992188,0
2025-02-14,SPY,604.4039916992188,601.3210205078125,598.8110137939453,61.524822217569685,-4.9277782596668374e-05,0.006269262974525489,606.1784057617188,1
2025-02-18,SPY,606.1784057617188,602.6374755859375,599.5004699707031,58.398215294507686,0.0029358079808696758,0.005599775745289294,607.60595703125,1
2025-02-19,SPY,607.60595703125,604.1482421875,599.9901794433594,63.72961533073881,0.0023550018541775852,0.005382783137974257,605.078125,0
2025-02-20,SPY,605.078125,605.5400512695312,600.1854675292968,56.791822901757314,-0.004160314759915962,0.005630225518862131,594.728759765625,0
2025-02-21,SPY,594.728759765625,603.5990478515625,599.6992248535156,48.21938260124411,-0.01710418011620396,0.007928657723356797,592.0225219726562,0
2025-02-24,SPY,592.0225219726562,601.12275390625,599.165902709961,49.60425368800241,-0.004550373171856137,0.00752804003410243,589.0783081054688,0
2025-02-25,SPY,589.0783081054688,597.702734375,598.9116333007812,41.7172856304845,-0.004973145037417193,0.0071603530052406095,589.3756713867188,1
2025-02-26,SPY,589.3756713867188,594.0566772460937,598.4169647216797,38.786626281756334,0.0005047941456313154,0.007150861660370775,579.9680786132812,0
2025-02-27,SPY,579.9680786132812,589.03466796875,597.5862426757812,28.77366527591721,-0.01596196319285248,0.008454271022305703,589.018798828125,1
2025-02-28,SPY,589.018798828125,587.89267578125,597.0479614257813,44.13042627847938,0.015605548906216127,0.009448883431323003,578.69921875,0
2025-03-03,SPY,578.69921875,585.2280151367188,596.1532989501953,32.63442111595418,-0.017519950294720976,0.010494506454477621,571.8491821289062,0
2025-03-04,SPY,571.8491821289062,581.7821899414063,595.1168762207031,28.70467425391034,-0.011836955017651363,0.010404192678892341,577.995361328125,1
2025-03-05,SPY,577.995361328125,579.5061279296875,594.1890014648437,35.92935714636536,0.010747902403807741,0.011420781540998851,567.7352905273438,0
2025-03-06,SPY,567.7352905273438,577.0595703125,592.6271881103515,25.503715663670377,-0.01775113000423656,0.012107691805630455,570.9173583984375,1
2025-03-07,SPY,570.9173583984375,573.4392822265625,591.1203857421875,28.685774098619916,0.005604844236718254,0.011981753056880687,555.710693359375,0
2025-03-10,SPY,555.710693359375,568.8415771484375,589.1283416748047,22.418215623783254,-0.026635492537345318,0.013963336594240958,551.091064453125,0
2025-03-11,SPY,551.091064453125,564.6899536132812,586.7030883789063,20.12969956870866,-0.008313010639265372,0.013970099462937355,554.0155029296875,1
2025-03-12,SPY,554.0155029296875,559.8939819335938,584.4012573242187,23.254936727677702,0.005306633812806494,0.014317938265049684,546.6302490234375,0
2025-03-13,SPY,546.6302490234375,555.6729736328125,581.8268157958985,23.80812370291089,-0.013330410191043529,0.014139104617072266,557.9213256835938,1
2025-03-14,SPY,557.9213256835938,553.0737670898437,579.5011932373047,33.43423033907855,0.020655784564297175,0.015049962290604057,562.2235717773438,1
2025-03-17,SPY,562.2235717773438,554.3763427734375,577.3921722412109,37.263135139572476,0.007711205676676158,0.01488913730172013,556.1468505859375,0
2025-03-18,SPY,556.1468505859375,555.3875,574.8905944824219,34.949780759893656,-0.010808371431663799,0.014823054713426103,562.2037353515625,1
2025-03-19,SPY,562.2037353515625,557.025146484375,572.6204833984375,41.880218576322285,0.010890801160239771,0.01483750107258924,560.5780029296875,0
2025-03-20,SPY,560.5780029296875,559.814697265625,570.3954772949219,35.83274101023315,-0.0028917140169094635,0.01387163251169819,560.762939453125,1
2025-03-21,SPY,560.762939453125,560.3830200195313,568.6971862792968,40.0794467848127,0.0003299032828099069,0.013683942856464671,570.8053588867188,1
2025-03-24,SPY,570.8053588867188,562.0993774414062,567.636328125,49.81918631374641,0.01790849345962031,0.011786548351694168,572.177490234375,1
2025-03-25,SPY,572.177490234375,565.3055053710938,566.7912872314453,47.037821609597934,0.002403851551660896,0.011138702302725328,565.3466796875,0
2025-03-26,SPY,565.3466796875,565.9340942382812,565.5898376464844,48.92703902805974,-0.011938272063231614,0.01216976407729708,563.8452758789062,0
2025-03-27,SPY,563.8452758789062,566.587548828125,564.7836975097656,45.99155053267685,-0.0026557223426582066,0.011086526304731748,552.4904174804688,0
2025-03-28,SPY,552.4904174804688,564.9330444335938,562.9572784423829,48.20039710418528,-0.020138252254996436,0.011433571189744902,556.1991577148438,1
2025-03-31,SPY,556.1991577148438,562.0118041992188,561.832275390625,53.798817559418566,0.006712768433682514,0.011353918007419035,557.7700805664062,1
2025-04-01,SPY,557.7700805664062,559.130322265625,561.1283203125,52.92471176405785,0.002824389123523119,0.010855353076852134,561.2998657226562,1
2025-04-02,SPY,561.2998657226562,558.3209594726562,560.2935455322265,61.003902554640774,0.006328387411288716,0.010451210613198996,533.6386108398438,0
2025-04-03,SPY,533.6386108398438,552.2796264648438,558.5887115478515,36.06122940231013,-0.04928070817761465,0.018790443680525803,502.3977966308594,0
2025-04-04,SPY,502.3977966308594,542.2611022949219,555.1627334594726,23.274003707492,-0.05854301689268204,0.025163790926303498,501.5029296875,0
2025-04-07,SPY,501.5029296875,531.3218566894532,552.4523452758789,24.35349464346416,-0.0017811920142971616,0.023389758692964564,493.64801025390625,0
2025-04-08,SPY,493.64801025390625,518.4974426269531,549.580192565918,18.30887416695205,-0.015662758816759825,0.022791585020669834,545.4906005859375,1
2025-04-09,SPY,545.4906005859375,515.3355895996094,549.1539474487305,46.93679264193596,0.10501934425982218,0.04417800068889785,521.5877685546875,0
2025-04-10,SPY,521.5877685546875,512.9254211425781,547.901823425293,40.92482081730664,-0.04381896224348292,0.04604964996133454,530.8943481445312,1
2025-04-11,SPY,530.8943481445312,518.6247314453125,546.5504745483398,40.91356816930668,0.017842787256365567,0.046395422580665834,536.0447387695312,1
2025-04-14,SPY,536.0447387695312,525.5330932617187,545.2415328979492,42.13765772778328,0.009701347627829371,0.046474754061119006,534.5433349609375,0
2025-04-15,SPY,534.5433349609375,533.712158203125,544.1613571166993,43.25982599200022,-0.0028008927240665837,0.046433985528786664,522.6615600585938,0
2025-04-16,SPY,522.6615600585938,529.1463500976563,542.1842483520508,40.925309121446894,-0.022227898329724827,0.04665365677761841,523.4072265625,1
2025-04-17,SPY,523.4072265625,529.5102416992188,540.3257095336915,43.56635742597524,0.0014266717908673066,0.04413316238126918,510.94873046875,0
2025-04-21,SPY,510.94873046875,525.5211181640625,537.8349990844727,39.64507558123335,-0.023802682617838022,0.04030931348718164,524.2424926757812,1
2025-04-22,SPY,524.2424926757812,523.1606689453125,535.5068557739257,43.288069293375365,0.026017800640849797,0.04094330233596459,532.3658447265625,1
2025-04-23,SPY,532.3658447265625,522.7251708984375,533.5162734985352,44.609500718610555,0.015495409403611937,0.0403632751448173,543.5715942382812,1
2025-04-24,SPY,543.5715942382812,526.907177734375,532.4275192260742,53.82197308717657,0.021048964021112893,0.02300501851023997,547.4990234375,1
2025-04-25,SPY,547.4990234375,531.725537109375,531.6102066040039,64.92378528518034,0.00722522891344668,0.01714654919829127,547.7078247070312,1
2025-04-28,SPY,547.7078247070312,539.0773559570313,531.371076965332,65.3366824034257,0.00038137286203787646,0.016572017643113227,551.1580200195312,1
2025-04-29,SPY,551.1580200195312,544.4604614257812,531.1190200805664,69.43326067309359,0.006299335442844001,0.01645932196299633,551.3768310546875,1
2025-04-30,SPY,551.3768310546875,548.2626586914063,530.7993576049805,53.32150524721389,0.00039700236086281926,0.016366921892107478,555.2843627929688,1
2025-05-01,SPY,555.2843627929688,550.6052124023438,530.4985824584961,69.81131468730824,0.007086862410970118,0.013711098208682623,563.527099609375,1
2025-05-02,SPY,563.527099609375,553.8108276367187,531.9930068969727,69.2411035679927,0.014844172407353584,0.013852476498569403,560.295654296875,0
2025-05-05,SPY,560.295654296875,556.3283935546875,534.8878997802734,64.74818009167727,-0.005734321055260616,0.009942536588650425,555.6124877929688,0
2025-05-06,SPY,555.6124877929688,557.219287109375,537.5933776855469,62.50405048172899,-0.008358384485032677,0.009453234933705671,557.9490966796875,1
2025-05-07,SPY,557.9490966796875,558.533740234375,540.8084320068359,73.37379122221331,0.0042054650283336326,0.008829347043455171,561.8367919921875,1
2025-05-08,SPY,561.8367919921875,559.8442260742188,541.6257415771485,74.37159481858592,0.006967831538101654,0.006837456511943748,561.1209716796875,0
2025-05-09,SPY,561.1209716796875,559.3630004882813,543.6024017333984,87.73954633662896,-0.0012740716213365255,0.0068279077599486425,579.66455078125,1
2025-05-12,SPY,579.66455078125,563.2367797851563,546.0409118652344,88.39066501793512,0.03304738200401469,0.011750824945954504,583.4925537109375,1
2025-05-13,SPY,583.4925537109375,568.81279296875,548.4133026123047,87.55465748705042,0.006603824443858652,0.011752806274633211,584.23828125,1
2025-05-14,SPY,584.23828125,574.0706298828125,550.8980499267578,85.18196652425416,0.001278041226610016,0.011711209980622186,587.0919189453125,1
2025-05-15,SPY,587.0919189453125,579.1216552734375,554.1195678710938,84.83976011814667,0.004884373015077159,0.011706422452229668,590.8106079101562,1
2025-05-16,SPY,590.8106079101562,585.0595825195312,557.4897369384765,85.68068986906695,0.006334083036816818,0.011264473159975679,591.4568481445312,1
2025-05-19,SPY,591.4568481445312,587.4180419921875,561.5151428222656,84.95069621283292,0.0010938196195577898,0.010750499816472909,589.46826171875,0
2025-05-20,SPY,589.46826171875,588.61318359375,564.7764312744141,82.17558407827435,-0.0033621834492569835,0.010134451473649088,579.5352783203125,0
2025-05-21,SPY,579.5352783203125,587.6725830078125,567.1349029541016,69.01765638375868,-0.016850751844510237,0.012463419897613267,579.7639770507812,1
2025-05-22,SPY,579.7639770507812,586.2069946289063,568.9445220947266,64.55820264052866,0.00039462434647918876,0.01245535079072556,575.806640625,0
2025-05-23,SPY,575.806640625,583.206201171875,570.3599029541016,63.863862405189636,-0.006825771490515775,0.01279671879302778,587.7780151367188,1
2025-05-27,SPY,587.7780151367188,582.4704345703125,572.363412475586,75.14521684902687,0.020790615576653737,0.009798532981904362,584.37744140625,0
2025-05-28,SPY,584.37744140625,581.4522705078125,574.0243835449219,70.47586732584065,-0.005785472819492488,0.009855326495458996,586.6842651367188,1
2025-05-29,SPY,586.6842651367188,582.8820678710938,575.7897552490234,69.68302490551025,0.003947489357079892,0.009923832203623681,586.0280151367188,0
2025-05-30,SPY,586.0280151367188,584.1348754882813,577.326937866211,69.779497520883,-0.0011185744002305542,0.009807481814853778,589.3291015625,1
2025-06-02,SPY,589.3291015625,586.8393676757812,578.6170379638672,60.02153177497293,0.005632983987994278,0.009758456399730138,592.6898193359375,1
2025-06-03,SPY,592.6898193359375,587.821728515625,580.2367462158203,59.5926232962114,0.005702616355661272,0.009934042264911229,592.5307006835938,0
2025-06-04,SPY,592.5307006835938,589.4523803710938,582.0826568603516,58.77759082460823,-0.00026846867813934416,0.00985683502361808,589.6671142578125,0
2025-06-05,SPY,589.6671142578125,590.0489501953125,583.6685577392578,52.92511009066335,-0.004832806844400794,0.008068273873231186,595.722412109375,1
2025-06-06,SPY,595.722412109375,591.9878295898437,585.3628387451172,55.057321297275905,0.010269010608102258,0.008476034940174543,596.2593383789062,1
2025-06-09,SPY,596.2593383789062,593.373876953125,587.1197570800781,54.9575064143461,0.0009013027856885625,0.007833844441151363,599.6399536132812,1
2025-06-10,SPY,599.6399536132812,594.7639038085938,588.1185272216796,59.90361143957065,0.005669706144252773,0.005119917273469365,597.9297485351562,0
2025-06-11,SPY,597.9297485351562,595.8437133789063,588.8403869628906,71.08584518982373,-0.002852053249320252,0.004689482454451183,600.3060913085938,1
2025-06-12,SPY,600.3060913085938,597.9715087890625,589.6437774658203,72.40315839124399,0.003974284235328973,0.004690532681498085,593.5946044921875,0
2025-06-13,SPY,593.5946044921875,597.545947265625,589.9689117431641,68.60134018350621,-0.011180107804297013,0.006307579597329834,599.2421875,1
2025-06-16,SPY,599.2421875,598.1425170898438,590.3904907226563,63.65970016148548,0.009514208796833623,0.006710268630657873,594.12158203125,0
2025-06-17,SPY,594.12158203125,597.0388427734375,590.5237274169922,61.29869764350551,-0.008545135131611592,0.007254116295019986,594.0321044921875,0
2025-06-18,SPY,594.0321044921875,596.2593139648437,590.751919555664,59.00439730804036,-0.00015060476132944256,0.00725324892479917,592.636962890625,0
2025-06-20,SPY,592.636962890625,594.72548828125,591.4070037841797,57.99416927841359,-0.002348596298099359,0.007099719635260132,598.49072265625,1
2025-06-23,SPY,598.49072265625,595.7047119140625,592.3433410644532,60.33747363026277,0.009877480029380825,0.007040850155862259,605.1024169921875,1
2025-06-24,SPY,605.1024169921875,596.8767578125,593.8081298828125,62.94069221308854,0.011047279574515567,0.007797686408708936,605.4414672851562,1
2025-06-25,SPY,605.4414672851562,599.1407348632813,594.6913024902344,63.40154993001723,0.0005603188542100401,0.007660343699375624,610.1783447265625,1
2025-06-26,SPY,610.1783447265625,602.3699829101563,595.98134765625,70.39860212045524,0.007823840449262098,0.007807948719312036,613.2098999023438,1
2025-06-27,SPY,613.2098999023438,606.4845703125,597.3076293945312,68.42275850341942,0.004968310006379761,0.007841321580638685,616.1417846679688,1
2025-06-30,SPY,616.1417846679688,610.0147827148437,598.8133178710938,69.89366867505537,0.004781209119572027,0.006297426098168511,615.9423828125,0
2025-07-01,SPY,615.9423828125,612.1827758789062,600.1439819335938,67.41360467920028,-0.0003236298209773336,0.006061389025395366,618.734619140625,1
2025-07-02,SPY,618.734619140625,614.84140625,601.4462219238281,71.68332176828275,0.004533275199175568,0.004578466860339082,623.611083984375,1
2025-07-03,SPY,623.611083984375,617.5279541015625,603.0002410888671,73.007732857796,0.007881351217300603,0.004457356453513026,618.9639892578125,0
2025-07-07,SPY,618.9639892578125,618.6787719726562,604.4650848388671,76.41829312707775,-0.007451911689688506,0.005538071799613395,618.6249389648438,0
2025-07-08,SPY,618.6249389648438,619.1754028320313,605.6102111816406,72.66027155561306,-0.0005477706277796646,0.005364601414933186,622.3345947265625,1
2025-07-09,SPY,622.3345947265625,620.4538452148438,606.9139739990235,84.15261757567374,0.005996615280215112,0.004760789365348221,624.0897827148438,1
2025-07-10,SPY,624.0897827148438,621.5248779296875,608.1364654541015,84.9610596305734,0.0028203284907413195,0.0046946701274529126,621.8958129882812,0
2025-07-11,SPY,621.8958129882812,621.1818237304688,609.3347686767578,83.58658882624904,-0.003515471310904239,0.004781625961628117,623.08251953125,1
2025-07-14,SPY,623.08251953125,622.0055297851562,610.4735900878907,81.54787482974456,0.0019082079637526839,0.004660850354573793,620.419921875,0
2025-07-15,SPY,620.419921875,622.3645263671875,611.8148559570312,71.92311963162426,-0.004273266498076467,0.00485154513500388,622.494140625,1
2025-07-16,SPY,622.494140625,622.396435546875,612.9774536132812,73.22174068703613,0.00334324975208955,0.004903642945552666,626.3035888671875,1
2025-07-17,SPY,626.3035888671875,622.8391967773438,614.5865539550781,72.44117550769683,0.006119653171936301,0.005051580617351421,625.8449096679688,0
2025-07-18,SPY,625.8449096679688,623.6290161132813,616.1771942138672,68.93795489186152,-0.0007323592062571382,0.004494740430837085,627.0316162109375,1
2025-07-21,SPY,627.0316162109375,624.4188354492187,617.8969268798828,67.19254011372212,0.0018961671248525214,0.003563606666958415,627.121337890625,1
2025-07-22,SPY,627.121337890625,625.7591186523438,619.3284576416015,67.70932086890173,0.00014308956258002326,0.0035303126626607013,632.4566040039062,1
2025-07-23,SPY,632.4566040039062,627.751611328125,620.6961669921875,70.03683265698581,0.008507549960310445,0.0039591443786296185,632.6659545898438,1
2025-07-24,SPY,632.6659545898438,629.0240844726562,622.0573913574219,65.28272607424103,0.000331011779483692,0.003953661989423442,635.3385620117188,1
2025-07-25,SPY,635.3385620117188,630.9228149414063,623.3154022216797,79.55576406737228,0.0042243578976959295,0.0036351515045732427,635.1790161132812,0
2025-07-28,SPY,635.1790161132812,632.552294921875,624.4138580322266,80.0913743528883,-0.000251119494356411,0.003714171272938198,633.503662109375,0
2025-07-29,SPY,633.503662109375,633.828759765625,625.2819519042969,71.96837570793322,-0.002637609180098366,0.003436210586649048,632.7058715820312,0
2025-07-30,SPY,632.7058715820312,633.87861328125,626.1201263427735,67.63317615396883,-0.0012593305691198653,0.003556486863342508,630.3324584960938,0
2025-07-31,SPY,630.3324584960938,633.4119140625,626.7000183105469,67.22828689374896,-0.0037512107798256533,0.0035430086113613494,620.0010375976562,0
2025-08-01,SPY,620.0010375976562,630.3444091796875,626.5195159912109,45.60877745267439,-0.016390431365516545,0.006470718806141652,629.4249267578125,1
2025-08-04,SPY,629.4249267578125,629.1935913085938,627.0425628662109,61.377909074197326,0.015199795788522152,0.008239585951413848,626.2337646484375,0
2025-08-05,SPY,626.2337646484375,627.7396118164063,627.4230041503906,54.75810956901949,-0.005069964619629497,0.00842136804209834,631.030517578125,1
2025-08-06,SPY,631.030517578125,627.404541015625,627.8578002929687,55.78191758595647,0.0076596842911853535,0.008328728150540895,630.501953125,0
2025-08-07,SPY,630.501953125,627.4384399414063,628.1784088134766,55.695770314147204,-0.0008376210633260772,0.008328734252220298,635.4183349609375,1
2025-08-08,SPY,635.4183349609375,630.5218994140625,628.8545349121093,59.226093749196664,0.007797567971946862,0.00861662097561584,634.1618041992188,0
2025-08-11,SPY,634.1618041992188,631.4692749023437,629.4084991455078,57.606046580292954,-0.001977485842922677,0.008640495817146588,640.9131469726562,1
2025-08-12,SPY,640.9131469726562,634.4051513671875,630.4331604003906,58.767872577336654,0.010646088630271056,0.009213668050316816,643.1070556640625,1
2025-08-13,SPY,643.1070556640625,636.820458984375,631.4638061523438,60.339431378896585,0.0034230982805847354,0.009193659945661943,643.1668701171875,1
2025-08-14,SPY,643.1668701171875,639.3534423828125,632.3069702148438,58.21132269959028,9.300854748550691e-05,0.00902053453897047,641.6610717773438,0
2025-08-15,SPY,641.6610717773438,640.6019897460938,633.0977783203125,56.67286238444506,-0.0023412249756729064,0.006597161122999708,641.5214233398438,0
2025-08-18,SPY,641.5214233398438,642.0739135742188,633.8222686767579,58.461792339374135,-0.00021763582620526467,0.005202708124908261,638.0410766601562,0
2025-08-19,SPY,638.0410766601562,641.4994995117188,634.3682556152344,55.44878922014649,-0.005425144902516887,0.0052566438401423984,636.3457641601562,0
2025-08-20,SPY,636.3457641601562,640.1472412109375,634.5627136230469,56.20966949512053,-0.0026570585531485724,0.005002991661641658,633.7928466796875,0
2025-08-21,SPY,633.7928466796875,638.2724365234375,634.6190582275391,66.53961456621667,-0.004011840141401879,0.005218061247648245,643.52587890625,1
2025-08-22,SPY,643.52587890625,638.6453979492187,635.0284240722656,66.61742836560556,0.015356803532182273,0.006719055947389427,640.6936645507812,0
2025-08-25,SPY,640.6936645507812,638.4798461914063,635.3041564941407,67.28402366151346,-0.004401088516101992,0.0068914643953917115,643.3762817382812,1
2025-08-26,SPY,643.3762817382812,639.5468872070312,635.7977874755859,65.49128760736207,0.004187051216404392,0.0061551205882759575,644.8422241210938,1
2025-08-27,SPY,644.8422241210938,641.2461791992188,636.4046051025391,67.55081587026507,0.002278514804511911,0.006103092467080236,647.1258544921875,1
2025-08-28,SPY,647.1258544921875,643.9127807617188,637.2442749023437,65.27017313988918,0.0035413784731703757,0.006187799837112768,643.2666015625,0
2025-08-29,SPY,643.2666015625,643.8609252929688,638.4075531005859,61.23910586060724,-0.005963682184690233,0.006480253048777165,638.4998168945312,0
2025-09-02,SPY,638.4998168945312,643.4221557617187,638.8612976074219,47.10631318785079,-0.00741027850099818,0.006924195277308477,641.960205078125,1
2025-09-03,SPY,641.960205078125,643.1389404296875,639.6476196289062,48.774450370006406,0.0054195601815894,0.0069077317528930225,647.3253173828125,1
2025-09-04,SPY,647.3253173828125,643.6355590820312,640.4623596191407,54.68971388951006,0.008357390788786612,0.007196759458550089,645.4505004882812,0
2025-09-05,SPY,645.4505004882812,643.30048828125,641.2097869873047,54.26885025586474,-0.0028962514584031096,0.007105843721785811,647.0361328125,1
2025-09-08,SPY,647.0361328125,644.05439453125,641.7906768798828,55.938441748717885,0.002456628855379561,0.005329696550325412,648.531982421875,1
2025-09-09,SPY,648.531982421875,646.0608276367187,642.5091857910156,61.627442129453335,0.002311848648811843,0.005051320285941543,650.4067993164062,1
2025-09-10,SPY,650.4067993164062,647.750146484375,642.9838684082031,65.4699889135997,0.00289086266421279,0.004983129399507663,655.8118286132812,1
2025-09-11,SPY,655.8118286132812,649.4474487304688,643.619107055664,72.72250862035301,0.00831022877152554,0.005481904314434759,655.5924072265625,0
2025-09-12,SPY,655.5924072265625,651.475830078125,644.2403839111328,65.42772200200196,-0.0003345797943027362,0.005474402244867864,659.0827026367188,1
2025-09-15,SPY,659.0827026367188,653.8851440429687,645.1114654541016,73.08004697804643,0.005323880160421179,0.004945159171458002,658.1752319335938,0
2025-09-16,SPY,658.1752319335938,655.8137939453125,645.9441558837891,69.45630385430239,-0.0013768692449287467,0.003857983793325537,657.3575439453125,0
2025-09-17,SPY,657.3575439453125,657.2039428710938,646.9099792480469,66.76102346556499,-0.0012423560605266948,0.003976012021787114,660.4290161132812,1
2025-09-18,SPY,660.4290161132812,658.1273803710938,648.1141418457031,67.39859753958775,0.004672452908252023,0.003503123759321426,663.7000122070312,1
2025-09-19,SPY,663.7000122070312,659.7489013671875,649.6095001220704,77.11998665599918,0.004952835223685836,0.003142012267492898,666.8400268554688,1
2025-09-22,SPY,666.8400268554688,661.3003662109375,650.7752075195312,89.41677707984263,0.004731075170536503,0.003196525175271902,663.2100219726562,0
2025-09-23,SPY,663.2100219726562,662.30732421875,651.901025390625,79.57778377812723,-0.005443591771073009,0.004178480052294984,661.0999755859375,0
2025-09-24,SPY,661.0999755859375,663.055810546875,652.7872100830078,71.12176261064505,-0.0031815658943793457,0.0045033508159269655,658.0499877929688,0
2025-09-25,SPY,658.0499877929688,662.5800048828125,653.4475982666015,68.76588552815606,-0.004613504621998388,0.004222470918448444,661.8200073242188,1
2025-09-26,SPY,661.8200073242188,662.20400390625,654.1823059082031,70.62041732589769,0.0057290777314567,0.004537096523104874,663.6799926757812,1
2025-09-29,SPY,663.6799926757812,661.5719970703125,655.2029754638672,70.88379881753319,0.0028104096748033935,0.004333225668146365,666.1799926757812,1
2025-09-30,SPY,666.1799926757812,662.1659912109375,656.5869842529297,71.33532083387895,0.003766875644270362,0.004363982341744374,668.4500122070312,1
2025-10-01,SPY,668.4500122070312,663.6359985351562,657.911474609375,68.61107360253833,0.0034075168215907947,0.004320185035848606,669.219970703125,1
2025-10-02,SPY,669.219970703125,665.8699951171875,659.0062072753906,69.73907054455248,0.0011518565068935338,0.004191034434047381,669.2100219726562,0
2025-10-03,SPY,669.2100219726562,667.347998046875,660.1941833496094,66.29618339125165,-1.4866158967619114e-05,0.004004299972116352,671.6099853515625,1
2025-10-06,SPY,671.6099853515625,668.9339965820312,661.4228759765625,70.59909619771881,0.003586263355458641,0.0038953992149010383,669.1199951171875,0
2025-10-07,SPY,669.1199951171875,669.5219970703125,662.4522766113281,67.23733159105194,-0.003707494362329311,0.0036190727108287497,673.1099853515625,1
2025-10-08,SPY,673.1099853515625,670.4539916992187,663.587435913086,68.03422439529695,0.005963041402874625,0.0036302996222518265,671.1599731445312,0
2025-10-09,SPY,671.1599731445312,670.8419921875,664.3548431396484,61.06582109956647,-0.0028970186885769467,0.0033202879369511116,653.02001953125,0
2025-10-10,SPY,653.02001953125,667.6039916992188,664.2262237548828,36.03646774792769,-0.027027764376787222,0.00954104657291775,663.0399780273438,1
2025-10-13,SPY,663.0399780273438,665.889990234375,664.4240875244141,50.19040725259967,0.015344029580113494,0.010870990484175773,662.22998046875,0
2025-10-14,SPY,662.22998046875,664.5119873046875,664.6268249511719,51.40123575980537,-0.0012216421112398734,0.010790911067226277,665.1699829101562,1
2025-10-15,SPY,665.1699829101562,662.9239868164062,665.017446899414,56.98789975878994,0.00443954899070742,0.010837710313788702,660.6400146484375,0
2025-10-16,SPY,660.6400146484375,660.8199951171875,665.0279968261718,49.26383436388642,-0.006810241559458086,0.010999169459142527,664.3900146484375,1
2025-10-17,SPY,664.3900146484375,663.093994140625,665.0624969482421,50.97418972256095,0.0056763137515907225,0.011214423987309067,671.2999877929688,1
2025-10-20,SPY,671.2999877929688,664.74599609375,665.2854949951172,54.52273821498682,0.010400477117627371,0.011698075370111511,671.2899780273438,0
2025-10-21,SPY,671.2899780273438,666.5579956054687,665.6894927978516,52.75766347110772,-1.4911017141350236e-05,0.011625538402863228,667.7999877929688,0
2025-10-22,SPY,667.7999877929688,667.0839965820312,666.0244934082032,49.19655042361888,-0.005198930936866852,0.011566182298943555,671.760009765625,1
2025-10-23,SPY,671.760009765625,669.3079956054687,666.709994506836,52.27128708267236,0.005929952148911788,0.0117183356219454,677.25,1
2025-10-24,SPY,677.25,671.8799926757813,667.481494140625,54.40055802094308,0.008172546972973871,0.0069728059377889545,685.239990234375,1
2025-10-27,SPY,685.239990234375,674.6679931640625,668.5594940185547,61.070506745244124,0.011797696913067535,0.006378010885160431,687.0599975585938,1
2025-10-28,SPY,687.0599975585938,677.8219970703125,669.6034942626953,59.87388670592844,0.002656014462314449,0.006186406108809136,687.3900146484375,1
2025-10-29,SPY,687.3900146484375,681.7400024414062,670.5504943847657,61.70643280459206,0.00048033227231458753,0.006260411336328873,679.8300170898438,0
2025-10-30,SPY,679.8300170898438,683.35400390625,671.0809967041016,72.8027267453246,-0.010998119550020391,0.0070967512966389696,682.0599975585938,1
2025-10-31,SPY,682.0599975585938,684.3160034179688,671.7234954833984,68.54590016123399,0.0032802030105936186,0.007032386568610462,683.3400268554688,1
2025-11-03,SPY,683.3400268554688,683.9360107421875,672.3099975585938,70.38257977013929,0.0018767107020742912,0.006483840926388517,675.239990234375,0
2025-11-04,SPY,675.239990234375,681.5720092773438,672.6159973144531,59.040015587341664,-0.011853596017736279,0.007799068743301736,677.5800170898438,1
2025-11-05,SPY,677.5800170898438,679.610009765625,672.8394989013672,65.69055277567112,0.0034654743340312155,0.007559085320465858,670.3099975585938,0
2025-11-06,SPY,670.3099975585938,677.706005859375,672.7970001220704,55.33332269851994,-0.010729388925125316,0.008271743854104372,670.969970703125,1
2025-11-07,SPY,670.969970703125,675.4880004882813,673.6944976806641,49.90221227646081,0.0009845789961884233,0.007761337919295234,681.4400024414062,1
