Date,ticker,close,sma_5,sma_20,rsi_14,ret_1d,vol_10,next_close,target
2020-12-09,AAPL,118.66194915771484,119.8701904296875,116.59865531921386,59.70447013569641,-0.0209035776996358,0.014166007887960703,120.0845718383789,1
2020-12-10,AAPL,120.0845718383789,119.9286605834961,116.78135528564454,61.26206242008965,0.011988869985383843,0.014300697133698687,119.27581787109375,0
2020-12-11,AAPL,119.27581787109375,119.95984497070313,116.93725852966308,62.76408954983339,-0.0067348698913100025,0.01487436427187483,118.66194915771484,0
2020-12-14,AAPL,118.66194915771484,119.57593078613282,117.06003265380859,73.22065572083025,-0.005146631767743104,0.014004599242748444,124.60574340820312,1
2020-12-15,AAPL,124.60574340820312,120.2580062866211,117.42932929992676,78.75926825465896,0.050090145094349614,0.018844162766643614,124.53755950927734,0
2020-12-16,AAPL,124.53755950927734,121.4331283569336,117.83955078125,77.63372417732793,-0.0005471970798521797,0.01890392758665108,125.4047622680664,1
2020-12-17,AAPL,125.4047622680664,122.49716644287109,118.35939178466796,77.89728746645187,0.006963383273336676,0.01883581129443574,123.4169921875,0
2020-12-18,AAPL,123.4169921875,123.32540130615234,118.75012474060058,68.23734165570129,-0.01585083408808141,0.019718962329617933,124.94678497314453,1
2020-12-21,AAPL,124.94678497314453,124.58236846923828,119.28068351745605,64.52408852641636,0.012395317358896651,0.01972502790755399,128.50332641601562,1
2020-12-22,AAPL,128.50332641601562,125.36188507080078,120.1591007232666,69.46813216172332,0.02846444943449744,0.021230970506778597,127.60692596435547,0
2020-12-23,AAPL,127.60692596435547,125.9757583618164,120.92838821411132,67.32273274262693,-0.006975698424787513,0.01966370506291309,128.59104919433594,1
2020-12-24,AAPL,128.59104919433594,126.6130157470703,121.70498237609863,70.6180944609867,0.0077121458928910425,0.019600781427691432,133.190185546875,1
2020-12-28,AAPL,133.190185546875,128.56765441894532,122.68424987792969,73.83452118588949,0.03576560251552596,0.020850667712618256,131.41677856445312,0
2020-12-29,AAPL,131.41677856445312,129.86165313720704,123.45499687194824,68.82541933369498,-0.013314847300049282,0.021708341648221625,130.29624938964844,0
2020-12-30,AAPL,130.29624938964844,130.2202377319336,123.99091567993165,72.87268975657884,-0.008526530531678844,0.017284606512154507,129.29263305664062,0
2020-12-31,AAPL,129.29263305664062,130.55737915039063,124.45911407470703,68.57310220675389,-0.007702572696521082,0.017665663780060806,126.09658813476562,0
2021-01-04,AAPL,126.09658813476562,130.05848693847656,124.77433242797852,63.07177293772625,-0.024719466579931737,0.019769644003983643,127.65562438964844,1
2021-01-05,AAPL,127.65562438964844,128.95157470703126,125.20111885070801,66.44778099599283,0.012363825841319231,0.019144655307004654,123.35851287841797,0
2021-01-06,AAPL,123.35851287841797,127.33992156982421,125.33996849060058,48.224307834772866,-0.03366174840925318,0.02209238615642255,127.56794738769531,1
2021-01-07,AAPL,127.56794738769531,126.7942611694336,125.65859756469726,55.43908296218678,0.034123583456507456,0.022987060963045723,128.6690216064453,1
2021-01-08,AAPL,128.6690216064453,126.66953887939454,126.1589511871338,55.736127320747336,0.008631276439713398,0.023027837820354086,125.67759704589844,0
2021-01-11,AAPL,125.67759704589844,126.58574066162109,126.43860244750977,54.13544895822247,-0.023248988165128215,0.024091930004448724,125.50221252441406,0
2021-01-12,AAPL,125.50221252441406,126.15505828857422,126.74992218017579,51.52378654598635,-0.0013955114165679072,0.02015954505610626,127.53868865966797,1
2021-01-13,AAPL,127.53868865966797,126.99109344482422,127.19375915527344,48.99254177904173,0.016226615406144784,0.021070913579584096,125.60936737060547,0
2021-01-14,AAPL,125.60936737060547,126.59937744140625,127.24394035339355,47.34579266491173,-0.015127341431358299,0.021371796494902843,123.88470458984375,0
2021-01-15,AAPL,123.88470458984375,125.64251403808593,127.21129760742187,43.09633856125618,-0.0137303675423599,0.021588934587205344,124.55704498291016,1
2021-01-19,AAPL,124.55704498291016,125.41840362548828,127.16891174316406,35.1844661757966,0.005427146113738512,0.020457751439976548,128.6494903564453,1
2021-01-20,AAPL,128.6494903564453,126.04785919189453,127.43053665161133,46.11255479651109,0.03285599280311002,0.022837407031166355,133.36558532714844,1
2021-01-21,AAPL,133.36558532714844,127.21323852539062,127.85147666931152,55.021367011267806,0.036658481565969625,0.021776913926179885,135.5092315673828,1
2021-01-22,AAPL,135.5092315673828,129.1932113647461,128.20177192687987,59.20293176525944,0.016073458793555817,0.02005487931478363,139.26065063476562,1
2021-01-25,AAPL,139.26065063476562,132.26840057373047,128.7844581604004,68.55649786342246,0.027683863482890425,0.021181008368297193,139.4945068359375,1
2021-01-26,AAPL,139.4945068359375,135.25589294433593,129.32963104248046,67.29597238858159,0.0016792697729468564,0.018354322164651087,138.42269897460938,0
2021-01-27,AAPL,138.42269897460938,137.21053466796874,129.59125671386718,74.56374986567906,-0.007683513033159839,0.018911528286371434,133.57992553710938,0
2021-01-28,AAPL,133.57992553710938,137.25340270996094,129.6994140625,60.16228205835046,-0.03498539960117597,0.023433387829405482,128.58132934570312,0
2021-01-29,AAPL,128.58132934570312,135.867822265625,129.61366806030273,50.55763693066356,-0.037420264843744055,0.026418983621309247,130.7055206298828,1
2021-02-01,AAPL,130.7055206298828,134.15679626464845,129.68431243896484,58.11914921562412,0.01652021560975303,0.026063738064582224,131.53375244140625,1
2021-02-02,AAPL,131.53375244140625,132.56464538574218,129.95617065429687,59.4100512370825,0.006336624555199455,0.026064340902321022,130.51058959960938,0
2021-02-03,AAPL,130.51058959960938,130.9822235107422,130.09891891479492,55.098741198252384,-0.007778709440017351,0.02449285526002445,133.87225341796875,1
2021-02-04,AAPL,133.87225341796875,131.04068908691406,130.62460594177247,62.453212308730514,0.025757785852263515,0.022959098727371636,133.45751953125,0
2021-02-05,AAPL,133.45751953125,132.01592712402345,130.9190845489502,65.00756632697066,-0.0030979824133078315,0.02231660469228198,133.60389709472656,1
2021-02-08,AAPL,133.60389709472656,132.5956024169922,131.16582832336425,64.41479571951288,0.0010968101609463154,0.019936939597822913,132.72564697265625,0
2021-02-09,AAPL,132.72564697265625,132.8339813232422,131.51823081970215,57.47061213980988,-0.006573536709394201,0.019848295107820425,132.12060546875,0
2021-02-10,AAPL,132.12060546875,133.1559844970703,131.84915046691896,48.23824608319888,-0.004558587716139706,0.019822134004896165,131.8668670654297,0
2021-02-11,AAPL,131.8668670654297,132.7549072265625,132.06555938720703,43.188179529117676,-0.0019205059076142783,0.016674180605884808,132.10108947753906,1
2021-02-12,AAPL,132.10108947753906,132.4836212158203,132.3901454925537,33.8243257575144,0.0017762036614790144,0.010763786697937766,129.97373962402344,0
2021-02-16,AAPL,129.97373962402344,131.7575897216797,132.6945972442627,30.00268493623099,-0.01610395388811181,0.011068130151435653,127.6804428100586,0
2021-02-17,AAPL,127.6804428100586,130.74854888916016,132.85076713562012,28.356768022067072,-0.01764430892423874,0.011980980686196343,126.5777587890625,0
2021-02-18,AAPL,126.5777587890625,129.63997955322264,132.74718055725097,33.170369973608985,-0.008636279736564556,0.0120227405649132,126.7339096069336,1
2021-02-19,AAPL,126.7339096069336,128.61338806152344,132.41559677124025,44.29050876124617,0.0012336355088362616,0.006929452143959242,122.95735168457031,0
2021-02-22,AAPL,122.95735168457031,126.78464050292969,131.78800277709962,27.359951346401772,-0.029799111651146126,0.010266394902525953,122.82073211669922,0
2021-02-23,AAPL,122.82073211669922,125.35403900146484,130.96600685119628,23.498920840998892,-0.0011111134551886614,0.010068147016192625,122.32305908203125,0
2021-02-24,AAPL,122.32305908203125,124.28256225585938,130.10743446350097,24.208807965036186,-0.004052027911664813,0.01014838400529687,118.06832122802734,0
2021-02-25,AAPL,118.06832122802734,122.58067474365234,129.08971557617187,3.1020065992357075,-0.03478279472352497,0.013064365843751487,118.33183288574219,1
2021-02-26,AAPL,118.33183288574219,120.90025939941407,128.32731094360352,4.819397059548578,0.002231857410811555,0.013449012456817656,124.7041244506836,1
2021-03-01,AAPL,124.7041244506836,121.24961395263672,128.13345069885253,32.06769327930107,0.053851034075457216,0.02441929425566147,122.09860229492188,0
2021-03-02,AAPL,122.09860229492188,121.10518798828124,127.70310478210449,29.755387832040327,-0.020893632566195697,0.024696204036223055,119.11248779296875,0
2021-03-03,AAPL,119.11248779296875,120.46307373046875,127.08204154968261,27.045587555252382,-0.024456582187078135,0.025144202952922762,117.22911834716797,0
2021-03-04,AAPL,117.22911834716797,120.29523315429688,126.41796798706055,25.428889387691996,-0.01581168759630225,0.02530929342692843,118.48795318603516,1
2021-03-05,AAPL,118.48795318603516,120.32645721435547,125.64875297546386,28.19797820381862,0.010738243677131498,0.025840723446795878,113.5501480102539,0
2021-03-08,AAPL,113.5501480102539,118.09566192626953,124.65338439941407,25.496718503872145,-0.04167347855210668,0.02726838401044518,118.1659164428711,1
2021-03-09,AAPL,118.1659164428711,117.30912475585937,123.8814853668213,37.49446836647754,0.04064960295956954,0.031275253130541324,117.08272552490234,0
2021-03-10,AAPL,117.08272552490234,116.90317230224609,123.09933929443359,37.42599690618588,-0.009166695021507576,0.03132851511657559,119.01492309570312,1
2021-03-11,AAPL,119.01492309570312,117.26033325195313,122.44405517578124,40.551252221693595,0.016502840723415124,0.02988126892150654,118.10737609863281,0
2021-03-12,AAPL,118.10737609863281,117.18421783447266,121.7560806274414,43.722394442971016,-0.0076254890854361435,0.030005673000670856,120.99588012695312,1
2021-03-15,AAPL,120.99588012695312,118.6733642578125,121.20082015991211,48.3655144084241,0.024456593006588312,0.025226265750046835,122.53775024414062,1
2021-03-16,AAPL,122.53775024414062,119.5477310180664,120.82902069091797,51.07150022051187,0.012743162127253571,0.024773430039793893,121.74729919433594,0
2021-03-17,AAPL,121.74729919433594,120.48064575195312,120.53236351013183,56.108770644507175,-0.006450673757514069,0.023361126498856955,117.61942291259766,0
2021-03-18,AAPL,117.61942291259766,120.20154571533203,120.08444671630859,49.83662988552257,-0.03390528010932925,0.025531378432196775,117.09249114990234,0
2021-03-19,AAPL,117.09249114990234,119.99856872558594,119.60237579345703,38.986794065654685,-0.004479972351903783,0.025314340460371027,120.41036987304688,1
2021-03-22,AAPL,120.41036987304688,119.88146667480468,119.47502670288085,48.16894510613877,0.028335537920163967,0.022282897656129674,119.5809097290039,0
2021-03-23,AAPL,119.5809097290039,119.29009857177735,119.31303558349609,51.43085611124775,-0.006888610548389629,0.018910183685450107,117.1900634765625,0
2021-03-24,AAPL,117.1900634765625,118.37865142822265,119.05638580322265,50.614966351996934,-0.019993544603896907,0.01986517260855472,117.677978515625,1
2021-03-25,AAPL,117.677978515625,118.39036254882812,119.03686866760253,49.35172808948924,0.004163450591184947,0.01911381150581662,118.28302001953125,1
2021-03-26,AAPL,118.28302001953125,118.6284683227539,119.034428024292,59.85982404001764,0.005141501507233359,0.01904571851633135,118.45869445800781,1
2021-03-29,AAPL,118.45869445800781,118.23813323974609,118.7221565246582,51.19059354317595,0.0014852042030002455,0.017095519398479975,117.00464630126953,0
2021-03-30,AAPL,117.00464630126953,117.72288055419922,118.46745872497559,50.32800236754052,-0.012274727181411982,0.016521653053127246,119.20032501220703,1
2021-03-31,AAPL,119.20032501220703,118.12493286132812,118.4718505859375,50.930021555657,0.01876573948425908,0.018042904891905038,120.0298080444336,1
2021-04-01,AAPL,120.0298080444336,118.59529876708984,118.61188507080078,54.852943286813286,0.006958731296593523,0.014229813094269293,122.85977172851562,1
2021-04-05,AAPL,122.85977172851562,119.51064910888672,118.83047599792481,54.638520832917294,0.023577174121901523,0.015493525084173393,123.16227722167969,1
2021-04-06,AAPL,123.16227722167969,120.4513656616211,119.31108245849609,51.971816306068234,0.0024622013284585353,0.013130197890687322,124.81147766113281,1
2021-04-07,AAPL,124.81147766113281,122.01273193359376,119.64336051940919,57.35275046288773,0.013390467249032145,0.013112555577325966,127.21205139160156,1
2021-04-08,AAPL,127.21205139160156,123.61507720947266,120.14982681274414,73.89366140657532,0.019233597546103764,0.010651583706207383,129.78831481933594,1
2021-04-09,AAPL,129.78831481933594,125.56677856445313,120.68849639892578,78.59369134311045,0.02025172457760127,0.011161772860357596,128.07081604003906,0
2021-04-12,AAPL,128.07081604003906,126.6089874267578,121.1866683959961,68.78200053390663,-0.013233077120136882,0.01333320490891396,131.1837615966797,1
2021-04-13,AAPL,131.1837615966797,128.21328430175782,121.69606246948243,75.43621582527129,0.02430643961593426,0.014017962309823362,128.8417510986328,0
2021-04-14,AAPL,128.8417510986328,129.01933898925782,122.01126251220703,76.31816484010388,-0.0178528993950281,0.015088163839820161,131.25209045410156,1
2021-04-15,AAPL,131.25209045410156,129.8273468017578,122.48650207519532,78.06089677593826,0.018707750670227563,0.015084339823532782,130.92030334472656,0
2021-04-16,AAPL,130.92030334472656,130.05374450683593,123.15154609680175,76.47072669254626,-0.002527861523782926,0.015571926763673702,131.58387756347656,1
2021-04-19,AAPL,131.58387756347656,130.75635681152343,123.87611541748046,76.89524098956876,0.005068535603700353,0.014700090959700481,129.89569091796875,0
2021-04-20,AAPL,129.89569091796875,130.49874267578124,124.35038146972656,76.68095901205447,-0.01282973778222507,0.01596345121164338,130.27627563476562,1
2021-04-21,AAPL,130.27627563476562,130.7856475830078,124.88514976501465,74.66669121668029,0.0029299256511690075,0.015726392140273784,128.75393676757812,0
2021-04-22,AAPL,128.75393676757812,130.28601684570313,125.46334342956543,69.08964054499475,-0.011685465060848332,0.0155253155295468,131.07644653320312,1
2021-04-23,AAPL,131.07644653320312,130.31724548339844,126.13326683044434,68.15161412610416,0.018038359245026392,0.01523845142698358,131.46678161621094,1
2021-04-26,AAPL,131.46678161621094,130.2938262939453,126.79245491027832,68.24135049181203,0.002977919323659206,0.014383464452236582,131.14474487304688,0
2021-04-27,AAPL,131.14474487304688,130.54363708496095,127.42675743103027,64.79887824745276,-0.0024495674055836636,0.012250892924191785,130.3542938232422,0
2021-04-28,AAPL,130.3542938232422,130.55924072265626,128.0942398071289,58.07957231490384,-0.006027317759242812,0.010819149426221584,130.25674438476562,0
2021-04-29,AAPL,130.25674438476562,130.85980224609375,128.64706077575684,51.67690542329288,-0.0007483408149856485,0.008905022482173924,128.28555297851562,0
2021-04-30,AAPL,128.28555297851562,130.30162353515624,129.05984802246093,50.98192909303622,-0.015133123551954397,0.010011883656446202,129.3394012451172,1
2021-05-03,AAPL,129.3394012451172,129.8761474609375,129.38382949829102,44.681366401868324,0.008214863187112398,0.010303401711104374,124.76268005371094,0
2021-05-04,AAPL,124.76268005371094,128.5997344970703,129.46384963989257,39.19263644950567,-0.035385359351808754,0.014593356793630894,125.00664520263672,1
2021-05-05,AAPL,125.00664520263672,127.53020477294922,129.47360801696777,31.106191430489986,0.001955433698769049,0.014545658248605181,126.60701751708984,1
2021-05-06,AAPL,126.60701751708984,126.80025939941406,129.4433563232422,38.15688922138517,0.012802297924713546,0.01516083951272929,127.28153991699219,1
2021-05-07,AAPL,127.28153991699219,126.59945678710938,129.318017578125,38.27429592049837,0.005327685724934694,0.013806014338696512,123.9970932006836,0
2021-05-10,AAPL,123.9970932006836,125.53099517822265,129.11433143615722,34.952098160224025,-0.025804580290673562,0.015368646722951877,123.0782241821289,0
2021-05-11,AAPL,123.0782241821289,125.19410400390625,128.70905456542968,32.03190675886027,-0.007410407734861457,0.015331198552458217,120.00885772705078,0
2021-05-12,AAPL,120.00885772705078,124.19454650878906,128.26740989685058,29.493149182387825,-0.024938338812364846,0.016431520463262312,122.15937042236328,1
2021-05-13,AAPL,122.15937042236328,123.30501708984374,127.81277389526367,29.443044806835843,0.017919616402013006,0.018313703462363225,124.5835952758789,1
2021-05-14,AAPL,124.5835952758789,122.76542816162109,127.49593849182129,35.91218293576286,0.019844771998528854,0.019714267638453797,123.43013000488281,0
2021-05-17,AAPL,123.43013000488281,122.65203552246093,127.0882511138916,34.63040363625011,-0.00925856464843422,0.0194066513776773,122.04206085205078,0
2021-05-18,AAPL,122.04206085205078,122.4448028564453,126.6955696105957,33.70832341510791,-0.011245788631812359,0.016406765823807193,121.88566589355469,0
2021-05-19,AAPL,121.88566589355469,122.82016448974609,126.27603912353516,33.61687647512427,-0.001281484083472617,0.016350119687964865,124.44673156738281,1
2021-05-20,AAPL,124.44673156738281,123.27763671875,126.0606788635254,43.02182256490433,0.02101203332691104,0.017372662872105468,122.60902404785156,0
2021-05-21,AAPL,122.60902404785156,122.88272247314453,125.6373077392578,37.74135281198186,-0.014767021169505012,0.017644468844130897,124.241455078125,1
2021-05-24,AAPL,124.241455078125,123.04498748779297,125.27604141235352,49.32303805533142,0.013314118132416786,0.016470218125236944,124.04596710205078,0
2021-05-25,AAPL,124.04596710205078,123.44576873779297,124.92110252380371,48.3755704400477,-0.001573452081282345,0.016268048558730906,123.9970932006836,0
2021-05-26,AAPL,123.9970932006836,123.86805419921875,124.60324249267578,44.4697522101592,-0.0003939983097313027,0.013562733895308257,122.46239471435547,0
2021-05-27,AAPL,122.46239471435547,123.47118682861328,124.21352500915528,39.79800698893236,-0.012376890834402743,0.013330119800191866,121.8074722290039,0
2021-05-28,AAPL,121.8074722290039,123.31087646484374,123.88962097167969,44.86466537718339,-0.005347947726150326,0.011484491485887009,121.4848861694336,0
2021-06-01,AAPL,121.4848861694336,122.75956268310547,123.49689521789551,46.23489305264551,-0.0026483273453359324,0.011219739301279032,122.2473373413086,1
2021-06-02,AAPL,122.2473373413086,122.39983673095703,123.37112808227539,57.09352029330037,0.006276098994006718,0.010897556412827332,120.76154327392578,0
2021-06-03,AAPL,120.76154327392578,121.75272674560547,123.15887298583985,45.96923637972516,-0.012153999421963269,0.01158485322901742,123.05868530273438,1
2021-06-04,AAPL,123.05868530273438,121.87198486328126,122.98145637512206,45.62908771877319,0.019022132100431577,0.011177224604471786,123.0684585571289,1
2021-06-07,AAPL,123.0684585571289,122.12418212890626,122.7708023071289,49.141873894588514,7.941946048339865e-05,0.010087911717744577,123.88954162597656,1
2021-06-08,AAPL,123.88954162597656,122.60511322021485,122.76542472839355,56.77069895373055,0.006671758779415393,0.009335142651231742,124.27078247070312,1
2021-06-09,AAPL,124.27078247070312,123.00980224609376,122.82505264282227,58.50409097623139,0.0030772641477481155,0.009377332445325641,123.27373504638672,0
2021-06-10,AAPL,123.27373504638672,123.51224060058594,122.98829650878906,45.817455006909775,-0.00802318456916018,0.009736359865394523,124.48585510253906,1
2021-06-11,AAPL,124.48585510253906,123.79767456054688,123.10462074279785,57.81601200489762,0.009832751929648609,0.00925821361817269,127.54544067382812,1
2021-06-14,AAPL,127.54544067382812,124.69307098388671,123.25271301269531,62.05630449558649,0.024577776878898172,0.011337626174587912,126.72434997558594,0
2021-06-15,AAPL,126.72434997558594,125.2600326538086,123.41742401123047,59.47458070521801,-0.006437632689215156,0.011667954552331437,127.22284698486328,1
2021-06-16,AAPL,127.22284698486328,125.85044555664062,123.6764633178711,60.99251063145158,0.003933711314150656,0.011647196288675343,128.82598876953125,1
2021-06-17,AAPL,128.82598876953125,126.96089630126953,124.02347946166992,71.32066229717277,0.012601052583414596,0.010380474218107623,127.52591705322266,0
2021-06-18,AAPL,127.52591705322266,127.56890869140625,124.17743873596191,68.62325885665436,-0.010091688243390129,0.010569652546515944,129.3245391845703,1
2021-06-21,AAPL,129.3245391845703,127.92472839355469,124.51321449279786,73.18391315803142,0.014103973317023843,0.0109702001518414,130.96673583984375,1
2021-06-22,AAPL,130.96673583984375,128.77320556640626,124.84947853088379,74.38566948892822,0.01269826024997256,0.01123312532419993,130.69300842285156,0
2021-06-23,AAPL,130.69300842285156,129.4672378540039,125.18183059692383,80.00417452405716,-0.0020900529835830017,0.011479604810873852,130.40960693359375,0
2021-06-24,AAPL,130.40960693359375,129.7839614868164,125.50245628356933,75.24549474519833,-0.0021684517992032193,0.010868372343617158,130.11631774902344,0
2021-06-25,AAPL,130.11631774902344,130.30204162597656,125.88515243530273,73.80152619806454,-0.0022489844994292296,0.011027773824371917,131.74871826171875,1
2021-06-28,AAPL,131.74871826171875,130.78687744140626,126.38221473693848,75.03826750627073,0.012545701730078074,0.00907592419187763,133.26390075683594,1
2021-06-29,AAPL,133.26390075683594,131.24631042480468,126.97116546630859,76.6209078887595,0.011500548279394174,0.008706027042295244,133.8797149658203,1
2021-06-30,AAPL,133.8797149658203,131.88365173339844,127.55278434753419,82.20429733995338,0.004621012933637925,0.008698695972033202,134.1827392578125,1
2021-07-01,AAPL,134.1827392578125,132.63827819824218,128.2238441467285,81.09911762653887,0.002263407059609923,0.00832048447516635,136.81222534179688,1
2021-07-02,AAPL,136.81222534179688,133.9774597167969,128.91152114868163,80.29369809676638,0.019596306488662396,0.007978261729131244,138.82589721679688,1
2021-07-06,AAPL,138.82589721679688,135.3928955078125,129.69939308166505,86.73991885279429,0.014718508305593847,0.008040481708775924,141.31857299804688,1
2021-07-07,AAPL,141.31857299804688,137.0038299560547,130.57084465026855,88.07558226829036,0.01795540912195448,0.008596646960262539,140.0184783935547,0
2021-07-08,AAPL,140.0184783935547,138.23158264160156,131.35822944641114,81.00254558709678,-0.009199743366430368,0.009714745434471228,141.846435546875,1
2021-07-09,AAPL,141.846435546875,139.76432189941406,132.28686447143554,88.6807253766467,0.013055113684226738,0.009309983763586492,141.25013732910156,0
2021-07-12,AAPL,141.25013732910156,140.651904296875,133.12507858276368,84.54892878400906,-0.004203829412240512,0.009577005467740552,142.36448669433594,1
2021-07-13,AAPL,142.36448669433594,141.3596221923828,133.86603088378905,83.94996459912562,0.007889191375708426,0.00945931843613374,145.7955322265625,1
2021-07-14,AAPL,145.7955322265625,142.25501403808593,134.8195899963379,87.79938975331049,0.024100431307656045,0.0107545800084292,145.14060974121094,0
2021-07-15,AAPL,145.14060974121094,143.2794403076172,135.71547813415526,86.42455893540023,-0.004492061418821969,0.011532344621332024,143.09764099121094,0
2021-07-16,AAPL,143.09764099121094,143.52968139648436,136.42906074523927,80.04492371657393,-0.014075790046925274,0.013458531888400491,139.2462158203125,0
2021-07-19,AAPL,139.2462158203125,143.12889709472657,137.01507568359375,66.27101085563308,-0.02691466570811596,0.016200425068587695,142.86305236816406,1
2021-07-20,AAPL,142.86305236816406,143.22861022949218,137.69200134277344,68.85319960998929,0.025974397412126704,0.017527926390030382,142.12991333007812,0
2021-07-21,AAPL,142.12991333007812,142.4954864501953,138.25016021728516,66.23007211612841,-0.005131760983214995,0.01684775550432665,143.4984130859375,1
2021-07-22,AAPL,143.4984130859375,142.16704711914062,138.89043045043945,67.49301763631205,0.009628513265052208,0.016669599957487354,145.21881103515625,1
2021-07-23,AAPL,145.21881103515625,142.59128112792968,139.6308906555176,66.18686596673282,0.011988968464678784,0.016598438272142076,145.63916015625,1
2021-07-26,AAPL,145.63916015625,143.8698699951172,140.40703277587892,63.93450768789017,0.002894591396922941,0.01643196376604722,143.46910095214844,0
2021-07-27,AAPL,143.46910095214844,143.99107971191407,140.9930519104004,54.761582618745365,-0.01490024524841671,0.01726637576217332,141.7193603515625,0
2021-07-28,AAPL,141.7193603515625,143.90896911621093,141.41582489013672,53.836924191879646,-0.012195940373039171,0.015581955319744156,142.36448669433594,1
2021-07-29,AAPL,142.36448669433594,143.68218383789062,141.8400634765625,51.51351040395235,0.004552139814723022,0.015729602108529004,142.5795440673828,1
2021-07-30,AAPL,142.5795440673828,143.15433044433593,142.25990371704103,53.256664817735285,0.0015106110943849949,0.015141244037353386,142.2471923828125,0
2021-08-02,AAPL,142.2471923828125,142.47593688964844,142.5316520690918,50.189239957757806,-0.0023309913546450955,0.01200307849554085,144.0458221435547,1
2021-08-03,AAPL,144.0458221435547,142.59128112792968,142.7926483154297,46.36551549004816,0.01264439551047003,0.009561111431833576,143.64503479003906,0
2021-08-04,AAPL,143.64503479003906,142.976416015625,142.9089714050293,46.902854750957175,-0.002782360137569273,0.009425255436819248,143.75254821777344,1
2021-08-05,AAPL,143.75254821777344,143.2540283203125,143.09567489624024,52.11854968016967,0.0007484660217564887,0.008938298808166927,143.06727600097656,0
2021-08-06,AAPL,143.06727600097656,143.35157470703126,143.1567169189453,62.42018722671958,-0.004767026569565513,0.008007554364453068,143.0183563232422,0
2021-08-09,AAPL,143.0183563232422,143.50580749511718,143.24512786865233,50.87794952431958,-0.0003419347813264917,0.00787620447691921,142.53863525390625,0
2021-08-10,AAPL,142.53863525390625,143.2043701171875,143.25383529663085,51.94641597761059,-0.003354262219681048,0.006458956594436175,142.79315185546875,1
2021-08-11,AAPL,142.79315185546875,143.03399353027345,143.10371627807618,47.038964508131585,0.0017855972951412724,0.0050335115044961454,145.7594757080078,1
2021-08-12,AAPL,145.7594757080078,143.4353790283203,143.13465957641603,52.47516495317827,0.02077357221963627,0.008080605800203058,145.9650421142578,1
2021-08-13,AAPL,145.9650421142578,144.01493225097656,143.27802963256835,51.63637900177435,0.0014103124702629088,0.008081878825984792,147.94261169433594,1
2021-08-16,AAPL,147.94261169433594,144.99978332519532,143.71284942626954,68.85339291181474,0.013548241081793533,0.008597268639033866,147.03213500976562,0
2021-08-17,AAPL,147.03213500976562,145.8984832763672,143.92130355834962,74.2767019868318,-0.0061542558573418615,0.008544017758535171,143.28265380859375,0
2021-08-18,AAPL,143.28265380859375,145.9963836669922,143.97894058227538,53.68101351357324,-0.025501100156933965,0.012214581702890578,143.61549377441406,1
2021-08-19,AAPL,143.61549377441406,145.56758728027344,143.98479461669922,54.06314950564722,0.0023229606443844197,0.012238079972874936,145.07415771484375,1
2021-08-20,AAPL,145.07415771484375,145.38941040039063,143.9775619506836,59.63829402621287,0.010156731019014487,0.012503011421939412,146.56219482421875,1
2021-08-23,AAPL,146.56219482421875,145.1133270263672,144.02371368408203,58.71093566032554,0.010257079088474619,0.012779054719845532,146.47412109375,0
2021-08-24,AAPL,146.47412109375,145.00172424316406,144.1739646911621,59.96998631296585,-0.0006009307555361332,0.012667493889933391,145.2406005859375,0
2021-08-25,AAPL,145.2406005859375,145.3933135986328,144.35002670288085,55.07952915798433,-0.00842142283293168,0.013159947418352497,144.43785095214844,0
2021-08-26,AAPL,144.43785095214844,145.5577850341797,144.45369491577148,54.699513344688526,-0.005527033285118388,0.011460445751443886,145.47555541992188,1
2021-08-27,AAPL,145.47555541992188,145.6380645751953,144.59849548339844,57.641121365313985,0.007184435803584632,0.011729337976965657,149.9005126953125,1
2021-08-30,AAPL,149.9005126953125,146.30572814941405,144.98116149902344,67.92692176813345,0.0304171877028947,0.014759625746716664,148.6376495361328,0
2021-08-31,AAPL,148.6376495361328,146.73843383789062,145.21075286865235,63.749535791702634,-0.008424675382842639,0.014905709729728777,149.30335998535156,1
2021-09-01,AAPL,149.30335998535156,147.55098571777344,145.49366912841796,59.354651570075156,0.004478747149839091,0.011587176865595489,150.4193878173828,1
2021-09-02,AAPL,150.4193878173828,148.7472930908203,145.82701110839844,61.10945908715559,0.007474900981067956,0.011609733222941558,151.0557098388672,1
2021-09-03,AAPL,151.0557098388672,149.8633239746094,146.22643280029297,58.346408637817476,0.004230319181041331,0.011450374555682674,153.3954620361328,1
2021-09-07,AAPL,153.3954620361328,150.56231384277345,146.7452880859375,65.49487075895641,0.015489333039853115,0.011874330571580572,151.84869384765625,0
2021-09-08,AAPL,151.84869384765625,151.20452270507812,147.210791015625,73.56856705648526,-0.0100835329021155,0.01268915815568315,150.83058166503906,0
2021-09-09,AAPL,150.83058166503906,151.5099670410156,147.6126625061035,69.28385892541722,-0.006704780639329111,0.012517680347823988,145.8378143310547,0
2021-09-10,AAPL,145.8378143310547,150.59365234375,147.61657943725587,52.18764924988043,-0.0331018237738564,0.017035567344294438,146.40557861328125,1
2021-09-13,AAPL,146.40557861328125,149.66362609863282,147.63860626220702,50.10402888326156,0.003893121169093572,0.016936373175139997,145.00563049316406,0
2021-09-14,AAPL,145.00563049316406,147.98565979003905,147.49175720214845,47.20718503097698,-0.009562122791885175,0.013537107947344813,145.89651489257812,1
2021-09-15,AAPL,145.89651489257812,146.79522399902345,147.43497619628906,51.93426392891078,0.0061437917712861,0.013699024924755365,145.6615447998047,0
2021-09-16,AAPL,145.6615447998047,145.76141662597655,147.5539207458496,53.30121202628578,-0.0016105257411148655,0.013524418306480733,142.9889373779297,0
2021-09-17,AAPL,142.9889373779297,145.19164123535157,147.5225929260254,45.09006939932937,-0.018348064518663443,0.013893262626284666,139.9345703125,0
2021-09-20,AAPL,139.9345703125,143.8974395751953,147.2656135559082,27.639751295574413,-0.021360862745324005,0.014360293814751944,140.4142608642578,1
2021-09-21,AAPL,140.4142608642578,142.97916564941406,146.95821685791014,30.935649568038528,0.0034279631594007487,0.012612751452822183,142.78338623046875,1
2021-09-22,AAPL,142.78338623046875,142.35653991699218,146.7736801147461,36.34272637861191,0.016872398513005926,0.014954593820257852,143.74278259277344,1
2021-09-23,AAPL,143.74278259277344,141.97278747558593,146.69878921508788,36.03740281827638,0.0067192436573546566,0.015481038583616729,143.83087158203125,1
2021-09-24,AAPL,143.83087158203125,142.14117431640625,146.66844024658204,34.534227353133176,0.0006128237374349865,0.011852635539617368,142.3134765625,0
2021-09-27,AAPL,142.3134765625,142.61695556640626,146.51033630371094,25.28297741222356,-0.010549856250198886,0.012025357647942797,138.92623901367188,0
2021-09-28,AAPL,138.92623901367188,142.31935119628906,145.9616226196289,23.151409293084683,-0.023801242374544507,0.013652494931889171,139.82688903808594,1
2021-09-29,AAPL,139.82688903808594,141.7280517578125,145.52108459472657,27.172841878039222,0.006482936778598125,0.01368140669109653,138.52484130859375,0
2021-09-30,AAPL,138.52484130859375,140.68446350097656,144.98215866088867,31.833662842593554,-0.009311855097752564,0.013738865276602013,139.65066528320312,1
2021-10-01,AAPL,139.65066528320312,139.84842224121093,144.4437225341797,33.85298809107812,0.00812723525956871,0.013411977666011632,136.2144775390625,0
2021-10-04,AAPL,136.2144775390625,138.62862243652344,143.70166091918946,30.62926029122964,-0.024605595234166944,0.013953265428281366,138.14306640625,1
2021-10-05,AAPL,138.14306640625,138.47198791503905,142.9390411376953,33.97878344111376,0.014158472007018696,0.014852212307652626,139.0143280029297,1
2021-10-06,AAPL,139.0143280029297,138.30947570800782,142.29732284545898,36.73892571812885,0.006306951332016197,0.01373118995981578,140.27716064453125,1
2021-10-07,AAPL,140.27716064453125,138.65993957519532,141.7696517944336,44.474963005003794,0.00908419052728826,0.013928217197152745,139.89540100097656,0
2021-10-08,AAPL,139.89540100097656,138.70888671875,141.4725311279297,50.28091208355506,-0.0027214668574743195,0.013889275360149292,139.8072967529297,0
2021-10-11,AAPL,139.8072967529297,139.42745056152344,141.14261703491212,48.837166030113536,-0.0006297865935296354,0.013616557185387268,138.5346221923828,0
2021-10-12,AAPL,138.5346221923828,139.50576171875,140.81906661987304,38.945624620703875,-0.00910306250178039,0.011610188728697145,137.94725036621094,0
2021-10-13,AAPL,137.94725036621094,139.29234619140624,140.42160339355468,34.51071671969025,-0.004239891926483108,0.01141575379430448,140.73733520507812,1
2021-10-14,AAPL,140.73733520507812,139.38438110351564,140.17539291381837,43.11098669319067,0.02022573723985288,0.012842682314145579,141.79461669921875,1
2021-10-15,AAPL,141.79461669921875,139.76422424316405,140.1156768798828,49.14054704414421,0.007512445028179604,0.012809713881895644,143.4686737060547,1
2021-10-18,AAPL,143.4686737060547,140.49649963378906,140.29238204956056,62.318913139521435,0.011806209895732778,0.009199866607473378,145.63218688964844,1
2021-10-19,AAPL,145.63218688964844,141.9160125732422,140.55327835083008,64.58566466292483,0.015080038922130612,0.009303166976014165,146.12168884277344,1
2021-10-20,AAPL,146.12168884277344,143.5509002685547,140.7201934814453,69.84585421543274,0.003361220919493091,0.009315499351998074,146.33705139160156,1
2021-10-21,AAPL,146.33705139160156,144.67084350585938,140.84990692138672,68.30622906169182,0.0014738575124180198,0.009258868699038901,145.56365966796875,0
2021-10-22,AAPL,145.56365966796875,145.42465209960938,140.9365463256836,80.19681791116422,-0.005285002781443171,0.009506334873736191,145.51470947265625,0
2021-10-25,AAPL,145.51470947265625,145.8338592529297,141.09660797119142,77.03366498804922,-0.00033628032864907453,0.009490823458469489,146.18040466308594,1
2021-10-26,AAPL,146.18040466308594,145.9435028076172,141.4593162536621,76.61681093298125,0.0045747621861882415,0.008294968598444223,145.72030639648438,0
2021-10-27,AAPL,145.72030639648438,145.86322631835938,141.75398712158204,71.54887430628219,-0.0031474688256746264,0.008159745949418307,149.36209106445312,1
2021-10-28,AAPL,149.36209106445312,146.46823425292968,142.295849609375,79.65282379195793,0.0249916072648102,0.009188060270986247,146.65036010742188,0
2021-10-29,AAPL,146.65036010742188,146.68557434082032,142.64583435058594,68.85590723292864,-0.01815541639585827,0.011903584641926047,145.8280029296875,0
2021-11-01,AAPL,145.8280029296875,146.74823303222655,143.1265106201172,70.76916339066052,-0.005607604216805173,0.011816525649169669,146.86569213867188,1
2021-11-02,AAPL,146.86569213867188,146.88529052734376,143.5626419067383,74.71757251170175,0.00711584324092196,0.011058207026784058,148.30482482910156,1
2021-11-03,AAPL,148.30482482910156,147.40219421386718,144.02716674804688,72.48821760739153,0.009798971219710406,0.011399628389878659,147.78594970703125,0
2021-11-04,AAPL,147.78594970703125,147.08696594238282,144.40260620117186,68.45877108016539,-0.003498706954869757,0.011510856910147539,148.31533813476562,1
2021-11-05,AAPL,148.31533813476562,147.41996154785156,144.82360305786133,66.01182993669784,0.0035821296191134167,0.011308810134025005,147.4918212890625,0
2021-11-08,AAPL,147.4918212890625,147.75272521972656,145.20782928466798,56.900517451293204,-0.00555247256325464,0.011542923714267746,147.85455322265625,1
2021-11-09,AAPL,147.85455322265625,147.95049743652345,145.67382583618163,56.49383204400865,0.002459335917229355,0.011497779350803598,145.02120971679688,0
2021-11-10,AAPL,145.02120971679688,147.2937744140625,146.02752380371095,46.36997476240799,-0.01916304533139812,0.01316497662798317,144.97218322753906,0
2021-11-11,AAPL,144.97218322753906,146.73102111816405,146.239266204834,48.48764247512364,-0.0003380642690372637,0.00972289194728172,147.05062866210938,1
2021-11-12,AAPL,147.05062866210938,146.47807922363282,146.5020668029785,54.65847757329615,0.014336856825202915,0.009498254288171356,147.06044006347656,1
2021-11-15,AAPL,147.06044006347656,146.3918029785156,146.6816551208496,52.92353103127596,6.672124734485863e-05,0.00927203161106666,148.04083251953125,1
2021-11-16,AAPL,148.04083251953125,146.42905883789064,146.80208740234374,56.882993123917444,0.006666595419077437,0.00923949598850689,150.48202514648438,1
2021-11-17,AAPL,150.48202514648438,147.52122192382814,147.0201042175293,53.63422679612339,0.016489995262834345,0.010157386781695801,154.77618408203125,1
2021-11-18,AAPL,154.77618408203125,149.48202209472657,147.4420608520508,72.27558883076219,0.028536025690555356,0.013045108102145715,157.40370178222656,1
2021-11-19,AAPL,157.40370178222656,151.55263671875,148.03406295776367,78.78430140925747,0.016976240342007287,0.01359274562073757,157.86447143554688,1
2021-11-22,AAPL,157.86447143554688,153.71344299316405,148.65155105590821,78.10280026310733,0.0029273114170962344,0.01304200365337989,158.24684143066406,1
2021-11-23,AAPL,158.24684143066406,155.75464477539063,149.2548728942871,76.78969970191224,0.0024221409139124628,0.013043414716342688,158.76644897460938,1
2021-11-24,AAPL,158.76644897460938,157.41152954101562,149.90718002319335,79.59812753443151,0.0032835255304162203,0.009515737625830203,153.7370147705078,0
2021-11-26,AAPL,153.7370147705078,157.20369567871094,150.12592620849608,62.40351834164537,-0.03167819294683538,0.01596109683114118,157.09976196289062,1
2021-11-29,AAPL,157.09976196289062,157.14290771484374,150.64839630126954,69.39355316217664,0.02187337380918053,0.016564853642127543,162.0605926513672,1
2021-11-30,AAPL,162.0605926513672,157.9821319580078,151.46002578735352,73.93274868752924,0.03157758246411846,0.018078830175895365,161.54098510742188,0
2021-12-01,AAPL,161.54098510742188,158.64096069335938,152.19379043579102,80.47303373119234,-0.003206254743638448,0.018539195400046508,160.55076599121094,0
2021-12-02,AAPL,160.55076599121094,158.9978240966797,152.80608749389648,77.96951829354455,-0.006129832101447574,0.01888959372672691,158.66842651367188,0
2021-12-03,AAPL,158.66842651367188,159.9841064453125,153.3502113342285,71.26873395879242,-0.011724263449743422,0.017976950478858025,162.0802459716797,1
2021-12-06,AAPL,162.0802459716797,160.9802032470703,154.03845672607423,74.27314329672657,0.021502825312973206,0.018429556815502585,167.8253631591797,1
2021-12-07,AAPL,167.8253631591797,162.1331573486328,155.05513381958008,77.44033831335787,0.035446128262316634,0.021077421023286812,171.64891052246094,1
2021-12-08,AAPL,171.64891052246094,164.1547424316406,156.2448516845703,78.0316977570025,0.0227828934274652,0.021633349870229107,171.1391143798828,0
2021-12-09,AAPL,171.1391143798828,166.272412109375,157.5507469177246,74.02871696838949,-0.0029699934653032445,0.021885722820194776,175.9332733154297,1
2021-12-10,AAPL,175.9332733154297,169.72538146972656,159.09880142211915,75.29965701370168,0.028013227443173028,0.01767257889692803,172.2960205078125,0
2021-12-13,AAPL,172.2960205078125,171.76853637695314,160.3610710144043,68.6035640204851,-0.02067404726277089,0.020401615121759007,170.9136505126953,0
2021-12-14,AAPL,170.9136505126953,172.38619384765624,161.55373153686523,66.08646750712566,-0.008023226485689539,0.01945316630129855,175.78622436523438,1
2021-12-15,AAPL,175.78622436523438,173.21365661621093,162.94100112915038,69.20741043067063,0.028508980048829624,0.020436212580103717,168.88418579101562,0
2021-12-16,AAPL,168.88418579101562,172.7626708984375,163.86110916137696,67.34376768856356,-0.03926381944399837,0.025227400464094527,167.78616333007812,0
2021-12-17,AAPL,167.78616333007812,171.13324890136718,164.5116081237793,63.01767195295562,-0.006501629834638534,0.02488617549164885,166.4233856201172,0
2021-12-20,AAPL,166.4233856201172,169.95872192382814,164.96259231567382,56.10181487565884,-0.00812211020809872,0.02458148522286278,169.59991455078125,1
2021-12-21,AAPL,169.59991455078125,169.69597473144532,165.54936447143555,60.03519764428366,0.019087034666599667,0.022644339413525102,172.19798278808594,1
2021-12-22,AAPL,172.19798278808594,168.97832641601562,166.24692153930664,63.69356297666397,0.015318806287056175,0.02196991139201657,172.82545471191406,1
2021-12-23,AAPL,172.82545471191406,169.7665802001953,166.9498718261719,67.07639101289303,0.003643898224988673,0.021952140504562536,176.79605102539062,1
2021-12-27,AAPL,176.79605102539062,171.5685577392578,168.10282363891602,67.26181241963249,0.022974603596994658,0.02131692257166907,175.7764434814453,0
2021-12-28,AAPL,175.7764434814453,173.43916931152344,169.03665771484376,60.577846295109055,-0.0057671398090157755,0.020145599672436443,175.86468505859375,1
2021-12-29,AAPL,175.86468505859375,174.69212341308594,169.72686233520508,56.38260279622886,0.0005020102546207106,0.01984370617712557,174.707763671875,0
2021-12-30,AAPL,174.707763671875,175.19407958984374,170.38520126342775,55.427318263028795,-0.0065784747309176606,0.017840501159116975,174.0901336669922,0
2021-12-31,AAPL,174.0901336669922,175.44701538085937,171.0621696472168,47.76384582069816,-0.003535217851238781,0.01174441669547853,178.4431610107422,1
2022-01-03,AAPL,178.4431610107422,175.77643737792968,172.0509063720703,59.65821554291719,0.025004445984725843,0.013036678362272559,176.1784210205078,0
2022-01-04,AAPL,176.1784210205078,175.8568328857422,172.7558151245117,58.248035028819615,-0.012691660343867373,0.01366162983872928,171.49205017089844,0
2022-01-05,AAPL,171.49205017089844,174.98230590820313,172.93914947509765,44.24068399488228,-0.026600141052824267,0.01613785144201517,168.62930297851562,0
2022-01-06,AAPL,168.62930297851562,173.76661376953126,172.78816909790038,50.011915916209055,-0.016693177261161485,0.016206845331348675,168.7959747314453,1
2022-01-07,AAPL,168.7959747314453,172.70778198242186,172.6710121154785,52.2480402335373,0.0009883914004609196,0.016126120557168794,168.81556701660156,1
2022-01-10,AAPL,168.81556701660156,170.78226318359376,172.31512680053712,54.94336325314637,0.00011607080789355351,0.013572873694168248,171.64891052246094,1
2022-01-11,AAPL,171.64891052246094,169.87636108398436,172.28277130126952,54.28316152930197,0.016783662525510668,0.015127937687182706,172.09010314941406,1
2022-01-12,AAPL,172.09010314941406,169.9959716796875,172.34159393310546,50.24838406981594,0.0025703199956832457,0.01518408906382551,168.81556701660156,0
2022-01-13,AAPL,168.81556701660156,170.0332244873047,171.99306106567383,43.132111788443545,-0.019028032832134723,0.016079380621514296,169.67832946777344,1
2022-01-14,AAPL,169.67832946777344,170.2096954345703,172.03276824951172,35.976462115006626,0.0051106806464538135,0.016296812782398515,166.472412109375,0
2022-01-18,AAPL,166.472412109375,169.741064453125,171.96708068847656,32.93150939331136,-0.018894088411020915,0.01380322010267674,162.97238159179688,0
2022-01-19,AAPL,162.97238159179688,168.0057586669922,171.79453048706054,28.797312598667105,-0.021024687954173116,0.014433305802465846,161.28610229492188,0
2022-01-20,AAPL,161.28610229492188,165.84495849609374,171.37883987426758,28.192342641249738,-0.010347024940082772,0.012897839742753077,159.22723388671875,0
2022-01-21,AAPL,159.22723388671875,163.9272918701172,170.7303024291992,26.81273655119159,-0.012765318145256943,0.01259364650967914,158.4527130126953,0
2022-01-24,AAPL,158.4527130126953,161.68216857910156,170.01166534423828,15.176579947922548,-0.004864248753918998,0.012385183309276461,156.64878845214844,0
2022-01-25,AAPL,156.64878845214844,159.71744384765626,169.00430221557616,15.29523930175192,-0.011384624007052091,0.012263349579143452,156.560546875,0
2022-01-26,AAPL,156.560546875,158.43507690429686,168.04350738525392,18.116958898741117,-0.0005633083921067206,0.009344339965341085,156.0997772216797,0
2022-01-27,AAPL,156.0997772216797,157.39781188964844,167.0552619934082,20.07254903073266,-0.002943076416871415,0.00871978538006262,166.9920196533203,1
2022-01-28,AAPL,166.9920196533203,158.95076904296874,166.66947479248046,48.09956827072671,0.06977743738975617,0.02607693643311263,171.35482788085938,1
2022-01-31,AAPL,171.35482788085938,161.53119201660155,166.53270950317383,54.175291918762944,0.02612584862795453,0.027417620759131928,171.18817138671875,0
2022-02-01,AAPL,171.18817138671875,164.43906860351564,166.16996002197266,50.1931667776912,-0.0009725812584429061,0.026521185855631093,172.39404296875,1
2022-02-02,AAPL,172.39404296875,167.60576782226562,165.98074111938476,51.24999126013297,0.007044129113962905,0.025132789052340468,169.51165771484375,0
2022-02-03,AAPL,169.51165771484375,170.28814392089845,165.88172149658203,51.81727472550671,-0.01671974973305046,0.025665966527151605,169.2270050048828,0
2022-02-04,AAPL,169.2270050048828,170.73514099121093,165.9116065979004,50.1924477943783,-0.0016792515264041352,0.025031822715817373,168.5104217529297,0
2022-02-07,AAPL,168.5104217529297,170.166259765625,165.8973289489746,54.05603176625001,-0.004234449767236859,0.02500115662613647,171.62222290039062,1
2022-02-08,AAPL,171.62222290039062,170.25307006835936,166.03766174316405,64.62052145646837,0.018466520438857215,0.02441090521265189,173.04563903808594,1
2022-02-09,AAPL,173.04563903808594,170.38338928222657,166.1074981689453,69.79751482725644,0.008293891744552528,0.024167488445204947,168.96194458007812,0
2022-02-10,AAPL,168.96194458007812,170.27344665527343,165.95109024047852,65.95265996911034,-0.023598944652451048,0.026222034966806838,165.54579162597656,0
2022-02-11,AAPL,165.54579162597656,169.53720397949218,165.78760147094727,61.176501566792886,-0.020218475601661345,0.01634118682105354,165.78138732910156,1
2022-02-14,AAPL,165.78138732910156,168.99139709472655,165.59275436401367,64.89678207642345,0.0014231452265320854,0.013435991135306528,169.61964416503906,1
2022-02-15,AAPL,169.61964416503906,168.59088134765625,165.75011596679687,68.67726154845336,0.02315251969943999,0.015835856450562857,169.38404846191406,0
2022-02-16,AAPL,169.38404846191406,167.8585632324219,166.07069931030273,69.15567519748198,-0.0013889647292018026,0.015593997318812785,165.78138732910156,0
2022-02-17,AAPL,165.78138732910156,167.22245178222656,166.29546356201172,48.40321940613272,-0.021269187774919374,0.016139312888156242,164.23037719726562,0
2022-02-18,AAPL,164.23037719726562,166.95936889648436,166.54562072753907,36.99220703255755,-0.009355755533381749,0.01629857253092725,161.30506896972656,0
2022-02-22,AAPL,161.30506896972656,166.06410522460936,166.68823852539063,33.42558934483144,-0.017812223764336332,0.016976072303037913,157.13304138183594,0
2022-02-23,AAPL,157.13304138183594,163.56678466796876,166.712451171875,26.533385036699144,-0.025864206342291807,0.016158941501065897,159.7540740966797,1
2022-02-24,AAPL,159.7540740966797,161.6407897949219,166.87212753295898,35.16188968211682,0.016680341014176703,0.0173132312074311,161.82533264160156,1
2022-02-25,AAPL,161.82533264160156,160.84957885742188,167.15840530395508,39.55654351290806,0.012965294041067166,0.01747210230411357,162.0903778076172,1
2022-02-28,AAPL,162.0903778076172,160.42157897949218,166.91332321166993,40.87500618395492,0.0016378471880087453,0.01658587848115192,160.20559692382812,0
2022-03-01,AAPL,160.20559692382812,160.2016845703125,166.35586166381836,32.850346470073575,-0.011627962802493341,0.01680016374356094,163.50396728515625,1
2022-03-02,AAPL,163.50396728515625,161.47586975097656,165.97165145874024,36.827397884281424,0.020588359112674315,0.016365717174903968,163.1800079345703,0
2022-03-03,AAPL,163.1800079345703,162.1610565185547,165.51094970703124,41.10840128893246,-0.0019813546788191028,0.01635811763592683,160.17616271972656,0
2022-03-04,AAPL,160.17616271972656,161.8312225341797,165.0441749572754,41.51251009830744,-0.018408169314761857,0.01603668531258579,156.377197265625,0
2022-03-07,AAPL,156.377197265625,160.68858642578124,164.4016845703125,36.34027554255392,-0.023717420804673206,0.017235750464088977,154.55128479003906,0
2022-03-08,AAPL,154.55128479003906,159.55772399902344,163.70372772216797,26.60456855336797,-0.011676334577632841,0.016823514704097334,159.96018981933594,1
2022-03-09,AAPL,159.96018981933594,158.84896850585938,163.12062606811523,38.003577759913426,0.03499747696465283,0.018964019273570738,155.61146545410156,0
2022-03-10,AAPL,155.61146545410156,157.33526000976562,162.24891738891603,37.04463522364999,-0.027186291602591672,0.020209598455589593,151.89100646972656,0
2022-03-11,AAPL,151.89100646972656,155.67822875976563,161.39537048339844,34.88000076372393,-0.023908643065072677,0.020448848248570274,147.85643005371094,0
2022-03-14,AAPL,147.85643005371094,153.9740753173828,160.51090240478516,33.696134553762064,-0.026562312738508065,0.021189914637031355,152.2444305419922,1
2022-03-15,AAPL,152.2444305419922,153.51270446777343,159.83405456542968,44.54891433310169,0.02967744106013681,0.024393221097039463,156.6618194580078,1
2022-03-16,AAPL,156.6618194580078,152.8530303955078,159.18616333007813,47.0456336535537,0.029015110111349607,0.025489330507084722,157.6729278564453,1
2022-03-17,AAPL,157.6729278564453,153.26532287597655,158.6006072998047,45.75637785626493,0.00645408308122275,0.025701340345035077,160.97128295898438,1
2022-03-18,AAPL,160.97128295898438,155.0813781738281,158.36010208129883,49.404111179169554,0.020918969079727345,0.02610963337511831,162.34561157226562,1
2022-03-21,AAPL,162.34561157226562,157.97921447753907,158.26586380004883,52.95255110972662,0.008537725412994579,0.024698330371792244,165.72250366210938,1
2022-03-22,AAPL,165.72250366210938,160.6748291015625,158.48673553466796,52.9877366023603,0.020800636722727583,0.024538791392280337,167.0869903564453,1
2022-03-23,AAPL,167.0869903564453,162.75986328125,158.98443298339845,54.68396476582226,0.0082335631201782,0.022558792028227775,170.87615966796875,1
2022-03-24,AAPL,170.87615966796875,165.4005096435547,159.5405372619629,61.594802383188956,0.022677823709913225,0.02013312612721356,171.51422119140625,1
2022-03-25,AAPL,171.51422119140625,167.50909729003905,160.0249816894531,67.44170909499091,0.003734058189728273,0.016613626900575888,172.3780975341797,1
2022-03-28,AAPL,172.3780975341797,169.51559448242188,160.53936767578125,70.99536970101914,0.005036762180842036,0.010130592502823135,175.6764678955078,1
2022-03-29,AAPL,175.6764678955078,171.50638732910156,161.31291122436522,69.1686932668656,0.019134509595536642,0.008974880545365832,174.5082550048828,0
2022-03-30,AAPL,174.5082550048828,172.99064025878906,161.86312561035157,75.30889202459213,-0.00664979723590442,0.009609631829994634,171.40626525878906,0
2022-03-31,AAPL,171.40626525878906,173.09666137695314,162.2744384765625,77.35975827468378,-0.01777560463261152,0.01322595081970959,171.11178588867188,0
2022-04-01,AAPL,171.11178588867188,173.01617431640625,162.82121963500975,86.95203712024805,-0.0017180198732676955,0.012787472460422418,175.16598510742188,1
2022-04-04,AAPL,175.16598510742188,173.5737518310547,163.76065902709962,86.5503438020416,0.02369327862306192,0.01394122779013811,171.8479766845703,0
2022-04-05,AAPL,171.8479766845703,172.80805358886718,164.62549362182617,75.53780629331304,-0.01894208182494317,0.015386772975923673,168.67726135253906,0
2022-04-06,AAPL,168.67726135253906,171.64185485839843,165.06134719848632,67.63368827184797,-0.018450699235471046,0.016772781490043954,168.98158264160156,1
2022-04-07,AAPL,168.98158264160156,171.15691833496095,165.72985305786133,64.14206810344196,0.0018041630900471617,0.01498952862940062,166.96917724609375,0
2022-04-08,AAPL,166.96917724609375,170.32839660644532,166.4837615966797,58.21598104974229,-0.011909022060563768,0.015252981935907468,162.70883178710938,0
2022-04-11,AAPL,162.70883178710938,167.83696594238282,167.22638168334962,45.50753576013811,-0.025515760029799384,0.016562048348471234,164.5837860107422,1
2022-04-12,AAPL,164.5837860107422,166.38412780761718,167.8433494567871,46.458241182431095,0.011523370938376853,0.015433848334184848,167.2734832763672,1
2022-04-13,AAPL,167.2734832763672,166.1033721923828,168.3739326477051,44.596805062410624,0.016342419449808077,0.017022367624928245,162.25723266601562,0
2022-04-14,AAPL,162.25723266601562,164.7585021972656,168.6031478881836,37.18969805166853,-0.02998831920098044,0.01848796601421462,162.04127502441406,0
2022-04-18,AAPL,162.04127502441406,163.77292175292968,168.6566474914551,35.40308784368078,-0.0013309584913610006,0.018496738905194664,164.3285369873047,1
2022-04-19,AAPL,164.3285369873047,164.09686279296875,168.75579376220702,33.78000480905803,0.014115304650287541,0.01701883895982734,164.1616668701172,0
2022-04-20,AAPL,164.1616668701172,164.01243896484374,168.67775192260743,34.760446422142806,-0.0010154664566897065,0.016466838185529842,163.36654663085938,0
2022-04-21,AAPL,163.36654663085938,163.23105163574218,168.49172973632812,37.241373093018126,-0.004843519528142326,0.015726221508725595,158.8214569091797,0
2022-04-22,AAPL,158.8214569091797,162.543896484375,167.88899459838868,32.551810849394926,-0.027821422533645834,0.017404457922461276,159.8914794921875,1
2022-04-25,AAPL,159.8914794921875,162.1139373779297,167.30785751342773,26.54333370509302,0.006737267141553094,0.017702613980900242,153.92308044433594,0
2022-04-26,AAPL,153.92308044433594,160.03284606933593,166.38510665893554,24.205246017832607,-0.037327811755867746,0.019579070673699933,153.69725036621094,0
2022-04-27,AAPL,153.69725036621094,157.9399627685547,165.2861457824707,26.349224592603377,-0.0014671618932852182,0.018747642578384002,160.6375732421875,1
2022-04-28,AAPL,160.6375732421875,157.3941680908203,164.59261169433594,39.93054562056962,0.04515580375992423,0.024120093324349202,154.7574462890625,0
2022-04-29,AAPL,154.7574462890625,156.58136596679688,163.76017074584962,36.134699649223926,-0.0366049289368916,0.024993888764134976,155.06173706054688,1
2022-05-02,AAPL,155.06173706054688,155.61541748046875,162.95766830444336,40.56908410021929,0.001966243168138204,0.02506112271800803,156.55384826660156,1
2022-05-03,AAPL,156.55384826660156,156.14157104492188,162.02706146240234,40.087051744851244,0.009622691157342489,0.024736254210895023,162.97386169433594,1
2022-05-04,AAPL,162.97386169433594,157.99689331054688,161.58335571289064,45.79275849314434,0.04100833993426645,0.02866324799139581,153.8936004638672,0
2022-05-05,AAPL,153.8936004638672,156.64809875488282,160.84417266845702,41.65504284210954,-0.055716058612510166,0.033631805843051664,154.62107849121094,1
2022-05-06,AAPL,154.62107849121094,156.6208251953125,160.1261474609375,42.804688475788694,0.0047271493106340046,0.03279006181351769,149.48931884765625,0
2022-05-09,AAPL,149.48931884765625,155.50634155273437,159.2521545410156,35.55220628265778,-0.033189263026944915,0.03399109533021982,151.8978729248047,1
2022-05-10,AAPL,151.8978729248047,154.575146484375,158.71160659790038,38.885990710611615,0.016111880739807072,0.032727799799332866,144.0233154296875,0
2022-05-11,AAPL,144.0233154296875,150.7850372314453,157.68358306884767,33.9372696290101,-0.051841130777488864,0.036495199542647065,140.14993286132812,0
2022-05-12,AAPL,140.14993286132812,148.0363037109375,156.3274055480957,34.022698948613524,-0.02689413555578346,0.03215501417716221,144.62301635742188,1
2022-05-13,AAPL,144.62301635742188,146.03669128417968,155.44569473266603,38.24390681759739,0.03191641554705327,0.03384173680227472,143.07955932617188,0
2022-05-16,AAPL,143.07955932617188,144.7547393798828,154.49760894775392,41.0224018465832,-0.01067227796878123,0.033737518224923685,146.71701049804688,1
2022-05-17,AAPL,146.71701049804688,143.71856689453125,153.617032623291,45.012560241316336,0.025422577403826585,0.034975379475992115,138.4393310546875,0
2022-05-18,AAPL,138.4393310546875,142.60177001953124,152.33091583251954,32.52207010173214,-0.05641935734145542,0.03400919326243319,135.0280303955078,0
2022-05-19,AAPL,135.0280303955078,141.5773895263672,150.91399002075195,33.51935077865244,-0.02464112353903336,0.031249799967486665,135.2639617919922,1
2022-05-20,AAPL,135.2639617919922,139.70557861328126,149.7361152648926,33.482018405177726,0.0017472771823250355,0.031080516623428974,140.69064331054688,1
2022-05-23,AAPL,140.69064331054688,139.22779541015626,148.77607345581055,38.30704124868103,0.040119196914399025,0.03423452558424796,137.9871063232422,0
2022-05-24,AAPL,137.9871063232422,137.4818145751953,147.97927474975586,30.113960454923188,-0.019216181856082426,0.0335711733231502,138.14443969726562,1
2022-05-25,AAPL,138.14443969726562,137.42283630371094,147.2016342163086,35.222153102107214,0.0011402034452037135,0.030064828146570736,141.3493194580078,1
2022-05-26,AAPL,141.3493194580078,138.68709411621094,146.23722152709962,38.52283545429563,0.02319948430617602,0.02995312198736802,147.11019897460938,1
2022-05-27,AAPL,147.11019897460938,141.05634155273438,145.85485916137696,48.74751203713433,0.0407563300530287,0.03106810119925785,146.32374572753906,0
2022-05-31,AAPL,146.32374572753906,142.1829620361328,145.41795959472657,45.72418062721775,-0.005346014433751489,0.030868993360987067,146.19595336914062,0
2022-06-01,AAPL,146.19595336914062,143.8247314453125,144.90006484985352,53.281678531506834,-0.0008733535200526887,0.029818169086936276,148.65370178222656,1
2022-06-02,AAPL,148.65370178222656,145.92658386230468,144.18405685424804,60.71882934112021,0.0168113299749153,0.022505506956890714,142.9222412109375,0
2022-06-03,AAPL,142.9222412109375,146.2411682128906,143.63548889160157,48.92960445379818,-0.038555787730637836,0.024996837167739285,143.66941833496094,1
2022-06-06,AAPL,143.66941833496094,145.55301208496093,143.08790588378906,51.564803466386785,0.005227857593701479,0.02495557684321408,146.19595336914062,1
2022-06-07,AAPL,146.19595336914062,145.52745361328124,142.9232376098633,50.263270610567034,0.017585753902679135,0.02245753386805935,145.4586181640625,0
2022-06-08,AAPL,145.4586181640625,145.37998657226564,142.60127487182618,61.0111424655451,-0.00504347205299438,0.021238607455851852,140.2285919189453,0
2022-06-09,AAPL,140.2285919189453,143.69496459960936,142.41153869628906,58.26726480328551,-0.035955423687706545,0.024990925413694864,134.81170654296875,0
2022-06-10,AAPL,134.81170654296875,142.07285766601564,142.1446273803711,50.21163186120078,-0.03862896504806679,0.02669335022321208,129.6504669189453,0
2022-06-13,AAPL,129.6504669189453,139.2690673828125,141.39599990844727,36.53588087651361,-0.03828480297724279,0.023325728341729784,130.51559448242188,1
2022-06-14,AAPL,130.51559448242188,136.13299560546875,140.76780166625977,40.64254717881428,0.006672768591087452,0.024023415627311143,133.1404571533203,1
2022-06-15,AAPL,133.1404571533203,133.66936340332032,140.08897399902344,44.48515469366517,0.020111486917005594,0.025862546525959193,127.86124420166016,0
2022-06-16,AAPL,127.86124420166016,131.19589385986328,139.56006965637206,34.624833409821804,-0.03965145579739737,0.02576314130681156,129.33587646484375,1
2022-06-17,AAPL,129.33587646484375,130.1007278442383,139.27546195983888,27.80855996272261,0.011533066742709153,0.025466869125088953,133.57301330566406,1
2022-06-21,AAPL,133.57301330566406,130.88523712158204,139.19091453552247,35.978008396485976,0.03276072313912115,0.028554427195586613,133.0618133544922,0
2022-06-22,AAPL,133.0618133544922,131.39448089599608,138.80947303771973,35.63591721439768,-0.003827120003664697,0.027289933081843312,135.93246459960938,1
2022-06-23,AAPL,135.93246459960938,131.9528823852539,138.70674095153808,36.607765542051645,0.021573817256416383,0.028968541335047567,139.26513671875,1
2022-06-24,AAPL,139.26513671875,134.23366088867186,138.7627758026123,46.4481551809884,0.02451711685620528,0.028412755023125243,139.26513671875,0
2022-06-27,AAPL,139.26513671875,136.21951293945312,138.6585666656494,45.50280582320703,0.0,0.02505338354359962,135.11647033691406,0
2022-06-28,AAPL,135.11647033691406,136.52820434570313,138.05888023376465,37.998704604722164,-0.02978969812246901,0.02357818360569979,136.876220703125,1
2022-06-29,AAPL,136.876220703125,137.29108581542968,137.58650398254395,41.1572604675344,0.013023951571728976,0.023731545152255035,134.40866088867188,0
2022-06-30,AAPL,134.40866088867188,136.9863250732422,136.9971393585205,43.629949831332056,-0.018027673483220208,0.024099457428334976,136.58126831054688,1
2022-07-01,AAPL,136.58126831054688,136.44955139160157,136.3935176849365,53.03987955228035,0.016164192154808577,0.019633710201407927,139.16683959960938,1
2022-07-05,AAPL,139.16683959960938,136.42989196777344,136.20574760437012,64.41864723988353,0.018930643426034344,0.01996866247720612,140.50384521484375,1
2022-07-06,AAPL,140.50384521484375,137.5073669433594,136.04746894836427,64.82097566738068,0.009607214039501155,0.017959721723569147,143.87583923339844,1
2022-07-07,AAPL,143.87583923339844,138.90729064941405,135.93146324157715,65.34021023016763,0.02399930061272415,0.018548730357471076,144.55418395996094,1
2022-07-08,AAPL,144.55418395996094,140.93639526367187,135.88624153137206,77.39543115561648,0.004714792491754549,0.017933879029517426,142.42088317871094,0
2022-07-11,AAPL,142.42088317871094,142.10431823730468,135.99585609436036,71.3405247800282,-0.014757793394903684,0.0178045875771354,143.39413452148438,1
2022-07-12,AAPL,143.39413452148438,142.94977722167968,136.42497749328612,67.72936701454485,0.00683362805405574,0.017833931031108564,143.03042602539062,0
2022-07-13,AAPL,143.03042602539062,143.45509338378906,137.0939754486084,68.15688824312585,-0.0025364251983350794,0.013903827937677173,145.96002197265625,1
2022-07-14,AAPL,145.96002197265625,143.87192993164064,137.8661968231201,67.98599812051924,0.02048232693333074,0.014521027844807804,147.6312713623047,1
2022-07-15,AAPL,147.6312713623047,144.4873474121094,138.59073753356932,65.7879412255111,0.01145004890422352,0.011696753905803145,144.58370971679688,0
2022-07-18,AAPL,144.58370971679688,144.91991271972657,139.42686080932617,59.350418983453075,-0.020643063067774636,0.014754347176172106,148.4472198486328,1
2022-07-19,AAPL,148.4472198486328,145.93052978515624,140.38242797851564,73.07987530283522,0.026721614346481903,0.015699686368981197,150.45272827148438,1
2022-07-20,AAPL,150.45272827148438,147.414990234375,141.22641372680664,73.14265540863457,0.013509908942023419,0.01583105933984744,152.7237091064453,1
2022-07-21,AAPL,152.7237091064453,148.76772766113282,142.2095085144043,81.53411185530098,0.01509431474624412,0.014995598942073685,151.48497009277344,0
2022-07-22,AAPL,151.48497009277344,149.53846740722656,142.9871337890625,76.67166851734596,-0.008110980416331404,0.015659785289408843,150.36428833007812,0
2022-07-25,AAPL,150.36428833007812,150.6945831298828,143.5420913696289,71.2437198133977,-0.007397973290742765,0.01478686468364204,149.03709411621094,0
2022-07-26,AAPL,149.03709411621094,150.81255798339845,144.03068923950195,66.35335590358702,-0.008826525424399656,0.015449100987290762,154.13934326171875,1
2022-07-27,AAPL,154.13934326171875,151.5498809814453,144.9818328857422,68.11661179019387,0.034234759982165075,0.01790767857953731,154.6898956298828,1
2022-07-28,AAPL,154.6898956298828,151.9431182861328,145.87251663208008,67.92892687194171,0.003571783533742323,0.017351208621410513,159.76266479492188,1
2022-07-29,AAPL,159.76266479492188,153.5986572265625,147.14021682739258,77.60908486922371,0.03279315138447281,0.019304253826060484,158.77955627441406,0
2022-08-01,AAPL,158.77955627441406,155.28171081542968,148.25013122558593,74.62797752057783,-0.006153556100042312,0.017352704443116145,157.30491638183594,0
2022-08-02,AAPL,157.30491638183594,156.93527526855468,149.15703506469725,72.31987194199945,-0.00928734106064355,0.017126673235884907,163.32147216796875,1
2022-08-03,AAPL,163.32147216796875,158.77170104980468,150.29791641235352,74.40317494704374,0.038247728834669426,0.019902707815897546,163.00685119628906,0
2022-08-04,AAPL,163.00685119628906,160.43509216308593,151.25446701049805,72.47656268958629,-0.001926390740319306,0.01999575781716049,162.7804718017578,0
2022-08-05,AAPL,162.7804718017578,161.0386535644531,152.1657814025879,79.20942187590622,-0.0013887722685879123,0.019550000799465315,162.30787658691406,0
2022-08-08,AAPL,162.30787658691406,161.74431762695312,153.16013107299804,74.9273883173059,-0.0029032672630369127,0.019221225323862653,162.3571319580078,1
2022-08-09,AAPL,162.3571319580078,162.7547607421875,154.10828094482423,72.9823701539001,0.0003034687664549285,0.018546818391447194,166.60997009277344,1
2022-08-10,AAPL,166.60997009277344,163.41246032714844,155.28725814819336,74.6361493532833,0.026194341347847816,0.01746174838026949,165.8716583251953,0
2022-08-11,AAPL,165.8716583251953,163.98542175292968,156.2828399658203,76.18197087488534,-0.004431378069193692,0.017863247172055077,169.425537109375,1
2022-08-12,AAPL,169.425537109375,165.31443481445314,157.37255325317383,81.78432992220866,0.021425473284967245,0.016347061072854607,170.49856567382812,1
2022-08-15,AAPL,170.49856567382812,166.95257263183595,158.66829605102538,86.20959725652337,0.006333334293993742,0.01578201169372477,170.34109497070312,0
2022-08-16,AAPL,170.34109497070312,168.549365234375,159.76298980712892,82.67020344349874,-0.0009235896061803306,0.015010601134422298,171.83749389648438,1
2022-08-17,AAPL,171.83749389648438,169.5948699951172,160.8322280883789,83.23097989306864,0.008784720598623785,0.010709460139005669,171.4436492919922,0
2022-08-18,AAPL,171.4436492919922,170.70926818847656,161.76822509765626,77.5594828336769,-0.0022919596623623972,0.010736876112314471,168.8545684814453,0
2022-08-19,AAPL,168.8545684814453,170.59507446289064,162.63670501708984,72.58605600567654,-0.015101643141865906,0.012405210717003508,164.9659423828125,0
2022-08-22,AAPL,164.9659423828125,169.4885498046875,163.36678771972657,66.07869164714094,-0.023029439674651875,0.01497006135451169,164.63121032714844,0
2022-08-23,AAPL,164.63121032714844,168.34657287597656,164.14649353027343,53.85069846103516,-0.0020290979509413054,0.015012806621913975,164.9265594482422,1
2022-08-24,AAPL,164.9265594482422,166.96438598632812,164.68585433959962,55.445860978910275,0.0017940044327369176,0.012287571294756248,167.3876953125,1
2022-08-25,AAPL,167.3876953125,166.1531951904297,165.32074432373048,61.13203718956601,0.01492261690592156,0.013170270265519307,161.07730102539062,0
2022-08-26,AAPL,161.07730102539062,164.59774169921874,165.3864761352539,48.26083649327972,-0.03769927219159297,0.015953395989973532,158.87216186523438,0
2022-08-29,AAPL,158.87216186523438,163.3789855957031,165.39110641479493,44.47473959795699,-0.013689943561996043,0.015636912570114746,156.4405059814453,0
2022-08-30,AAPL,156.4405059814453,161.7408447265625,165.3478858947754,31.747402611015374,-0.015305739251233685,0.015684788890449223,154.77679443359375,0
2022-08-31,AAPL,154.77679443359375,159.7108917236328,164.92065200805663,30.61532766075932,-0.01063478756613645,0.01448162515852636,155.50526428222656,1
2022-09-01,AAPL,155.50526428222656,157.33440551757812,164.54557266235352,23.238165681264476,0.004706583123772923,0.015069171691768753,153.38870239257812,0
2022-09-02,AAPL,153.38870239257812,155.79668579101562,164.07598419189452,18.360770100356604,-0.013610869698964634,0.0150160509299052,152.1285858154297,0
2022-09-06,AAPL,152.1285858154297,154.44797058105468,163.5670196533203,17.58156790804172,-0.00821518506573804,0.014238985828603643,153.53636169433594,1
2022-09-07,AAPL,153.53636169433594,153.8671417236328,163.12598114013673,17.805994420317845,0.009253855029022873,0.015178618111188667,152.05970764160156,0
2022-09-08,AAPL,152.05970764160156,153.32372436523437,162.39846801757812,17.079753439177196,-0.009617617849211113,0.01488280492022557,154.92446899414062,1
2022-09-09,AAPL,154.92446899414062,153.2075653076172,161.8511085510254,27.006879440899908,0.01883971366886472,0.015587689394548954,160.89027404785156,1
2022-09-12,AAPL,160.89027404785156,154.70787963867187,161.42434539794922,44.27192748254788,0.038507829605254784,0.017718761461745773,151.44927978515625,0
2022-09-13,AAPL,151.44927978515625,154.5720184326172,160.4718811035156,34.45490118436031,-0.05867970776087683,0.025562951265772602,152.89646911621094,1
2022-09-14,AAPL,152.89646911621094,154.44403991699218,159.59964981079102,36.387495327323265,0.009555603916424404,0.0256015495545884,150.00213623046875,0
2022-09-15,AAPL,150.00213623046875,154.03252563476562,158.50788192749025,30.258024965555364,-0.018930017824952627,0.02604336940870811,148.35812377929688,0
2022-09-16,AAPL,148.35812377929688,152.71925659179686,157.35360565185547,33.62207860418141,-0.010959926921613627,0.026011558827852166,152.07937622070312,1
2022-09-19,AAPL,152.07937622070312,150.9570770263672,156.51484603881835,42.05888820505306,0.025082903090242192,0.027331259069354852,154.4617462158203,1
2022-09-20,AAPL,154.4617462158203,151.5595703125,155.98963623046876,48.208924349304425,0.015665306199440288,0.027625513798682784,151.33116149902344,0
2022-09-21,AAPL,151.33116149902344,151.2465087890625,155.3246337890625,46.43570873558633,-0.020267702479698113,0.028317704246520158,150.36639404296875,0
2022-09-22,AAPL,150.36639404296875,151.3193603515625,154.59662551879882,44.35595839043406,-0.00637520684106363,0.028227509598732773,148.09228515625,0
2022-09-23,AAPL,148.09228515625,151.2661926269531,153.63185501098633,44.102796346646315,-0.015123784148663555,0.02764499513575368,148.4270477294922,1
2022-09-26,AAPL,148.4270477294922,150.53572692871094,152.9993423461914,45.98867483929502,0.0022604997477686517,0.023494798261057992,149.40164184570312,1
2022-09-27,AAPL,149.40164184570312,149.5237060546875,152.52581634521485,45.422573214088175,0.006566149034959778,0.015481223470037964,147.511474609375,0
2022-09-28,AAPL,147.511474609375,148.7597686767578,152.07936477661133,44.8914418869801,-0.012651582760249913,0.015350777615198864,140.2658233642578,0
2022-09-29,AAPL,140.2658233642578,146.73965454101562,151.35381622314452,33.697952472512966,-0.04911923810879382,0.0207480060812864,136.05238342285156,0
2022-09-30,AAPL,136.05238342285156,144.33167419433593,150.38117218017578,21.022175562247284,-0.03003896345059287,0.02204138557722407,140.23629760742188,1
2022-10-03,AAPL,140.23629760742188,142.6935241699219,149.72355194091796,35.47779797012896,0.03075222998164384,0.023048220289115136,143.82958984375,1
2022-10-04,AAPL,143.82958984375,141.57911376953126,149.308602142334,39.325785338646,0.02562312537933087,0.024354362620006596,144.12493896484375,1
2022-10-05,AAPL,144.12493896484375,140.901806640625,148.83803100585936,42.76694276370573,0.002053465642324337,0.024007100650166504,143.16998291015625,0
2022-10-06,AAPL,143.16998291015625,141.48263854980468,148.3935447692871,43.51371538215539,-0.006625890436078086,0.024009284895142206,137.9130096435547,0
2022-10-07,AAPL,137.9130096435547,141.85476379394532,147.5429718017578,31.91205259645696,-0.03671840395413384,0.02595061126232922,138.2378387451172,1
2022-10-10,AAPL,138.2378387451172,141.45507202148437,146.41035003662108,28.236053997402266,0.0023553187795846142,0.02595430259438401,136.82025146484375,0
2022-10-11,AAPL,136.82025146484375,140.05320434570314,145.67889862060548,29.431426253374738,-0.010254697940461743,0.025534898561741775,136.190185546875,0
2022-10-12,AAPL,136.190185546875,138.46625366210938,144.84358444213868,29.653356811075227,-0.004605063294527367,0.0255149968376957,140.76795959472656,1
2022-10-13,AAPL,140.76795959472656,137.98584899902343,144.38187561035156,40.76165200862256,0.03361309795907386,0.023941850249687903,136.2295379638672,0
2022-10-14,AAPL,136.2295379638672,137.64915466308594,143.77544631958008,35.648687189529895,-0.03224044479955224,0.024263007333072253,140.19692993164062,1
2022-10-17,AAPL,140.19692993164062,138.0409729003906,143.18132400512695,40.39582493209066,0.029122846829486626,0.024040948627023256,141.51609802246094,1
2022-10-18,AAPL,141.51609802246094,138.98014221191406,142.53404159545897,43.93895285254015,0.009409393568486468,0.022644456200260496,141.62440490722656,1
2022-10-19,AAPL,141.62440490722656,140.06698608398438,142.04870376586913,52.59883189606177,0.0007653326107708303,0.022626354159073953,141.16168212890625,0
2022-10-20,AAPL,141.16168212890625,140.1457305908203,141.588468170166,58.79109204088061,-0.0032672531166039187,0.022566955733407734,144.98141479492188,1
2022-10-21,AAPL,144.98141479492188,141.89610595703124,141.43292465209962,58.11083541467607,0.02705927421952592,0.020307032565380807,147.12754821777344,1
2022-10-24,AAPL,147.12754821777344,143.2822296142578,141.36794967651366,55.981817607121236,0.014802817491381903,0.020494208015144594,149.97262573242188,1
2022-10-25,AAPL,149.97262573242188,144.97353515625,141.3964988708496,59.287144474336124,0.019337490151315917,0.01994476880506969,147.02908325195312,0
2022-10-26,AAPL,147.02908325195312,146.05447082519532,141.37237930297852,56.11741541711666,-0.019627198404331248,0.021612770615072108,142.54977416992188,0
2022-10-27,AAPL,142.54977416992188,146.33208923339845,141.48657684326173,57.59846572672822,-0.030465462906786867,0.022617176364171036,153.31980895996094,1
2022-10-28,AAPL,153.31980895996094,147.99976806640626,142.34994812011718,67.60637769225772,0.07555280148813837,0.029419412232888638,150.9570770263672,0
2022-10-31,AAPL,150.9570770263672,148.765673828125,142.88598709106446,66.50080511084852,-0.015410480547955574,0.02995050822115407,148.30886840820312,0
2022-11-01,AAPL,148.30886840820312,148.43292236328125,143.1099510192871,63.879459575089996,-0.017542792099117688,0.030985957709894634,142.77622985839844,0
2022-11-02,AAPL,142.77622985839844,147.5823516845703,143.04251556396486,53.041723005714,-0.037304839617390506,0.033792127201191055,136.7218017578125,0
2022-11-03,AAPL,136.7218017578125,146.41675720214843,142.72010650634766,51.46560833584699,-0.04240501452230916,0.03653660947503144,136.45553588867188,0
2022-11-04,AAPL,136.45553588867188,143.0439025878906,142.64723281860353,46.658684846787615,-0.001947501171848831,0.03504110069437569,136.988037109375,1
2022-11-07,AAPL,136.988037109375,140.25009460449218,142.5847427368164,45.70923341000024,0.0039023790221128785,0.0345047578435363,137.55995178222656,1
2022-11-08,AAPL,137.55995178222656,138.10031127929688,142.62172775268556,46.30101473350381,0.004174924211775677,0.033558954974214156,132.99435424804688,0
2022-11-09,AAPL,132.99435424804688,136.14393615722656,142.46193618774413,42.258542295525736,-0.03318987448765287,0.034341202165407106,144.8274688720703,1
2022-11-10,AAPL,144.8274688720703,137.76506958007812,142.66491165161133,51.093791833319976,0.08897456355142386,0.04526006575832271,147.61810302734375,1
2022-11-11,AAPL,147.61810302734375,139.9975830078125,143.23433990478514,51.6276619339346,0.019268680016347517,0.0380959958414925,146.21786499023438,0
2022-11-14,AAPL,146.21786499023438,141.8435485839844,143.53538665771484,48.058197464980815,-0.009485544173738703,0.03792980298407369,147.95338439941406,1
2022-11-15,AAPL,147.95338439941406,143.92223510742187,143.8572509765625,52.042332802150405,0.011869407403094057,0.037778566798620586,146.7207489013672,0
2022-11-16,AAPL,146.7207489013672,146.66751403808593,144.11206817626953,55.16101455174667,-0.00833124232372584,0.03561591609354084,148.62393188476562,1
2022-11-17,AAPL,148.62393188476562,147.426806640625,144.4851806640625,46.01408400733414,0.012971464483716888,0.03182634990008826,149.1859893798828,1
2022-11-18,AAPL,149.1859893798828,147.74038391113282,144.69540939331054,49.10830745032582,0.0037817428726953928,0.03166211045545435,145.9516143798828,0
2022-11-21,AAPL,145.9516143798828,147.6871337890625,144.63661270141603,48.42943221477498,-0.021680152495849203,0.033153487669892776,148.09144592285156,1
2022-11-22,AAPL,148.09144592285156,147.71474609375,144.5425537109375,57.69311769991469,0.014661239288516592,0.03322574824130963,148.96905517578125,1
2022-11-23,AAPL,148.96905517578125,148.1644073486328,144.6395523071289,68.92370989939678,0.005926130624633652,0.029998731073866053,146.0502471923828,0
2022-11-25,AAPL,146.0502471923828,147.64967041015626,144.81457595825196,64.20621934787138,-0.01959338454522841,0.01471694818714957,142.21432495117188,0
2022-11-28,AAPL,142.21432495117188,146.25533752441407,144.2593017578125,57.68874510131486,-0.02626440088223969,0.015441659645364777,139.2067413330078,0
2022-11-29,AAPL,139.2067413330078,144.90636291503907,143.67178497314453,52.98849108807164,-0.02114824662843695,0.016348175327211324,145.9713592529297,1
2022-11-30,AAPL,145.9713592529297,144.4823455810547,143.55490951538087,65.92452445069162,0.04859403973647858,0.02319515198415015,146.24745178222656,1
2022-12-01,AAPL,146.24745178222656,143.93802490234376,143.72847061157228,52.76340424973023,0.0018914157592961889,0.023066359382295586,145.75439453125,0
2022-12-02,AAPL,145.75439453125,143.87885437011718,144.18010025024415,47.57146914863356,-0.0033713903727413674,0.022612925116515192,144.59080505371094,0
2022-12-05,AAPL,144.59080505371094,144.354150390625,144.58686370849608,47.91495260819286,-0.007983220549069525,0.022600908749907746,140.9225616455078,0
2022-12-06,AAPL,140.9225616455078,144.697314453125,144.78358993530273,39.63842641892391,-0.025369824912728656,0.022968748958520076,138.97996520996094,0
2022-12-07,AAPL,138.97996520996094,143.29903564453124,144.85459060668944,38.68621516498842,-0.013784850437458696,0.02225215738569625,140.6661376953125,1
2022-12-08,AAPL,140.6661376953125,142.18277282714843,145.23817977905273,38.458784059848824,0.012132486022745859,0.022707069820959727,140.1829833984375,0
2022-12-09,AAPL,140.1829833984375,141.06849060058593,145.0059555053711,36.84331782910235,-0.003434759102588947,0.022160272619539432,142.48057556152344,1
2022-12-12,AAPL,142.48057556152344,140.64644470214844,144.74907913208008,45.158630834866415,0.01638995053026915,0.021465855991954736,143.44692993164062,1
2022-12-13,AAPL,143.44692993164062,141.151318359375,144.61053237915038,43.1268644087137,0.006782358692114521,0.020127134608466126,141.2183837890625,0
2022-12-14,AAPL,141.2183837890625,141.5990020751953,144.2737823486328,38.59626802928463,-0.015535683779639875,0.013008912439498503,134.60166931152344,0
2022-12-15,AAPL,134.60166931152344,140.3861083984375,143.66782836914064,34.3797543813172,-0.046854483814390835,0.018745361874985527,132.6393585205078,0
2022-12-16,AAPL,132.6393585205078,138.87738342285155,142.86859970092775,36.06884784178078,-0.014578651223663752,0.018766057690208518,130.52911376953125,0
2022-12-19,AAPL,130.52911376953125,136.48709106445312,141.93575592041014,36.88114383423216,-0.01590964231518277,0.018874924635061918,130.46009826660156,0
2022-12-20,AAPL,130.46009826660156,133.8897247314453,141.1611801147461,20.15536241762348,-0.0005287364706355602,0.018254194906943473,133.56626892089844,1
2022-12-21,AAPL,133.56626892089844,132.3593017578125,140.43492126464844,28.631503108233332,0.023809353937088495,0.020550224979064204,130.39105224609375,0
2022-12-22,AAPL,130.39105224609375,131.51717834472657,139.50602111816406,26.05678696122439,-0.0237725939375093,0.02059909183480267,130.02621459960938,0
2022-12-23,AAPL,130.02621459960938,130.9945495605469,138.7048194885254,26.666262910159176,-0.002798026706585688,0.020613563467036095,128.22169494628906,0
2022-12-27,AAPL,128.22169494628906,130.53306579589844,138.00518798828125,28.124187612119556,-0.013878121876246152,0.01889954901129011,124.28714752197266,0
2022-12-28,AAPL,124.28714752197266,129.29847564697266,137.2592082977295,26.031112605974172,-0.030685504710919242,0.018844787999072972,127.80752563476562,1
2022-12-29,AAPL,127.80752563476562,128.1467269897461,136.35101661682128,30.954235408201768,0.028324554734596274,0.02309207128336855,128.12301635742188,1
2022-12-30,AAPL,128.12301635742188,127.69311981201172,135.44479484558104,32.09637404233321,0.0024684831436125876,0.01921304675018373,123.33064270019531,0
2023-01-03,AAPL,123.33064270019531,126.3540054321289,134.32360725402833,23.310899593653744,-0.037404471058169464,0.021704217738957327,124.60271453857422,1
2023-01-04,AAPL,124.60271453857422,125.63020935058594,133.32420272827147,24.325889963147077,0.010314321003509042,0.022093883569775426,123.28132629394531,0
2023-01-05,AAPL,123.28132629394531,125.42904510498047,132.44214096069337,24.783825506156376,-0.01060481105505795,0.02212669005310757,127.81736755371094,1
2023-01-06,AAPL,127.81736755371094,125.43101348876954,131.88401107788087,40.38207389487097,0.03679422825927525,0.024306397411267073,128.33998107910156,1
2023-01-09,AAPL,128.33998107910156,125.47440643310547,131.2677032470703,43.83088290408911,0.004088752063924339,0.02338322288201991,128.9119110107422,1
2023-01-10,AAPL,128.9119110107422,126.59066009521484,130.70414962768555,47.95235752859282,0.004456366027419945,0.023445343661021502,131.633544921875,1
2023-01-11,AAPL,131.633544921875,127.996826171875,130.16179809570312,52.43997733214964,0.02111235408577583,0.023853080157298225,131.55467224121094,0
2023-01-12,AAPL,131.55467224121094,129.65149536132813,129.56718521118165,47.31993576343366,-0.000599183746900378,0.020857402348297457,132.88589477539062,1
2023-01-13,AAPL,132.88589477539062,130.66520080566406,129.15056076049805,55.08033042468237,0.010119158153036434,0.01942763837462524,134.04946899414062,1
2023-01-17,AAPL,134.04946899414062,131.80709838867188,129.1229507446289,57.573159127711016,0.008756190570238687,0.01947158430391667,133.32965087890625,0
2023-01-18,AAPL,133.32965087890625,132.69064636230468,129.15746536254883,59.89364935281678,-0.005369794603705902,0.013491004298003494,133.38877868652344,1
2023-01-19,AAPL,133.38877868652344,133.04169311523438,129.30044860839843,70.15402933445176,0.00044347080508666537,0.013655384375517412,135.95262145996094,1
2023-01-20,AAPL,135.95262145996094,133.92128295898436,129.5750747680664,68.57204550919501,0.01922082800879954,0.012620440638771725,139.14761352539062,1
2023-01-23,AAPL,139.14761352539062,135.1736267089844,129.85414199829103,72.00075052687156,0.02350077571965503,0.009874485469729532,140.54782104492188,1
2023-01-24,AAPL,140.54782104492188,136.47329711914062,130.36198043823242,89.9821668561038,0.010062749076725996,0.009753019317249617,139.8871612548828,0
2023-01-25,AAPL,139.8871612548828,137.78479919433593,130.8550277709961,86.6892923203374,-0.00470060499783842,0.010634786395104115,141.9579620361328,1
2023-01-26,AAPL,141.9579620361328,139.4986358642578,131.54184112548828,93.49525200636984,0.014803365531715018,0.00995251067929846,143.90054321289062,1
2023-01-27,AAPL,143.90054321289062,141.08822021484374,132.52251091003419,92.42849606548846,0.013684200230088983,0.009661979837746469,141.01129150390625,0
2023-01-30,AAPL,141.01129150390625,141.46095581054686,133.1826992034912,80.40388304762237,-0.02007811537382409,0.01331842498239966,142.28334045410156,1
2023-01-31,AAPL,142.28334045410156,141.8080596923828,133.8907154083252,80.95783252973796,0.009020901352145172,0.013324701971611388,143.407470703125,1
2023-02-01,AAPL,143.407470703125,142.51212158203126,134.8945568084717,79.26095158310551,0.007900645609216994,0.012706511459180378,148.72254943847656,1
2023-02-02,AAPL,148.72254943847656,143.8650390625,136.1005485534668,83.67911254341361,0.03706277440981132,0.015461518019863804,152.3513641357422,1
2023-02-03,AAPL,152.3513641357422,145.55520324707032,137.55405044555664,84.85031477442469,0.024399895718347553,0.015847625661460293,149.619873046875,0
2023-02-06,AAPL,149.619873046875,147.27691955566405,138.64417572021483,76.90551102573123,-0.01792889157483013,0.017689183445345293,152.499267578125,1
2023-02-07,AAPL,152.499267578125,149.32010498046876,139.852140045166,80.76683273733738,0.019244733153515714,0.01807553525013536,149.80723571777344,0
2023-02-08,AAPL,149.80723571777344,150.60005798339844,140.89690628051758,74.77218759736478,-0.017652752718779086,0.019520182827801658,148.77183532714844,0
2023-02-09,AAPL,148.77183532714844,150.60991516113282,141.75382080078126,70.35851695026807,-0.006911551272300476,0.01976755621340259,149.13723754882812,1
2023-02-10,AAPL,149.13723754882812,149.96708984375,142.6329490661621,67.32902456478526,0.0024561249841152932,0.019528981775981065,151.9420623779297,1
2023-02-13,AAPL,151.9420623779297,150.43152770996093,143.58575744628905,68.659941336203,0.018807005381088926,0.018074082687124692,151.30007934570312,0
2023-02-14,AAPL,151.30007934570312,150.19169006347656,144.4482879638672,68.81235064886117,-0.004225183087417483,0.018443243378659113,153.4036865234375,1
2023-02-15,AAPL,153.4036865234375,150.91098022460938,145.45198974609374,68.68076855772256,0.013903543123251705,0.018597622044685715,151.8037872314453,0
2023-02-16,AAPL,151.8037872314453,151.51737060546876,146.37274017333985,63.229546130141976,-0.010429340573557488,0.015913955385425532,150.65814208984375,0
2023-02-17,AAPL,150.65814208984375,151.82155151367186,147.10801620483397,67.24161406555145,-0.0075468811582076745,0.014052453183601358,146.6386260986328,0
2023-02-21,AAPL,146.6386260986328,150.7608642578125,147.4825668334961,57.5297555430275,-0.02667971299429628,0.01542706831329154,147.0633087158203,1
2023-02-22,AAPL,147.0633087158203,149.91351013183595,147.808341217041,56.518339435320975,0.002896116995134923,0.013707313472042598,147.54722595214844,1
2023-02-23,AAPL,147.54722595214844,148.74221801757812,148.19134445190429,48.19235453373554,0.003290536848067349,0.012886537068998328,144.8905792236328,0
2023-02-24,AAPL,144.8905792236328,147.3595764160156,148.3379753112793,35.65057615629176,-0.018005399365334185,0.013850974633351403,146.08558654785156,1
2023-02-27,AAPL,146.08558654785156,146.4450653076172,148.44722747802734,42.94896831627138,0.008247653716493941,0.014200382571346119,145.58189392089844,0
2023-02-28,AAPL,145.58189392089844,146.2337188720703,148.67575759887694,34.32599913324201,-0.003447928292283242,0.012182156649218144,143.50794982910156,0
2023-03-01,AAPL,143.50794982910156,145.52264709472655,148.73698806762695,35.154842217225095,-0.014245893056754388,0.012589806990197249,144.1005401611328,1
2023-03-02,AAPL,144.1005401611328,144.83330993652345,148.77164154052736,38.84755079934053,0.004129320589813634,0.011249852604150134,149.1570281982422,1
2023-03-03,AAPL,149.1570281982422,145.6865997314453,148.79336547851562,50.52175542075575,0.03509000057498213,0.017051915918414758,151.92227172851562,1
2023-03-06,AAPL,151.92227172851562,146.85393676757812,148.77191085815429,50.444103669531074,0.018539143369082023,0.01801389035606252,149.7199249267578,0
2023-03-07,AAPL,149.7199249267578,147.68154296875,148.77691345214845,47.5806889331416,-0.014496536792797499,0.016262051881885238,150.9741668701172,1
2023-03-08,AAPL,150.9741668701172,149.17478637695314,148.70065841674804,45.92933007687568,0.008377254690536073,0.016380075515264755,148.7224578857422,0
2023-03-09,AAPL,148.7224578857422,150.099169921875,148.64641952514648,44.784283432660956,-0.014914531611968651,0.017298951035486905,146.6583709716797,0
2023-03-10,AAPL,146.6583709716797,149.5994384765625,148.54074630737304,43.26166997239161,-0.013878784303364977,0.016840273899615975,148.6039581298828,1
2023-03-13,AAPL,148.6039581298828,148.93577575683594,148.5140823364258,54.29539615504579,0.013266117339997052,0.017141087170828028,150.6976776123047,1
2023-03-14,AAPL,150.6976776123047,149.1313262939453,148.45186309814454,57.07543415630284,0.0140892578419205,0.017434368876287767,151.09268188476562,1
2023-03-15,AAPL,151.09268188476562,149.155029296875,148.44149322509764,56.91872608153333,0.002621170270965534,0.016295186803347517,153.917236328125,1
2023-03-16,AAPL,153.917236328125,150.19398498535156,148.46717071533203,66.86349700008564,0.018694184312074036,0.01682305126002565,153.07777404785156,0
2023-03-17,AAPL,153.07777404785156,151.47786560058594,148.53087005615234,63.34354337492051,-0.005453984883693308,0.013854889082901877,155.44801330566406,1
2023-03-20,AAPL,155.44801330566406,152.8466766357422,148.77036361694337,67.41012121000689,0.015483888974447524,0.013495438334479632,157.30470275878906,1
2023-03-21,AAPL,157.30470275878906,154.16808166503907,149.30366744995118,74.47676013516076,0.01194411825305286,0.012364595561195877,155.8726806640625,0
2023-03-22,AAPL,155.8726806640625,155.12408142089845,149.74413604736327,70.47889172681988,-0.009103491946597542,0.01305413316221469,156.9590301513672,1
2023-03-23,AAPL,156.9590301513672,155.73244018554686,150.21472625732423,65.53257881149582,0.006969466892315701,0.01139493853268685,158.26266479492188,1
2023-03-24,AAPL,158.26266479492188,156.76941833496093,150.88333053588866,63.294454280534026,0.008305572749127466,0.00914909848472911,156.31710815429688,0
2023-03-27,AAPL,156.31710815429688,156.9432373046875,151.39490661621093,64.19189714766263,-0.012293212951684285,0.010831199494174588,155.69491577148438,0
2023-03-28,AAPL,155.69491577148438,156.62127990722655,151.90055770874022,60.51318904193148,-0.003980321732911962,0.010675814432506538,158.7762451171875,1
2023-03-29,AAPL,158.7762451171875,157.20199279785157,152.66397247314453,71.31677217650592,0.019790815457491506,0.011865543736655876,160.3465118408203,1
2023-03-30,AAPL,160.3465118408203,157.87948913574218,153.4762710571289,79.70112984367685,0.009889808909852027,0.01103719314323649,162.85499572753906,1
2023-03-31,AAPL,162.85499572753906,158.79795532226564,154.16116943359376,80.01404420619136,0.015644143785360276,0.011012720929266487,164.10926818847656,1
2023-04-03,AAPL,164.10926818847656,160.35638732910155,154.7705192565918,79.15075344262155,0.00770177454694676,0.01055431298959695,163.57594299316406,0
2023-04-04,AAPL,163.57594299316406,161.9325927734375,155.46332015991212,77.0506507889551,-0.00324981764405885,0.010614925091084781,161.72914123535156,0
2023-04-05,AAPL,161.72914123535156,162.5231719970703,156.00106887817384,67.84491439068765,-0.011290179497175035,0.010931897215521553,162.6179962158203,1
2023-04-06,AAPL,162.6179962158203,162.97746887207032,156.69584579467772,71.71864150611454,0.005495948186451161,0.01089352565762545,160.0205841064453,0
2023-04-10,AAPL,160.0205841064453,162.41058654785155,157.36395645141602,60.53868864957849,-0.015972476416003856,0.012338232014118412,158.80584716796875,0
2023-04-11,AAPL,158.80584716796875,161.34990234375,157.87405090332032,53.7576574551269,-0.0075911292616487325,0.011847839644015467,158.1145477294922,0
2023-04-12,AAPL,158.1145477294922,160.25762329101562,158.2448944091797,55.68456924085934,-0.004353110737448929,0.011868071434921084,163.50680541992188,1
2023-04-13,AAPL,163.50680541992188,160.6131561279297,158.8656005859375,63.21583692379957,0.03410348869134383,0.014804494568895026,163.1611785888672,0
2023-04-14,AAPL,163.1611785888672,160.72179260253907,159.32779769897462,60.35442213636967,-0.0021138375871697646,0.014673253094781236,163.180908203125,1
2023-04-17,AAPL,163.180908203125,161.353857421875,159.83295440673828,65.63931555590668,0.00012092100846805565,0.013848244114239936,164.40553283691406,1
2023-04-18,AAPL,164.40553283691406,162.47379455566406,160.28083038330078,69.22393524884501,0.007504705343744478,0.013836652472072136,165.55116271972656,1
2023-04-19,AAPL,165.55116271972656,163.96111755371095,160.69315338134766,66.23433662168958,0.006968317081815778,0.013925224246250669,164.58331298828125,0
2023-04-20,AAPL,164.58331298828125,164.17641906738282,161.1286849975586,60.598364617824295,-0.005846227326617215,0.013478121272874533,162.97354125976562,0
2023-04-21,AAPL,162.97354125976562,164.1388916015625,161.4294105529785,50.69515528666924,-0.009780892724101653,0.013876534791371728,163.27967834472656,1
2023-04-24,AAPL,163.27967834472656,164.1586456298828,161.68026123046874,48.225735075308755,0.0018784465416565865,0.012643463293204014,161.73902893066406,0
2023-04-25,AAPL,161.73902893066406,163.6253448486328,161.95135726928712,45.789612924456605,-0.009435647042430939,0.01281269808518878,161.72914123535156,0
2023-04-26,AAPL,161.72914123535156,162.8609405517578,162.25306854248046,50.41238365208431,-6.113363841664388e-05,0.012650647801547302,166.3214569091797,1
2023-04-27,AAPL,166.3214569091797,163.2085693359375,162.63032913208008,58.87844667736252,0.02839510331131545,0.011090386291220175,167.57569885253906,1
2023-04-28,AAPL,167.57569885253906,164.12900085449218,162.991788482666,68.82748727430996,0.007541071168251312,0.011135553652796096,167.48684692382812,0
2023-05-01,AAPL,167.48684692382812,164.9704345703125,163.22338104248047,72.9240212048133,-0.0005302196518907065,0.01115438299380637,166.4498748779297,0
2023-05-02,AAPL,166.4498748779297,165.91260375976563,163.3404113769531,71.81128542779626,-0.006191364067950067,0.011333291229607032,165.3733673095703,0
2023-05-03,AAPL,165.3733673095703,166.64144897460938,163.43028259277344,56.453236490539446,-0.006467457960835699,0.011382124965909282,163.7339630126953,0
2023-05-04,AAPL,163.7339630126953,166.1239501953125,163.53052368164063,52.077936098690714,-0.009913351366947265,0.011680998736069233,171.41749572753906,1
2023-05-05,AAPL,171.41749572753906,166.8923095703125,163.97049865722656,67.29108888153583,0.04692693301662776,0.018453196982519515,171.34835815429688,0
2023-05-08,AAPL,171.34835815429688,167.66461181640625,164.53688735961913,65.34857701471867,-0.0004033285689348798,0.01851303807758653,169.6398162841797,0
2023-05-09,AAPL,169.6398162841797,168.30260009765624,165.07858581542968,59.118295392221754,-0.00997115985540209,0.018560104539648625,171.40760803222656,1
2023-05-10,AAPL,171.40760803222656,169.5094482421875,165.7432388305664,64.33501414214751,0.010420853940831254,0.01854273016195216,171.59524536132812,1
2023-05-11,AAPL,171.59524536132812,171.08170471191406,166.1476608276367,69.13492869728802,0.0010946849515938162,0.01680420713305662,170.66563415527344,0
2023-05-12,AAPL,170.66563415527344,170.93133239746095,166.52288360595702,66.10547520514714,-0.005417464826004914,0.01693572473433388,170.171142578125,0
2023-05-15,AAPL,170.171142578125,170.69588928222657,166.87239532470704,69.27810255531702,-0.002897429113927763,0.016990773465501,170.171142578125,0
2023-05-16,AAPL,170.171142578125,170.80215454101562,167.1606758117676,69.3092049194015,0.0,0.016782055553145398,170.78431701660156,1
2023-05-17,AAPL,170.78431701660156,170.67749633789063,167.42233352661134,62.47772519641766,0.0036032809628403495,0.016494695827081803,173.11825561523438,1
2023-05-18,AAPL,173.11825561523438,170.9820983886719,167.84908065795898,64.43359209010032,0.01366600071601387,0.016068770349915176,173.22705078125,1
2023-05-19,AAPL,173.22705078125,171.4943817138672,168.36175613403321,64.91415850666542,0.0006284442136330615,0.00695829833433795,172.2776336669922,0
2023-05-22,AAPL,172.2776336669922,171.91567993164062,168.8116539001465,65.30878032819373,-0.005480767062511105,0.007256792278509122,169.66676330566406,0
2023-05-23,AAPL,169.66676330566406,171.81480407714844,169.2080406188965,60.790707487053965,-0.015155016386949383,0.00821493649518898,169.9436798095703,1
2023-05-24,AAPL,169.9436798095703,171.64667663574218,169.61876754760743,66.47398227537363,0.0016321199185451718,0.007412640705781434,171.0810089111328,1
2023-05-25,AAPL,171.0810089111328,171.23922729492188,169.85674514770508,48.97005843318575,0.006692388342049105,0.0077767669531345045,173.4940643310547,1
2023-05-26,AAPL,173.4940643310547,171.29263000488282,170.15266342163085,57.1177015797669,0.014104753270278714,0.00873332971189083,175.34341430664062,1
2023-05-30,AAPL,175.34341430664062,171.9057861328125,170.54549179077148,68.34352180226554,0.010659442342978886,0.008992311286883603,175.29397583007812,0
2023-05-31,AAPL,175.29397583007812,173.0312286376953,170.9876968383789,64.04957260218691,-0.00028195228636329617,0.009003320342634492,178.10263061523438,1
2023-06-01,AAPL,178.10263061523438,174.66301879882812,171.6241600036621,69.62577563786681,0.01602254026047545,0.009906037304474813,178.95314025878906,1
2023-06-02,AAPL,178.95314025878906,176.23744506835936,172.3851188659668,75.08860507226817,0.004775390686913017,0.009350314471642552,177.59828186035156,0
2023-06-05,AAPL,177.59828186035156,177.05828857421875,172.69415817260742,71.58882744933358,-0.0075710233219612455,0.009956314673084693,177.2323455810547,0
2023-06-06,AAPL,177.2323455810547,177.43607482910156,172.9883575439453,70.14739703838403,-0.002060471956505827,0.009705766132784862,175.85769653320312,0
2023-06-07,AAPL,175.85769653320312,177.54881896972657,173.29925155639648,64.02789611417668,-0.0077561973427863196,0.008367814017851407,178.57736206054688,1
2023-06-08,AAPL,178.57736206054688,177.64376525878907,173.6577392578125,64.62556668619673,0.015465149271020051,0.009112606789310211,178.9630584716797,1
2023-06-09,AAPL,178.9630584716797,177.6457489013672,174.02612991333007,65.11885835809625,0.002159828136570008,0.009132054370598683,181.7617950439453,1
2023-06-12,AAPL,181.7617950439453,178.47845153808595,174.58093795776367,72.64038458178076,0.015638627302005492,0.009321262823843804,181.287109375,0
2023-06-13,AAPL,181.287109375,179.289404296875,175.13673629760743,81.12169720074895,-0.0026115811016861334,0.009324054751348586,181.9200439453125,1
2023-06-14,AAPL,181.9200439453125,180.5018737792969,175.72418136596679,81.44284879288907,0.0034913379803704903,0.00923541229418851,183.9573211669922,1
2023-06-15,AAPL,183.9573211669922,181.57786560058594,176.38283157348633,82.17771178421607,0.011198750712110295,0.008629593921820588,182.8793182373047,0
2023-06-16,AAPL,182.8793182373047,182.36111755371093,176.87088470458986,75.23380198322477,-0.005860070818866303,0.00906809497691404,182.96835327148438,1
2023-06-20,AAPL,182.96835327148438,182.60242919921876,177.35794982910156,72.59239950828521,0.0004868513019287146,0.008438602541584775,181.929931640625,0
2023-06-21,AAPL,181.929931640625,182.73099365234376,177.8405647277832,68.70719670254473,-0.00567541660780313,0.008751811660074306,184.93637084960938,1
2023-06-22,AAPL,184.93637084960938,183.33425903320312,178.60404510498046,68.86252943701615,0.016525258828344658,0.008909681264837361,184.6199188232422,0
2023-06-23,AAPL,184.6199188232422,183.46677856445314,179.33785705566407,66.14872887596476,-0.0017111400256930587,0.008321804744200788,183.22544860839844,0
2023-06-26,AAPL,183.22544860839844,183.53600463867187,179.94507904052733,66.16073912044777,-0.0075531948217290035,0.009015896394995802,185.98468017578125,1
2023-06-27,AAPL,185.98468017578125,184.13927001953124,180.56960983276366,71.96971275157999,0.015059215782192048,0.00892269410735591,187.1615447998047,1
2023-06-28,AAPL,187.1615447998047,185.1855926513672,181.16051635742187,78.67116952418539,0.006327750344335525,0.00881924938334823,187.49777221679688,1
2023-06-29,AAPL,187.49777221679688,185.6978729248047,181.7707061767578,75.63734100212677,0.0017964556626834938,0.008829925844717595,191.8294677734375,1
2023-06-30,AAPL,191.8294677734375,187.13978271484376,182.45704803466796,79.99679236795296,0.023102650796469337,0.010661560270182259,190.3361053466797,0
2023-07-03,AAPL,190.3361053466797,188.5619140625,183.0261962890625,71.42794828398928,-0.007784843716094558,0.010879504847979496,189.2185821533203,0
2023-07-05,AAPL,189.2185821533203,189.2086944580078,183.60721130371093,69.35726830819728,-0.005871314805585115,0.01128942493960713,189.6933135986328,1
2023-07-06,AAPL,189.6933135986328,189.71504821777344,184.23025970458986,69.08718096435639,0.0025089049918354256,0.010844558160369843,188.57574462890625,0
2023-07-07,AAPL,188.57574462890625,189.9306427001953,184.866162109375,61.991782342332804,-0.0058914515674031165,0.010327453483448953,186.52862548828125,0
2023-07-10,AAPL,186.52862548828125,188.87047424316407,185.26372528076172,59.20557725896312,-0.01085568636970502,0.011070528775272537,186.0044708251953,0
2023-07-11,AAPL,186.0044708251953,188.0041473388672,185.6157958984375,57.56438642607217,-0.00281004945870289,0.010756515577002886,187.67581176757812,1
2023-07-12,AAPL,187.67581176757812,187.69559326171876,185.91149673461913,63.626947161732154,0.00898548800987431,0.010058282170048314,188.4373016357422,1
2023-07-13,AAPL,188.4373016357422,187.44439086914062,186.26900634765624,59.27964708102687,0.004057474753896839,0.0099484545766104,188.58567810058594,1
2023-07-14,AAPL,188.58567810058594,187.44637756347657,186.60228805541993,60.57084285560312,0.0007874049540921302,0.009941480429877803,191.8492431640625,1
2023-07-17,AAPL,191.8492431640625,188.5105010986328,186.99688415527345,70.64510136716852,0.017305476727325297,0.008557681774310747,191.59210205078125,0
2023-07-18,AAPL,191.59210205078125,189.62802734375,187.43252334594726,65.24658147272783,-0.001340329047122446,0.00813489556191952,192.94700622558594,1
2023-07-19,AAPL,192.94700622558594,190.68226623535156,187.93145599365235,65.50473266480176,0.007071816428244837,0.008003994387329062,190.9987335205078,0
2023-07-20,AAPL,190.9987335205078,191.19455261230468,188.3848960876465,58.83562972034253,-0.010097449777480727,0.008858871251820423,189.8218536376953,0
2023-07-21,AAPL,189.8218536376953,191.44178771972656,188.6291702270508,44.48467580910727,-0.006161715636120335,0.008881669630889042,190.62294006347656,1
2023-07-24,AAPL,190.62294006347656,191.19652709960937,188.9293212890625,51.08495497320776,0.004220201259388379,0.007932071128931134,191.4833526611328,1
2023-07-25,AAPL,191.4833526611328,191.17477722167968,189.34221649169922,57.097427678634176,0.004513688632489465,0.007754008178835194,192.3535919189453,1
2023-07-26,AAPL,192.3535919189453,191.05609436035155,189.66066207885743,58.08275037919562,0.004544725406769645,0.007491665767903082,191.08773803710938,0
2023-07-27,AAPL,191.08773803710938,191.0738952636719,189.85697174072266,57.634499880430994,-0.006580869476923268,0.007983556124490527,193.6689453125,1
2023-07-28,AAPL,193.6689453125,191.84331359863282,190.1655303955078,70.6576904706436,0.013507969176386192,0.008838123932920447,194.28208923339844,1
2023-07-31,AAPL,194.28208923339844,192.57514343261718,190.28816146850585,73.81391499399567,0.0031659382453343987,0.007225493318767878,193.4513702392578,0
2023-08-01,AAPL,193.4513702392578,192.9687469482422,190.44392471313478,67.52719294213964,-0.004275839308803486,0.007401464609514436,190.45481872558594,0
2023-08-02,AAPL,190.45481872558594,192.5889923095703,190.50573654174804,55.63833768436836,-0.015489947214981092,0.008671602142129548,189.06036376953125,0
2023-08-03,AAPL,189.06036376953125,192.1835174560547,190.47408905029297,51.4498145633656,-0.007321710027530792,0.008397572922084746,179.9816436767578,0
2023-08-04,AAPL,179.9816436767578,189.44605712890626,190.04438400268555,27.1613809562256,-0.04802021910758936,0.0171423529567353,176.87632751464844,0
2023-08-07,AAPL,176.87632751464844,185.96490478515625,189.5617691040039,24.32201572324628,-0.017253515962363575,0.017179803809532154,177.8158416748047,1
2023-08-08,AAPL,177.8158416748047,182.83779907226562,189.15233764648437,23.436749756146796,0.00531170096845468,0.01724262319433792,176.22361755371094,0
2023-08-09,AAPL,176.22361755371094,179.99155883789064,188.57972793579103,23.616164879445222,-0.008954343471858195,0.016738436992751536,176.00601196289062,0
2023-08-10,AAPL,176.00601196289062,177.3806884765625,187.95816345214843,24.421967133733304,-0.0012348264883053073,0.016894420502850664,176.06544494628906,1
2023-08-11,AAPL,176.06544494628906,176.59744873046876,187.3321517944336,22.333664512934902,0.0003376758710433858,0.015480754133979285,177.71926879882812,1
2023-08-14,AAPL,177.71926879882812,176.7660369873047,186.6256530761719,24.94023845811938,0.009393233595857309,0.016151913207451737,175.72872924804688,0
2023-08-15,AAPL,175.72872924804688,176.34861450195314,185.83248443603514,20.859505339910157,-0.011200471193894446,0.016087053299307465,174.85728454589844,0
2023-08-16,AAPL,174.85728454589844,176.07534790039062,184.9279983520508,21.084403908370092,-0.0049590337668599105,0.015991647218307176,172.3122100830078,0
2023-08-17,AAPL,172.3122100830078,175.33658752441406,183.9936721801758,12.020937018227642,-0.014555152617748535,0.016101167787396044,172.79747009277344,1
2023-08-18,AAPL,172.79747009277344,174.68299255371093,183.1424530029297,11.817312502994369,0.002816167290361271,0.008840426727602112,174.1343536376953,1
2023-08-21,AAPL,174.1343536376953,173.96600952148438,182.31802368164062,16.55757805708012,0.007736707859230307,0.008195622442553516,175.5108642578125,1
2023-08-22,AAPL,175.5108642578125,173.9224365234375,181.5193992614746,22.789416602926252,0.007904876845732378,0.00847253041211516,179.36312866210938,1
2023-08-23,AAPL,179.36312866210938,174.8236053466797,180.8698760986328,34.30695068141624,0.021948865790086813,0.010701575377592032,174.6691436767578,0
2023-08-24,AAPL,174.6691436767578,175.29499206542968,180.04894638061523,39.669815319006624,-0.026170289403204205,0.01391482189466848,176.8774871826172,1
2023-08-25,AAPL,176.8774871826172,176.11099548339843,179.2093734741211,50.37661217450807,0.012643008715644388,0.014544169458407759,178.4421844482422,1
2023-08-28,AAPL,178.4421844482422,176.97256164550782,178.4173782348633,51.641166714781846,0.008846220570792651,0.01450822255735225,182.33404541015625,1
2023-08-29,AAPL,182.33404541015625,178.33719787597656,177.86151199340821,61.65146908812439,0.02181020689669322,0.01528462603442608,185.82981872558594,1
2023-08-30,AAPL,185.82981872558594,179.6305358886719,177.6302619934082,66.43841863950738,0.019172356471146346,0.01564832353915784,186.0476531982422,1
2023-08-31,AAPL,186.0476531982422,181.90623779296874,177.47962646484376,66.60285826413356,0.0011722256102393303,0.014036128860018733,187.6222686767578,1
2023-09-01,AAPL,187.6222686767578,184.05519409179686,177.86165771484374,66.4195619253397,0.008463506265450116,0.013927047119907925,187.8599090576172,1
2023-09-05,AAPL,187.8599090576172,185.93873901367186,178.41083679199218,71.35143992474686,0.0012665894221159935,0.014107964393985116,181.1357879638672,0
2023-09-06,AAPL,181.1357879638672,185.69908752441407,178.57683410644532,59.79035937335108,-0.03579327344232719,0.019699083668261827,175.83767700195312,0
2023-09-07,AAPL,175.83767700195312,183.7006591796875,178.55753707885742,55.50450261428683,-0.029249388105297647,0.02093832671444424,176.45164489746094,1
2023-09-08,AAPL,176.45164489746094,181.78145751953124,178.57981872558594,55.65064515421543,0.003491674287194879,0.019122044434973125,177.62020874023438,1
2023-09-11,AAPL,177.62020874023438,179.78104553222656,178.6575569152832,55.409090756236814,0.006622572679628513,0.01881340408817036,174.5899200439453,0
2023-09-12,AAPL,174.5899200439453,177.12704772949218,178.50108947753907,49.3364315656439,-0.017060495074188275,0.01932543624363047,172.52017211914062,0
2023-09-13,AAPL,172.52017211914062,175.40392456054687,178.34066162109374,41.00270160168001,-0.011854910777688188,0.017567050187236664,174.03533935546875,1
2023-09-14,AAPL,174.03533935546875,175.04345703125,178.29956436157227,49.547017546111746,0.008782551151651719,0.016208503365862374,173.31240844726562,0
2023-09-15,AAPL,173.31240844726562,174.41560974121094,178.34957427978514,44.800236748091955,-0.004153931672041256,0.01601783846896542,176.24368286132812,1
2023-09-18,AAPL,176.24368286132812,174.1403045654297,178.5218849182129,47.196797335843186,0.01691324031743746,0.01710702725701254,177.33303833007812,1
2023-09-19,AAPL,177.33303833007812,174.68892822265624,178.68181915283202,42.34731211878216,0.00618096178577443,0.0174101773451594,173.78778076171875,0
2023-09-20,AAPL,173.78778076171875,174.94244995117188,178.59566497802734,30.932233340660417,-0.019992087214794285,0.014903174629724136,172.24285888671875,0
2023-09-21,AAPL,172.24285888671875,174.58395385742188,178.23965148925782,28.940561723665283,-0.008889703684738626,0.012225518442410363,173.09454345703125,1
2023-09-22,AAPL,173.09454345703125,174.540380859375,178.1609214782715,27.513324580987486,0.0049446727476385455,0.012306353357250987,174.3720245361328,1
2023-09-25,AAPL,174.3720245361328,174.16604919433593,178.03564834594727,29.95753409835875,0.0073802504318611906,0.012366503613734797,170.29200744628906,0
2023-09-26,AAPL,170.29200744628906,172.75784301757812,177.6281394958496,32.15581061545082,-0.023398346728481623,0.013359475734128592,168.77684020996094,0
2023-09-27,AAPL,168.77684020996094,171.75565490722656,176.95027923583984,36.560898769825826,-0.008897465354068435,0.013158347735009889,169.03431701660156,1
2023-09-28,AAPL,169.03431701660156,171.11394653320312,176.11050415039062,35.71006529645187,0.0015255458410070588,0.012682178266063528,169.54930114746094,1
2023-09-29,AAPL,169.54930114746094,170.40489807128907,175.28558654785155,34.10262457739191,0.003046624732472525,0.012803042282644206,172.06463623046875,1
2023-10-02,AAPL,172.06463623046875,169.94342041015625,174.5077049255371,45.17840745830917,0.014835419939715155,0.0124724452297664,170.7277374267578,0
2023-10-03,AAPL,170.7277374267578,170.03056640625,173.65109634399414,46.52842138359947,-0.0077697476541330746,0.01219220722918518,171.9755096435547,1
2023-10-04,AAPL,171.9755096435547,170.67030029296876,173.1930824279785,45.94561179707123,0.007308550066928543,0.011156691466615732,173.21337890625,1
2023-10-05,AAPL,173.21337890625,171.50611267089843,173.06186752319337,50.139513609804915,0.007197939202279402,0.011050627799443302,175.7683563232422,1
2023-10-06,AAPL,175.7683563232422,172.7499237060547,173.02770309448243,49.34727945652194,0.014750462309121248,0.011881130112205323,177.25381469726562,1
2023-10-09,AAPL,177.25381469726562,173.78775939941406,173.00938339233397,50.17824087793328,0.008451227542298101,0.01194370614133277,176.65963745117188,0
2023-10-10,AAPL,176.65963745117188,174.97413940429686,173.1128692626953,57.03636817155037,-0.003352126706601788,0.008426674748317854,178.0559539794922,1
2023-10-11,AAPL,178.0559539794922,176.1902282714844,173.3896583557129,64.04700022214462,0.007903992946358462,0.007222681222808213,178.95712280273438,1
2023-10-12,AAPL,178.95712280273438,177.33897705078124,173.63574752807617,64.08164560569406,0.005061155232955583,0.007097962847493644,177.11517333984375,0
2023-10-13,AAPL,177.11517333984375,177.60834045410155,173.82588577270508,56.61214918479311,-0.010292685946460045,0.008727466755122135,176.98643493652344,0
2023-10-16,AAPL,176.98643493652344,177.55486450195312,173.86302337646484,69.30482840115346,-0.0007268626447565207,0.008020664309725261,175.43165588378906,0
2023-10-17,AAPL,175.43165588378906,177.30926818847655,173.7679542541504,69.38217653143738,-0.0087847356962244,0.008174968533007872,174.1343536376953,0
2023-10-18,AAPL,174.1343536376953,176.5249481201172,173.78528289794923,64.14450103144455,-0.0073949153564002446,0.008576715763786942,173.758056640625,0
2023-10-19,AAPL,173.758056640625,175.48513488769532,173.86104278564454,61.806073274973166,-0.0021609578420880293,0.008367429897462827,171.20306396484375,0
2023-10-20,AAPL,171.20306396484375,174.3027130126953,173.76646881103517,47.86839034530081,-0.01470431199092892,0.00790469514775166,171.32191467285156,1
2023-10-23,AAPL,171.32191467285156,173.16980895996093,173.61396331787108,51.99977742285363,0.000694209001027124,0.007032168588158178,171.75762939453125,1
2023-10-24,AAPL,171.75762939453125,172.43500366210938,173.6872444152832,49.566910020270804,0.002543251530381818,0.007277214976565949,169.4403533935547,0
2023-10-25,AAPL,169.4403533935547,171.49620361328124,173.72042007446288,39.28156136083981,-0.013491546251221953,0.006921533384267649,165.2711639404297,0
2023-10-26,AAPL,165.2711639404297,169.7988250732422,173.5322624206543,22.378473765437604,-0.02460564658668607,0.008371362251862281,166.58827209472656,1
2023-10-27,AAPL,166.58827209472656,168.87586669921876,173.38421096801758,22.03748153227255,0.007969376646803417,0.009679315766195459,168.63819885253906,1
2023-10-30,AAPL,168.63819885253906,168.33912353515626,173.2128890991211,30.74649212042297,0.012305348582082987,0.011231029274445473,169.11354064941406,1
2023-10-31,AAPL,169.11354064941406,167.8103057861328,173.1321792602539,27.645106950180093,0.0028187077430223972,0.011367927321204747,172.28250122070312,1
2023-11-01,AAPL,172.28250122070312,168.3787353515625,173.14752883911132,35.42334016384466,0.01873865663931995,0.013247742829236846,175.8475799560547,1
2023-11-02,AAPL,175.8475799560547,170.4940185546875,173.27923889160155,47.78167987894003,0.020693214401296123,0.014892396048461588,174.93649291992188,0
2023-11-03,AAPL,174.93649291992188,172.16366271972657,173.23764572143554,46.283771701099866,-0.005181117854226369,0.014035362840220432,177.49148559570312,1
2023-11-06,AAPL,177.49148559570312,173.93432006835937,173.24952926635743,54.33703392989318,0.014605258360534279,0.014544361783681604,180.0563507080078,1
2023-11-07,AAPL,180.0563507080078,176.1228820800781,173.41936492919922,61.18822963422847,0.01445063746971531,0.014927027268074038,181.11598205566406,1
2023-11-08,AAPL,181.11598205566406,177.88957824707032,173.5723663330078,63.46084172424419,0.005884998465700564,0.013471051296990702,180.64064025878906,0
2023-11-09,AAPL,180.64064025878906,178.8481903076172,173.65654220581055,68.68976419581395,-0.0026245160227158504,0.008748473792390325,184.8351287841797,1
2023-11-10,AAPL,184.8351287841797,180.82791748046876,174.04253997802735,72.8598121356278,0.02322007118321512,0.009819183833894962,183.24855041503906,0
2023-11-13,AAPL,183.24855041503906,181.97933044433594,174.35564575195312,68.89552980636333,-0.00858374909345927,0.011473018358288256,185.86639404296875,1
2023-11-14,AAPL,185.86639404296875,183.14133911132814,174.87738265991212,76.70300224262172,0.01428575354075412,0.011425908594493895,186.43157958984375,1
2023-11-15,AAPL,186.43157958984375,184.20445861816407,175.49224395751952,89.38525932609583,0.003040816226005605,0.01109666838398082,188.1173553466797,1
2023-11-16,AAPL,188.1173553466797,185.69980163574218,176.21020889282227,89.45851291407934,0.009042329419429507,0.010187861716230264,188.09750366210938,0
2023-11-17,AAPL,188.09750366210938,186.35227661132814,177.05493087768554,88.48725686550345,-0.00010552819293963012,0.00963531182219985,189.8427276611328,1
2023-11-20,AAPL,189.8427276611328,187.67111206054688,177.9809715270996,88.98391818866791,0.00927829431568905,0.009330312011933076,189.03952026367188,0
2023-11-21,AAPL,189.03952026367188,188.3057373046875,178.84506607055664,84.67332502704596,-0.004230909486797163,0.009494599994560666,189.70391845703125,1
2023-11-22,AAPL,189.70391845703125,188.960205078125,179.85824432373047,82.44296343588705,0.0035145994468916975,0.009497441148055483,188.3751678466797,0
2023-11-24,AAPL,188.3751678466797,189.011767578125,181.01344451904296,81.18902580982859,-0.007004339294407025,0.009961562753880491,188.19664001464844,0
2023-11-27,AAPL,188.19664001464844,189.0315948486328,182.09386291503907,77.87794566292487,-0.0009477248730392906,0.007465720848142512,188.801513671875,1
2023-11-28,AAPL,188.801513671875,188.82335205078124,183.10202865600587,75.26073780221938,0.0032140513092022704,0.006508184460205379,187.7801971435547,0
2023-11-29,AAPL,187.7801971435547,188.5714874267578,184.03536148071288,69.41207429522328,-0.005409472140648686,0.005638291975890319,188.35531616210938,1
2023-11-30,AAPL,188.35531616210938,188.30176696777343,184.8390022277832,72.31763987722908,0.0030627245433927364,0.0056391603315180455,189.63450622558594,1
2023-12-01,AAPL,189.63450622558594,188.5536346435547,185.52834854125976,66.52505781248973,0.006791366920462227,0.0053202103056960645,187.8396759033203,0
2023-12-04,AAPL,187.8396759033203,188.48224182128905,186.1735076904297,65.78690190298832,-0.009464682129794122,0.006243497118735218,191.7961883544922,1
2023-12-05,AAPL,191.7961883544922,189.0811767578125,186.88874282836915,68.47784546854373,0.02106324146985994,0.008802369498376957,190.70545959472656,0
2023-12-06,AAPL,190.70545959472656,189.66622924804688,187.42119827270508,63.01396779708533,-0.005686915726133557,0.008910962580874312,192.63905334472656,1
2023-12-07,AAPL,192.63905334472656,190.52297668457032,187.9973518371582,63.465154076803444,0.010139163053376254,0.009360726422396083,194.0669708251953,1
2023-12-08,AAPL,194.0669708251953,191.4094696044922,188.6686683654785,66.31959248830492,0.007412398761706518,0.00899551336138701,191.55819702148438,0
2023-12-11,AAPL,191.55819702148438,192.153173828125,189.00482177734375,54.72203063483131,-0.01292736107047654,0.010287185825870362,193.0753631591797,1
2023-12-12,AAPL,193.0753631591797,192.4090087890625,189.49616241455078,60.36607876597567,0.007920131642944694,0.010464195038958868,196.29808044433594,1
2023-12-13,AAPL,196.29808044433594,193.52753295898438,190.01774673461915,64.8019035220573,0.016691499279995137,0.010978604370739662,196.4468231201172,1
2023-12-14,AAPL,196.4468231201172,194.2890869140625,190.5185089111328,69.11235298308715,0.0007577388196795543,0.011036182762536938,195.91134643554688,0
2023-12-15,AAPL,195.91134643554688,194.6579620361328,190.90820846557617,68.02741119069236,-0.0027258098454607804,0.011203649508558457,194.2454376220703,0
2023-12-18,AAPL,194.2454376220703,195.19541015625,191.21560516357422,62.28139153230482,-0.008503380961779272,0.01108528379204778,195.28665161132812,1
2023-12-19,AAPL,195.28665161132812,195.63766784667968,191.487801361084,66.8304373666059,0.005360300875038471,0.009271149961632868,193.1943817138672,0
2023-12-20,AAPL,193.1943817138672,195.01692810058594,191.69554443359374,60.34966848117998,-0.010713839784734058,0.009843460317097794,193.0456085205078,0
2023-12-21,AAPL,193.0456085205078,194.33668518066406,191.86262893676758,57.721380715275316,-0.0007700699784309872,0.009352320213402337,191.9746856689453,0
2023-12-22,AAPL,191.9746856689453,193.54935302734376,192.04260482788087,59.66687781720867,-0.005547512112655695,0.00914520195562902,191.42930603027344,0
2023-12-26,AAPL,191.42930603027344,192.9861267089844,192.2042381286621,49.26805712083912,-0.002840893510368203,0.008196139099550344,191.52842712402344,1
2023-12-27,AAPL,191.52842712402344,192.23448181152344,192.34058380126953,52.569349034644745,0.0005177947713728148,0.0077179440402921256,191.95481872558594,1
2023-12-28,AAPL,191.95481872558594,191.9865692138672,192.5493148803711,48.14946741890308,0.002226257522004227,0.004933272944747408,190.91366577148438,0
2023-12-29,AAPL,190.91366577148438,191.5601806640625,192.67723236083984,40.36550662633921,-0.005423947994710021,0.004905359170892908,184.08151245117188,0
2024-01-02,AAPL,184.08151245117188,189.9815460205078,192.39958267211915,31.642925484923367,-0.03578661219826085,0.011511288974841513,182.70318603515625,0
2024-01-03,AAPL,182.70318603515625,188.23632202148437,192.14275817871095,24.255150238082962,-0.007487587415282881,0.011492663566924563,180.38282775878906,0
2024-01-04,AAPL,180.38282775878906,186.0072021484375,191.57209014892578,8.743019750827145,-0.012700152234459083,0.010904972459961967,179.65895080566406,0
2024-01-05,AAPL,179.65895080566406,183.54802856445312,191.01976470947267,7.746675459141514,-0.004013003688427497,0.010915494898393226,184.00218200683594,1
2024-01-08,AAPL,184.00218200683594,182.16573181152344,190.58792114257812,25.60496888561329,0.024174866777831205,0.014728189492578975,183.58570861816406,0
2024-01-09,AAPL,183.58570861816406,182.0665710449219,190.06385803222656,26.938350321820536,-0.0022634154884989544,0.01474350301516459,184.6268768310547,1
2024-01-10,AAPL,184.6268768310547,182.45130920410156,189.71729202270507,27.12748020109278,0.005671292284826546,0.015082755830272182,184.0319366455078,0
2024-01-11,AAPL,184.0319366455078,183.1811309814453,189.26512069702147,28.931578334822376,-0.0032223920794115513,0.015018055753713667,184.35914611816406,1
2024-01-12,AAPL,184.35914611816406,184.1211700439453,188.66817398071288,30.23940377196891,0.0017780037455483733,0.014998452905504764,182.08836364746094,0
2024-01-16,AAPL,182.08836364746094,183.7384063720703,187.95025100708008,28.539482172768714,-0.012317167433872123,0.01523147563519753,181.14634704589844,0
2024-01-17,AAPL,181.14634704589844,183.2505340576172,187.21200103759764,27.997197648098265,-0.005173403630483131,0.01066148412194852,187.04641723632812,1
2024-01-18,AAPL,187.04641723632812,183.73444213867188,186.85205001831054,42.905270818024974,0.032570737895888824,0.014877023118386477,189.95179748535156,1
2024-01-19,AAPL,189.95179748535156,184.9184143066406,186.5853073120117,47.42443245164041,0.015532937181857775,0.014352032182743881,192.26223754882812,1
2024-01-22,AAPL,192.26223754882812,186.49903259277343,186.53870010375977,52.55279870841164,0.012163296657694112,0.014098381105876212,193.54141235351562,1
2024-01-23,AAPL,193.54141235351562,188.78964233398438,186.56349029541016,67.62514858600514,0.006653281585587756,0.012734553514687079,192.86709594726562,0
2024-01-24,AAPL,192.86709594726562,191.1337921142578,186.60811080932618,69.53553928538494,-0.003484093652361686,0.012818967875797015,192.53988647460938,0
2024-01-25,AAPL,192.53988647460938,192.23248596191405,186.66363983154298,75.38907014310374,-0.0016965541532585338,0.012987824659274694,190.8045654296875,0
2024-01-26,AAPL,190.8045654296875,192.40303955078124,186.62744674682617,72.61169742845223,-0.009012787307063896,0.013479272667403565,190.12039184570312,0
2024-01-29,AAPL,190.12039184570312,191.97467041015625,186.53572540283204,64.59889720454603,-0.0035857296309637077,0.013669687615118156,186.46133422851562,0
2024-01-30,AAPL,186.46133422851562,190.55865478515625,186.3131088256836,56.29463887266025,-0.019246002923016814,0.01467991303353066,182.85191345214844,0
2024-01-31,AAPL,182.85191345214844,188.5556182861328,186.25162887573242,47.120124748965644,-0.01935747586115466,0.016115756337038236,185.29129028320312,1
2024-02-01,AAPL,185.29129028320312,187.10589904785155,186.38103408813475,52.61870192267633,0.013340723566959367,0.012728483768455699,184.2897491455078,0
2024-02-02,AAPL,184.2897491455078,185.8029357910156,186.5763801574707,50.30792487067821,-0.005405225125069468,0.011381426160739576,186.1043701171875,1
2024-02-05,AAPL,186.1043701171875,184.9997314453125,186.89865112304688,57.368188765324334,0.009846564879997466,0.01105830440916663,187.71078491210938,1
2024-02-06,AAPL,187.71078491210938,185.24962158203124,187.08408126831054,61.50940455627124,0.008631795126091468,0.011269756873505994,187.8198699951172,1
2024-02-07,AAPL,187.8198699951172,186.243212890625,187.2957893371582,51.93011599538217,0.0005811338067702732,0.011323421969968045,186.739013671875,0
2024-02-08,AAPL,186.739013671875,186.5327575683594,187.40139617919922,43.12650922594677,-0.005754749608070098,0.01136048990557152,187.50350952148438,1
2024-02-09,AAPL,187.50350952148438,187.17550964355468,187.57497482299806,38.98039853326808,0.004093926783573343,0.011345277580149913,185.8156280517578,0
2024-02-12,AAPL,185.8156280517578,187.11776123046874,187.64779891967774,32.2846624626948,-0.009001866013250037,0.011573066211225468,183.72067260742188,0
2024-02-13,AAPL,183.72067260742188,186.31973876953126,187.7294143676758,30.203152038547785,-0.011274377006396885,0.010494858613779131,182.83702087402344,0
2024-02-14,AAPL,182.83702087402344,185.3231689453125,187.81394805908204,29.444503379779874,-0.0048097566858283924,0.00856440927584911,182.54910278320312,0
2024-02-15,AAPL,182.54910278320312,184.4851867675781,187.58908233642578,31.324352276147167,-0.0015747253452499388,0.007173563052132005,181.01014709472656,0
2024-02-16,AAPL,181.01014709472656,183.18651428222657,187.14199981689453,30.073781954295043,-0.008430365666076356,0.007417737036386201,180.26548767089844,0
2024-02-20,AAPL,180.26548767089844,182.07648620605468,186.54216232299805,34.35822740121725,-0.004113909832018536,0.0062029242008877095,181.02008056640625,1
2024-02-21,AAPL,181.02008056640625,181.53636779785157,185.91609573364258,44.68129972885526,0.004186008676743791,0.005366359160631699,183.05545043945312,1
2024-02-22,AAPL,183.05545043945312,181.5800537109375,185.42551345825194,43.37723774396454,0.011243889996503498,0.007077982223328454,181.21864318847656,0
2024-02-23,AAPL,181.21864318847656,181.3139617919922,184.8594512939453,41.23152042098371,-0.010034157664068566,0.007415046224580287,179.8683319091797,0
2024-02-26,AAPL,179.8683319091797,181.08559875488282,184.31263961791993,31.515833658489825,-0.007451282360019018,0.007084132780050345,181.32786560058594,1
2024-02-27,AAPL,181.32786560058594,181.2980743408203,183.87301330566407,31.125057974449135,0.00811445614641726,0.007806152410760042,180.12649536132812,0
2024-02-28,AAPL,180.12649536132812,181.11935729980468,183.5562713623047,28.578843025455342,-0.006625403300693389,0.007344660978834748,179.46127319335938,0
2024-02-29,AAPL,179.46127319335938,180.40052185058593,183.38673934936523,29.20136562523807,-0.0036930833891722914,0.007304722808606387,178.3790283203125,0
2024-03-01,AAPL,178.3790283203125,179.8325988769531,183.0411262512207,24.377122039334637,-0.006030520422536045,0.00742184877151663,173.8515625,0
2024-03-04,AAPL,173.8515625,178.62924499511718,182.51921691894532,20.842517257608506,-0.025381155301410163,0.010342691954936997,168.9070281982422,0
2024-03-05,AAPL,168.9070281982422,176.14507751464845,181.65934982299805,18.09296932397187,-0.028441126617759438,0.012918381148023319,167.91416931152344,0
2024-03-06,AAPL,167.91416931152344,173.7026123046875,180.66951904296874,17.945633522683792,-0.005878138389560972,0.01238195374738786,167.7950439453125,0
2024-03-07,AAPL,167.7950439453125,171.36936645507814,179.66827774047852,18.064774976416047,-0.0007094420125435263,0.01086418029451424,169.51268005371094,1
2024-03-08,AAPL,169.51268005371094,169.59609680175782,178.8069610595703,25.56462648628468,0.01023651275992532,0.012357937443812113,171.518310546875,1
2024-03-11,AAPL,171.518310546875,169.12944641113282,178.00770111083983,32.613764203379915,0.011831743162390884,0.013645289996548658,171.994873046875,1
2024-03-12,AAPL,171.994873046875,169.74701538085938,177.3166633605957,31.928697016991208,0.002778493435951601,0.01318698053825449,169.9098663330078,0
2024-03-13,AAPL,169.9098663330078,170.14615478515626,176.626123046875,23.657269331090347,-0.012122493403038503,0.013366758348004833,171.76651000976562,1
2024-03-14,AAPL,171.76651000976562,170.94044799804686,176.0725975036621,31.299451432908214,0.010927226987036631,0.014377027316031092,171.3892364501953,0
2024-03-15,AAPL,171.3892364501953,171.31575927734374,175.5146041870117,32.51808146211961,-0.0021964325848435884,0.01437624826137825,172.48138427734375,1
2024-03-18,AAPL,172.48138427734375,171.5083740234375,175.0881660461426,31.635640686689626,0.0063723244806321855,0.01248578712199427,174.82455444335938,1
2024-03-19,AAPL,174.82455444335938,172.07431030273438,174.8161193847656,39.755930932142896,0.01358506122752301,0.0085804622194265,177.39610290527344,1
2024-03-20,AAPL,177.39610290527344,173.5715576171875,174.634920501709,46.58774746172549,0.014709309399368209,0.008554758123593,170.14813232421875,0
2024-03-21,AAPL,170.14813232421875,173.2478820800781,173.98955459594725,37.86582674708336,-0.040857552462271296,0.017033444366254334,171.05165100097656,1
2024-03-22,AAPL,171.05165100097656,173.18036499023438,173.48120498657227,45.64513057490885,0.005310188624557677,0.016823490053029123,169.63186645507812,0
2024-03-25,AAPL,169.63186645507812,172.61046142578124,172.9693817138672,51.94988534891367,-0.008300326466245789,0.016590720792329285,168.5,0
2024-03-26,AAPL,168.5,171.34555053710938,172.3279884338379,51.668414513844695,-0.006672487184935072,0.016622024022204276,172.07431030273438,1
2024-03-27,AAPL,172.07431030273438,170.28119201660155,171.9253791809082,58.0227533860216,0.021212524051836157,0.017659831464791765,170.25735473632812,0
2024-03-28,AAPL,170.25735473632812,170.30303649902345,171.46518325805664,51.79724098281703,-0.010559133221046402,0.01768018137841877,168.8177032470703,0
2024-04-01,AAPL,168.8177032470703,169.8562469482422,170.98711700439452,45.65125289291694,-0.008455737442222944,0.0178474934192036,167.6361846923828,0
2024-04-02,AAPL,167.6361846923828,169.4571105957031,170.67634811401368,42.855246210350664,-0.006998783492263905,0.017703660254293433,168.44039916992188,1
2024-04-03,AAPL,168.44039916992188,169.4451904296875,170.65301666259765,47.78619022455319,0.0047973799869927,0.017009847109601208,167.61631774902344,0
2024-04-04,AAPL,167.61631774902344,168.5535919189453,170.63812408447265,42.59419425956145,-0.004892421443783879,0.015750688190731492,168.3708953857422,1
2024-04-05,AAPL,168.3708953857422,168.17630004882812,170.66691665649415,44.83293146495294,0.0045018148999587115,0.00989201269628855,167.24896240234375,0
2024-04-08,AAPL,167.24896240234375,167.8625518798828,170.5537307739258,40.70456248378757,-0.006663461525390435,0.009766440651964858,168.4602508544922,1
2024-04-09,AAPL,168.4602508544922,168.0273651123047,170.40082778930665,38.21676468599012,0.00724242730567437,0.009923782985234155,166.583740234375,0
2024-04-10,AAPL,166.583740234375,167.65603332519532,170.13027114868163,29.175698388081287,-0.01113918927817592,0.010317739011141334,173.7919464111328,1
2024-04-11,AAPL,173.7919464111328,168.8911590576172,170.3243751525879,57.55034416272831,0.043270766802427474,0.016262297494126426,175.29119873046875,1
2024-04-12,AAPL,175.29119873046875,170.2752197265625,170.50060958862304,58.46850875955484,0.008626707682928059,0.015859344946700462,171.458740234375,0
2024-04-15,AAPL,171.458740234375,171.11717529296874,170.50408477783202,53.71698353191335,-0.021863382325239322,0.017427382915128475,168.17233276367188,0
2024-04-16,AAPL,168.17233276367188,171.0595916748047,170.28863220214845,49.97551743215739,-0.019167337087691028,0.018493557763299848,166.80215454101562,0
2024-04-17,AAPL,166.80215454101562,171.1032745361328,169.88751220703125,41.14755826902221,-0.00814746516349829,0.018609785782021625,165.84901428222656,0
2024-04-18,AAPL,165.84901428222656,169.51468811035156,169.3101577758789,42.38211353260691,-0.005714196326850773,0.01863155318798655,163.8235626220703,0
2024-04-19,AAPL,163.8235626220703,167.22116088867188,168.9939292907715,41.41850454288667,-0.012212624047976073,0.018841129222346528,164.65756225585938,1
2024-04-22,AAPL,164.65756225585938,165.86092529296874,168.67422485351562,45.01923983611683,0.005090840538690022,0.01892431804809108,165.70999145507812,1
2024-04-23,AAPL,165.70999145507812,165.36845703125,168.47813110351564,45.5507124771359,0.006391623833124527,0.018883006760492687,167.81491088867188,1
2024-04-24,AAPL,167.81491088867188,165.57100830078124,168.44387664794922,50.84492218456628,0.012702429196397302,0.019033353685090914,168.6787109375,1
2024-04-25,AAPL,168.6787109375,166.13694763183594,168.2740966796875,51.02793503907743,0.00514733788704369,0.012191357547953086,168.0928955078125,0
2024-04-26,AAPL,168.0928955078125,166.99081420898438,168.1658737182617,51.98454271502244,-0.003472966009946288,0.011499431916966838,172.26295471191406,1
2024-04-29,AAPL,172.26295471191406,168.51189270019532,168.3381362915039,56.47668567679976,0.024808063371766664,0.012887298679305532,169.11557006835938,0
2024-04-30,AAPL,169.11557006835938,169.19300842285156,168.41210556030273,54.40999320634298,-0.018270815386966066,0.012737193399793532,168.0928955078125,0
2024-05-01,AAPL,168.0928955078125,169.24860534667968,168.39473037719728,39.810864943803146,-0.006047193408232565,0.012592834944174309,171.7963104248047,1
2024-05-02,AAPL,171.7963104248047,169.87212524414062,168.60373001098634,44.52740473370819,0.02203195385387402,0.01396920066643611,182.072509765625,1
2024-05-03,AAPL,182.072509765625,172.6680480957031,169.28881072998047,65.05968453932243,0.05981618182259041,0.021461134660138503,180.4144287109375,0
2024-05-06,AAPL,180.4144287109375,174.2983428955078,169.94708404541015,68.34949175706151,-0.009106707304808892,0.02233410158613465,181.09950256347656,1
2024-05-07,AAPL,181.09950256347656,176.69512939453125,170.57904663085938,71.82854501667742,0.0037972231901513,0.022387934460020794,181.43707275390625,1
2024-05-08,AAPL,181.43707275390625,179.36396484375,171.32171325683595,74.25543831540287,0.001864003962746219,0.022458580376567637,183.25404357910156,1
2024-05-09,AAPL,183.25404357910156,181.65551147460937,171.79481811523436,80.43202878741926,0.010014330575426333,0.022441255611440097,181.99139404296875,0
2024-05-10,AAPL,181.99139404296875,181.63928833007813,172.12982788085938,76.99746553818494,-0.006890159209981039,0.022669420442178456,185.20269775390625,1
2024-05-13,AAPL,185.20269775390625,182.59694213867186,172.81702575683593,78.2814215652236,0.017645360253569553,0.022194605004640506,186.34605407714844,1
2024-05-14,AAPL,186.34605407714844,183.64625244140626,173.72571182250977,77.55457138827214,0.006173540326942062,0.02030869885323125,188.62281799316406,1
2024-05-15,AAPL,188.62281799316406,185.08340148925782,174.81674499511718,78.33961968906436,0.012217934676915787,0.01951807436595417,188.74209594726562,1
2024-05-16,AAPL,188.74209594726562,186.18101196289064,175.96139907836914,79.77336443595823,0.0006323622739317081,0.019439245964346135,188.7719268798828,1
2024-05-17,AAPL,188.7719268798828,187.53711853027343,177.20881729125978,76.91884614503013,0.00015805129463819512,0.008262985782212927,189.93516540527344,1
2024-05-20,AAPL,189.93516540527344,188.48361206054688,178.47269744873046,86.43918556687525,0.0061621372659441676,0.00695012196339993,191.23757934570312,1
2024-05-21,AAPL,191.23757934570312,189.4619171142578,179.74907684326172,90.20801647109353,0.006857150110410881,0.0069499611087355416,189.7959747314453,0
2024-05-22,AAPL,189.7959747314453,189.69654846191406,180.8481300354004,84.19115540926639,-0.007538291475922776,0.008043928545379473,185.79920959472656,0
2024-05-23,AAPL,185.79920959472656,189.10797119140625,181.70415496826172,59.50307005381609,-0.02105821866019042,0.01111202901682371,188.8812713623047,1
2024-05-24,AAPL,188.8812713623047,189.1298400878906,182.74357376098632,69.82345570121966,0.016588131748788593,0.011625806924168135,188.89125061035156,1
2024-05-28,AAPL,188.89125061035156,188.92105712890626,183.5749885559082,68.83100736747944,5.2833443860755835e-05,0.010579133517553428,189.1894989013672,1
2024-05-29,AAPL,189.1894989013672,188.51144104003907,184.57868499755858,68.75277104244724,0.0015789417987965848,0.010478210866130235,190.18370056152344,1
2024-05-30,AAPL,190.18370056152344,188.5889862060547,185.68322525024413,67.38601630061035,0.0052550573151768365,0.00990746578226849,191.13815307617188,1
2024-05-31,AAPL,191.13815307617188,189.65677490234376,186.6503173828125,73.25843318998629,0.005018582096312008,0.00999256203484955,192.90786743164062,1
2024-06-03,AAPL,192.90786743164062,190.46209411621095,187.19208526611328,70.98274588455787,0.009258823144343564,0.010286359384511735,193.2260284423828,1
2024-06-04,AAPL,193.2260284423828,191.32904968261718,187.83266525268556,69.5865195785882,0.00164928996923841,0.010192638723765144,194.73721313476562,1
2024-06-05,AAPL,194.73721313476562,192.43859252929687,188.51455078125,68.09445544990183,0.00782081329603801,0.010250510036749124,193.35525512695312,0
2024-06-06,AAPL,193.35525512695312,193.07290344238282,189.11045989990234,62.855668422848865,-0.0070965276002801225,0.010206350412599511,195.75132751464844,1
2024-06-07,AAPL,195.75132751464844,193.99553833007812,189.73532409667968,67.05060627921102,0.012392072747762217,0.006734527873328953,192.0031280517578,0
2024-06-10,AAPL,192.0031280517578,193.81459045410156,190.23591079711915,54.79376943433102,-0.01914776012239372,0.009112297181515017,205.9519805908203,1
2024-06-11,AAPL,205.9519805908203,196.35978088378906,191.27337493896485,70.68973367464339,0.07264909004660769,0.02416266076889695,211.83778381347656,1
2024-06-12,AAPL,211.83778381347656,199.77989501953124,192.54796142578124,77.27421098448772,0.028578522069909074,0.02475033770434697,213.00100708007812,1
2024-06-13,AAPL,213.00100708007812,203.70904541015625,193.76687088012696,86.37208754633919,0.005491103832665489,0.024743685721722797,211.26112365722656,0
2024-06-14,AAPL,211.26112365722656,206.81100463867188,194.892822265625,81.3134612100586,-0.008168428153006113,0.025477561377734888,215.41696166992188,1
2024-06-17,AAPL,215.41696166992188,211.4937713623047,196.22507400512694,83.11252101842402,0.019671570143867,0.025640605176865797,213.05068969726562,0
2024-06-18,AAPL,213.05068969726562,212.91351318359375,197.38085021972657,78.7049160067894,-0.01098461306998666,0.026471355134674416,208.4673614501953,0
2024-06-20,AAPL,208.4673614501953,212.2394287109375,198.24233932495116,70.83761430106011,-0.0215128533664124,0.02831554896176277,206.2900390625,0
2024-06-21,AAPL,206.2900390625,210.89723510742186,199.0670425415039,67.06434552931353,-0.010444428195132582,0.02852223602358748,206.936279296875,1
2024-06-24,AAPL,206.936279296875,210.03226623535156,200.12389602661133,66.18225751370686,0.003132677841896303,0.02847267064015001,207.86090087890625,1
2024-06-25,AAPL,207.86090087890625,208.52105407714845,201.0728775024414,66.59393451803983,0.004468146354872804,0.02710857693949954,212.01670837402344,1
2024-06-26,AAPL,212.01670837402344,208.3142578125,202.229150390625,68.26229833858216,0.019993214103975365,0.016094446193995474,212.86181640625,1
2024-06-27,AAPL,212.86181640625,209.19314880371093,203.41276626586915,70.80128847951184,0.0039860444901147485,0.013410690214400278,209.4019317626953,0
2024-06-28,AAPL,209.4019317626953,209.81552734375,204.37367782592773,64.61415599510897,-0.01625413473382864,0.014259010278050339,215.49649047851562,1
2024-07-01,AAPL,215.49649047851562,211.52756958007814,205.59159469604492,73.52435913363777,0.029104596430977292,0.01696864899360617,218.99610900878906,1
2024-07-02,AAPL,218.99610900878906,213.75461120605468,206.89600677490233,65.98271789258537,0.01623979361567529,0.016604957034372862,220.26870727539062,1
2024-07-03,AAPL,220.26870727539062,215.40501098632814,208.24814071655274,61.563708614202426,0.005811054234531987,0.016009949539590885,225.031005859375,1
2024-07-05,AAPL,225.031005859375,217.83884887695314,209.7628303527832,64.80287531098233,0.021620404654349334,0.01425026364447421,226.50247192382812,1
2024-07-08,AAPL,226.50247192382812,221.2589569091797,211.42019119262696,68.80519309689639,0.006538948083326224,0.012774460271914197,227.35748291015625,1
2024-07-09,AAPL,227.35748291015625,223.63115539550782,213.00049896240233,65.95301933498851,0.0037748417448426608,0.012740665713424014,231.63259887695312,1
2024-07-10,AAPL,231.63259887695312,226.15845336914063,214.98197250366212,73.4642247735371,0.01880349796310088,0.012913366193919223,226.25392150878906,0
2024-07-11,AAPL,226.25392150878906,227.35549621582032,215.99706954956054,72.78007681533684,-0.02322072710940526,0.016333101146892244,229.20672607421875,1
2024-07-12,AAPL,229.20672607421875,228.19064025878907,216.86551666259766,78.77682741461216,0.013050843696934544,0.016420726352227216,233.04440307617188,1
2024-07-15,AAPL,233.04440307617188,229.4990264892578,217.86768646240233,80.22395541528022,0.016743300110270143,0.014282712755092257,233.46197509765625,1
2024-07-16,AAPL,233.46197509765625,230.7199249267578,218.97772903442382,79.95519789947909,0.001791813130770148,0.012952914276660838,227.5563507080078,0
2024-07-17,AAPL,227.5563507080078,229.90467529296876,219.58469848632814,67.9726731176533,-0.025295872645548112,0.016288326411935485,222.8834991455078,0
2024-07-18,AAPL,222.8834991455078,229.2305908203125,220.07633895874022,61.00931896207337,-0.02053492046238703,0.01799705308255409,223.01275634765625,1
2024-07-19,AAPL,223.01275634765625,227.991796875,220.8036087036133,66.00298164401757,0.0005799316802006516,0.01653118240360428,222.664794921875,0
2024-07-22,AAPL,222.664794921875,225.91587524414064,221.62234649658203,59.78053041520128,-0.0015602758850207232,0.01633011291241656,223.70870971679688,1
2024-07-23,AAPL,223.70870971679688,223.96522216796876,222.46096801757812,56.94788370850105,0.004688279506817272,0.01636595108547996,217.27610778808594,0
2024-07-24,AAPL,217.27610778808594,221.90917358398437,222.9317283630371,46.85108087505714,-0.02875436516018648,0.016718017048659085,216.2322235107422,0
2024-07-25,AAPL,216.2322235107422,220.57891845703125,223.14250411987305,38.77434059267258,-0.004804413554581277,0.015619222847660657,216.69949340820312,1
2024-07-26,AAPL,216.69949340820312,219.31626586914064,223.3343879699707,37.157313320023725,0.002160963291568452,0.014613874904409161,216.97787475585938,1
2024-07-29,AAPL,216.97787475585938,218.1788818359375,223.71318511962892,36.198857266720275,0.0012846423555401554,0.012690778210422166,217.53463745117188,1
2024-07-30,AAPL,217.53463745117188,216.9440673828125,223.81509246826172,29.153173236955723,0.0025659883337827427,0.012752880566534197,220.795654296875,1
2024-07-31,AAPL,220.795654296875,217.64797668457032,223.90506973266602,41.68147033116209,0.014990793576195927,0.012682532108761592,217.09716796875,0
2024-08-01,AAPL,217.09716796875,217.8209655761719,223.746492767334,31.44121611507154,-0.01675072066025418,0.012144179067468883,218.5885009765625,1
2024-08-02,AAPL,218.5885009765625,218.19876708984376,223.42436752319335,26.33732994870934,0.006869426357635211,0.012483001185136212,208.0597381591797,0
2024-08-05,AAPL,208.0597381591797,216.4151397705078,222.50223083496093,18.513188732609862,-0.04816704799358007,0.01921471198513837,206.03155517578125,0
2024-08-06,AAPL,206.03155517578125,214.1145233154297,221.4359344482422,20.27410553251751,-0.009748080053079478,0.018811143081460726,208.6065673828125,1
2024-08-07,AAPL,208.6065673828125,211.67670593261718,220.28463287353514,29.363829217023664,0.01249814478580391,0.01827839080442831,212.0763702392578,1
2024-08-08,AAPL,212.0763702392578,210.67254638671875,219.57575531005858,35.97665863706318,0.016633238828372532,0.019385460837973066,214.9894561767578,1
2024-08-09,AAPL,214.9894561767578,209.9527374267578,218.86489181518556,41.07085250578676,0.013736023179826917,0.019982393487620913,216.52230834960938,1
2024-08-12,AAPL,216.52230834960938,211.64525146484374,218.0387870788574,41.84402352042676,0.007129894647444068,0.02012888897166116,220.24496459960938,1
2024-08-13,AAPL,220.24496459960938,214.48793334960936,217.37793655395507,54.46673231586511,0.017192945513906155,0.020856325364023827,220.69290161132812,1
2024-08-14,AAPL,220.69290161132812,216.9052001953125,217.0347640991211,56.5293968760063,0.0020338127254488914,0.0203163239800419,223.6790008544922,1
2024-08-15,AAPL,223.6790008544922,219.22572631835936,217.0745391845703,59.2282433634461,0.01353056315523471,0.019767889012297042,225.00283813476562,1
2024-08-16,AAPL,225.00283813476562,221.22840270996093,217.17404327392578,60.23444311800957,0.00591846921354322,0.01975039947962061,224.84356689453125,0
2024-08-19,AAPL,224.84356689453125,222.8926544189453,217.2829818725586,59.45622780508342,-0.0007078632498803694,0.008653541815422992,225.460693359375,1
2024-08-20,AAPL,225.460693359375,223.93580017089843,217.3705810546875,56.59719031085218,0.0027446925583298754,0.006458634174559348,225.35121154785156,0
2024-08-21,AAPL,225.35121154785156,224.86746215820312,217.7743362426758,62.4458886934854,-0.000485591567612742,0.006977350455673246,223.4898681640625,0
2024-08-22,AAPL,223.4898681640625,224.8296356201172,218.1372184753418,57.57290453854864,-0.008259744294269344,0.007850766259442525,225.78916931152344,1
2024-08-23,AAPL,225.78916931152344,224.98690185546874,218.59170227050782,84.11898876895381,0.010288167272858306,0.007506458798070892,226.12759399414062,1
2024-08-26,AAPL,226.12759399414062,225.24370727539062,219.04918823242187,91.60893000419017,0.001498852596203415,0.007534961499035273,226.97366333007812,1
2024-08-27,AAPL,226.97366333007812,225.54630126953126,219.5211395263672,90.90174879395614,0.003741557237633808,0.006046118311751265,225.44078063964844,0
2024-08-28,AAPL,225.44078063964844,225.56421508789063,219.75339584350587,82.76273118939788,-0.006753570735651748,0.006798767048223058,228.72549438476562,1
2024-08-29,AAPL,228.72549438476562,226.61134033203126,220.33481216430664,82.91431540994033,0.014570184399634423,0.006997154599655335,227.93917846679688,0
2024-08-30,AAPL,227.93917846679688,227.04134216308594,220.80234603881837,78.45132672252561,-0.00343781492344708,0.0070780123198903935,221.738037109375,0
2024-09-03,AAPL,221.738037109375,226.1634307861328,221.48626098632812,53.694771518099394,-0.02720524571130356,0.011499974006024151,219.82691955566406,0
2024-09-04,AAPL,219.82691955566406,224.73408203125,222.17602920532227,48.52629342195024,-0.008618807934915762,0.011613491606739836,221.34983825683594,1
2024-09-05,AAPL,221.34983825683594,223.9158935546875,222.81319274902344,45.16652958683865,0.006927808042118455,0.011984654233683981,219.7970733642578,0
2024-09-06,AAPL,219.7970733642578,222.13020935058594,223.19922790527343,38.894237711707014,-0.0070149809225359405,0.01191550418785498,219.8866424560547,1
2024-09-09,AAPL,219.8866424560547,220.5197021484375,223.44408721923827,39.40851491368227,0.0004075081184016227,0.011208847577855115,219.09034729003906,0
2024-09-10,AAPL,219.09034729003906,219.99016418457032,223.57248916625977,36.40341075891527,-0.0036213894446761596,0.011117971436021265,221.62852478027344,1
2024-09-11,AAPL,221.62852478027344,220.3504852294922,223.64166717529298,43.025402450872264,0.011585072193410095,0.011903236820076771,221.738037109375,1
2024-09-12,AAPL,221.738037109375,220.428125,223.6939239501953,46.63799673139402,0.0004941256059440846,0.01182340933993691,221.4692840576172,0
2024-09-13,AAPL,221.4692840576172,220.76256713867187,223.58343811035155,40.40120279812409,-0.001212029542884685,0.010393255344282417,215.3179168701172,0
2024-09-16,AAPL,215.3179168701172,219.84882202148438,223.09919204711915,30.58091231582371,-0.02777526108721995,0.01298851841029611,215.7857208251953,1
2024-09-17,AAPL,215.7857208251953,219.18789672851562,222.64629974365235,29.686680784919332,0.0021726197330820263,0.010676197018275525,219.66766357421875,1
2024-09-18,AAPL,219.66766357421875,218.79572448730468,222.35664825439454,40.70212501499012,0.01798980365419145,0.012230337060934363,227.80975341796875,1
2024-09-19,AAPL,227.80975341796875,220.01006774902345,222.47957534790038,49.278870860512455,0.037065491166382136,0.016936285985540304,227.1428680419922,0
2024-09-20,AAPL,227.1428680419922,221.14478454589843,222.66222534179687,49.44113463351958,-0.002927378507596279,0.016715358238478965,225.42088317871094,0
2024-09-23,AAPL,225.42088317871094,223.16537780761718,222.64381103515626,56.60723046499563,-0.007581065072062465,0.017062503244130233,226.31671142578125,1
2024-09-24,AAPL,226.31671142578125,225.27157592773438,222.65326690673828,61.6576167996694,0.003974025096690426,0.016922325064039963,225.32135009765625,0
2024-09-25,AAPL,225.32135009765625,226.40231323242188,222.57065124511718,57.47099044055176,-0.004398090277356381,0.01681556302981369,226.46600341796875,1
2024-09-26,AAPL,226.46600341796875,226.13356323242186,222.6219123840332,62.37429865077318,0.005080092586949192,0.016839109285226157,226.73475646972656,1
2024-09-27,AAPL,226.73475646972656,226.05194091796875,222.52237548828126,62.60503906941106,0.0011867258118287705,0.016801532823088668,231.920654296875,1
2024-09-30,AAPL,231.920654296875,227.35189514160157,222.72144927978516,70.00022342893976,0.02287209031333859,0.014081890289745474,225.162109375,0
2024-10-01,AAPL,225.162109375,227.1209747314453,222.8926528930664,55.4309703065554,-0.029141625795965465,0.01826832813782671,225.72946166992188,1
2024-10-02,AAPL,225.72946166992188,227.20259704589844,223.1877799987793,55.97516723310765,0.002519750310106428,0.01763480816688581,224.6245880126953,0
2024-10-03,AAPL,224.6245880126953,226.83431396484374,223.35151748657228,54.75958413489926,-0.0048946807787199065,0.012967273806404105,225.74935913085938,1
2024-10-04,AAPL,225.74935913085938,226.63723449707032,223.64913177490234,66.66263137920754,0.005007337478568852,0.013100814578857322,220.66302490234375,0
2024-10-07,AAPL,220.66302490234375,224.38570861816407,223.6879508972168,57.24463324537645,-0.02253089110905182,0.014743844217551504,224.72412109375,1
2024-10-08,AAPL,224.72412109375,224.29811096191406,223.96963958740236,57.350322798066834,0.018404062906341112,0.016045703509728806,228.47666931152344,1
2024-10-09,AAPL,228.47666931152344,224.84755249023436,224.31204681396486,51.44984135800492,0.016698466544265322,0.016855741952098185,227.97897338867188,0
2024-10-10,AAPL,227.97897338867188,225.5184295654297,224.62409362792968,51.71296368165606,-0.0021783227335696598,0.016841684831072658,226.49588012695312,0
2024-10-11,AAPL,226.49588012695312,225.66773376464843,224.87542343139648,52.09555869592021,-0.0065053949479380035,0.016996717571196918,230.228515625,1
2024-10-14,AAPL,230.228515625,227.5808319091797,225.62095336914064,55.889718410889884,0.016479926681026935,0.016140651877292352,232.76670837402344,1
2024-10-15,AAPL,232.76670837402344,229.18934936523436,226.47000274658203,60.33957970856874,0.011024667131840804,0.01293142956212671,230.70626831054688,0
2024-10-16,AAPL,230.70626831054688,229.63526916503906,227.02193298339844,55.96869655983971,-0.008851953433846371,0.013504968112393026,231.07456970214844,1
2024-10-17,AAPL,231.07456970214844,230.25438842773437,227.18517379760743,56.07562159880836,0.001596408256691939,0.013276653939672096,233.91136169433594,1
2024-10-18,AAPL,233.91136169433594,231.73748474121095,227.52359848022462,53.13207792402861,0.012276521799192697,0.013599061428926579,235.384521484375,1
2024-10-21,AAPL,235.384521484375,232.76868591308593,228.02178039550782,66.76094175887678,0.006297940293999549,0.01001871256082094,234.76739501953125,0
2024-10-22,AAPL,234.76739501953125,233.1688232421875,228.4443145751953,64.84922011937215,-0.0026217801448966682,0.009437996321498086,229.69100952148438,0
2024-10-23,AAPL,229.69100952148438,232.965771484375,228.6627975463867,57.71677719515701,-0.021623043087497518,0.011462178467900328,229.50189208984375,0
2024-10-24,AAPL,229.50189208984375,232.65123596191407,228.81459197998046,55.9640695134353,-0.0008233558293579968,0.011433797612676641,230.3380126953125,1
2024-10-25,AAPL,230.3380126953125,231.9365661621094,228.99475479125977,66.98016191873039,0.0036431970031054473,0.011168027528310502,232.3187713623047,1
2024-10-28,AAPL,232.3187713623047,231.32341613769532,229.01466064453126,64.26460349767228,0.00859935641457632,0.010252892404705023,232.5875244140625,1
2024-10-29,AAPL,232.5875244140625,230.88744201660157,229.38593139648438,58.9077989715354,0.0011568288269685478,0.009631765173126548,229.03407287597656,0
2024-10-30,AAPL,229.03407287597656,230.7560546875,229.5511619567871,52.29982532505262,-0.015277911173601555,0.010463782179004124,224.8634796142578,0
2024-10-31,AAPL,224.8634796142578,229.8283721923828,229.56310653686523,47.5355768954457,-0.018209488262373785,0.011777501712734081,221.8773956298828,0
2024-11-01,AAPL,221.8773956298828,228.13624877929686,229.3695083618164,35.59562990671384,-0.013279541833549291,0.01091809418855901,220.98153686523438,0
2024-11-04,AAPL,220.98153686523438,225.86880187988282,229.38543395996095,28.37842773422217,-0.004037629710341606,0.010170896691596867,222.4148712158203,1
2024-11-05,AAPL,222.4148712158203,223.8342712402344,229.26997146606445,34.552518619226745,0.006486217676457073,0.01091241617681712,221.68826293945312,0
2024-11-06,AAPL,221.68826293945312,222.3651092529297,228.93055114746093,32.704209131542896,-0.003266905096746542,0.009291966403167463,226.4261932373047,1
2024-11-07,AAPL,226.4261932373047,222.67765197753906,228.85291213989257,37.53540886888157,0.021372039435148427,0.012198802777329052,226.15716552734375,0
2024-11-08,AAPL,226.15716552734375,223.53360595703126,228.83597640991212,33.93303831198068,-0.001188147475848722,0.01207715985751807,223.4368133544922,0
2024-11-11,AAPL,223.4368133544922,224.0246612548828,228.49639129638672,31.496240334797236,-0.012028591561573432,0.011870178302948736,223.4368133544922,0
2024-11-12,AAPL,223.4368133544922,224.2290496826172,228.02989654541017,37.72326229837613,0.0,0.011821745624249055,224.3236541748047,1
2024-11-13,AAPL,224.3236541748047,224.7561279296875,227.71076583862305,40.196192548898615,0.003969089994608321,0.011327739384885837,227.41270446777344,1
2024-11-14,AAPL,227.41270446777344,224.95343017578125,227.5276725769043,45.13455243266176,0.01377050629962362,0.010748222911820376,224.2041015625,0
2024-11-15,AAPL,224.2041015625,224.5628173828125,227.0423095703125,36.48374986334044,-0.014109162954561882,0.010874687719866036,227.2134246826172,1
2024-11-18,AAPL,227.2134246826172,225.3181396484375,226.6337547302246,42.03187232371089,0.013422248295838157,0.011349993183944411,227.4724884033203,1
2024-11-19,AAPL,227.4724884033203,226.12527465820312,226.26900939941407,47.64047647399778,0.0011401778793000972,0.011285028276655885,228.18994140625,1
2024-11-20,AAPL,228.18994140625,226.89853210449218,226.19395599365234,56.92488461563833,0.003154020989376116,0.011113947758084133,227.71165466308594,0
2024-11-21,AAPL,227.71165466308594,226.95832214355468,226.10444412231445,63.28850790054754,-0.0020960027432259665,0.009084201521752535,229.05686950683594,1
2024-11-22,AAPL,229.05686950683594,227.9288757324219,226.04038696289064,67.92403892014602,0.0059075362029243905,0.009205032467422164,232.04624938964844,1
2024-11-25,AAPL,232.04624938964844,228.89544067382812,226.02676086425782,69.86518117684754,0.013050819603222186,0.00856008276537362,234.22850036621094,1
2024-11-26,AAPL,234.22850036621094,230.24664306640625,226.10880966186522,74.32927653791637,0.009404379438592514,0.00861011319972279,234.0989532470703,0
2024-11-27,AAPL,234.0989532470703,231.4284454345703,226.36205368041993,68.04159123097516,-0.0005530800860615859,0.008773552650590835,236.490478515625,1
2024-11-29,AAPL,236.490478515625,233.18421020507813,226.9434036254883,72.00308264234702,0.01021587339619856,0.008412197302997667,238.7424774169922,1
2024-12-02,AAPL,238.7424774169922,235.12133178710937,227.78665771484376,83.29444446445541,0.009522577464861515,0.00563506809249348,241.79165649414062,1
2024-12-03,AAPL,241.79165649414062,237.0704132080078,228.82716369628906,85.18113311026292,0.012771833107112718,0.005547008765529031,242.15037536621094,1
2024-12-04,AAPL,242.15037536621094,238.6547882080078,229.8139389038086,84.84811559198693,0.0014835866434415035,0.005512804608517674,242.18028259277344,1
2024-12-05,AAPL,242.18028259277344,240.27105407714845,230.83853988647462,82.7153927509261,0.00012350683544171126,0.005780894736346798,241.98098754882812,0
2024-12-06,AAPL,241.98098754882812,241.36915588378906,231.61627960205078,95.85027360561126,-0.0008229201890908033,0.005594209543316072,245.8771514892578,1
2024-12-09,AAPL,245.8771514892578,242.79609069824218,232.60227890014647,95.97901589681557,0.016101115959135104,0.006420788627371813,246.8935546875,1
2024-12-10,AAPL,246.8935546875,243.81647033691405,233.77511596679688,96.11374953960602,0.004133784664764217,0.006119227201872792,245.6180877685547,0
2024-12-11,AAPL,245.6180877685547,244.5100128173828,234.8841796875,90.54429686674983,-0.005166060007357087,0.0069586336822165095,247.0828857421875,1
2024-12-12,AAPL,247.0828857421875,245.49053344726562,236.02214126586915,93.12957502072678,0.00596372191861172,0.0067040825918747386,247.25228881835938,1
2024-12-13,AAPL,247.25228881835938,246.54479370117187,237.01412048339844,92.73093857243839,0.0006856123428502503,0.006625506724662104,250.15196228027344,1
2024-12-16,AAPL,250.15196228027344,247.399755859375,238.3115135192871,92.62246869544326,0.011727589968011376,0.006845040771505361,252.58334350585938,1
2024-12-17,AAPL,252.58334350585938,248.53771362304687,239.58000946044922,92.64860253589534,0.009719616841789014,0.006504722992066671,247.1725616455078,0
2024-12-18,AAPL,247.1725616455078,248.8486083984375,240.56501312255858,75.04927464168588,-0.021421768297346322,0.010468813056153657,248.90638732910156,1
2024-12-19,AAPL,248.90638732910156,249.21330871582032,241.60083541870117,74.3004051400271,0.007014636544004471,0.010550417916256416,253.5897674560547,1
2024-12-20,AAPL,253.5897674560547,250.48080444335938,242.8947410583496,76.3601681534791,0.018815829425706143,0.01158000702988722,254.3670196533203,1
2024-12-23,AAPL,254.3670196533203,251.32381591796874,244.16024856567384,74.20036338455435,0.003064998264964869,0.010873308643122514,257.2866516113281,1
2024-12-24,AAPL,257.2866516113281,252.2644775390625,245.42226867675782,76.41865949306032,0.011478028723955758,0.011168366533971553,258.1037292480469,1
2024-12-26,AAPL,258.1037292480469,254.45071105957032,246.61603012084962,77.02202165490232,0.0031757482621099786,0.010693485336752491,254.6858673095703,0
2024-12-27,AAPL,254.6858673095703,255.60660705566406,247.6453758239746,69.75945259992966,-0.013242202847801088,0.012133418439272337,251.307861328125,0
2024-12-30,AAPL,251.307861328125,255.1502258300781,248.3862449645996,58.80172515247793,-0.013263421394872132,0.013197237886175823,249.5341796875,0
2024-12-31,AAPL,249.5341796875,254.18365783691405,248.925830078125,54.36068616343298,-0.007057804046603833,0.012946988949225094,242.98741149902344,0
2025-01-02,AAPL,242.98741149902344,251.3238098144531,248.98561782836913,46.86806534080701,-0.026235957722005487,0.014760504771271932,242.4991455078125,0
2025-01-03,AAPL,242.4991455078125,248.20289306640626,249.00305633544923,44.10777520417365,-0.0020094291642466233,0.01339392174738106,244.1333465576172,1
2025-01-06,AAPL,244.1333465576172,246.09238891601564,249.1007095336914,46.291073806110624,0.006738997147319958,0.013373975580226221,241.35321044921875,0
2025-01-07,AAPL,241.35321044921875,244.10145874023436,249.06932067871094,38.808328531139715,-0.011387776998101784,0.011461157549912986,241.8414764404297,1
2025-01-08,AAPL,241.8414764404297,242.56291809082032,248.86753692626954,35.602939321676644,0.0020230349963117344,0.011385450105529032,236.01219177246094,0
2025-01-10,AAPL,236.01219177246094,241.16787414550782,248.32346878051757,34.96471240697993,-0.024103742475309553,0.011230106332888887,233.5708465576172,0
2025-01-13,AAPL,233.5708465576172,239.38221435546876,247.7211067199707,29.617039952125438,-0.010344148734474867,0.010450179587090836,232.45480346679688,0
2025-01-14,AAPL,232.45480346679688,237.0465057373047,246.98970260620118,19.064178130447786,-0.00477817804434344,0.010491033537581159,237.028564453125,1
2025-01-15,AAPL,237.028564453125,236.18157653808595,246.47851638793946,27.709153847976282,0.019675915137548072,0.01369892111682894,227.4525604248047,0
2025-01-16,AAPL,227.4525604248047,233.30379333496094,245.34354629516602,17.14068608147258,-0.04040021104804048,0.01756523890547365,229.16647338867188,1
2025-01-17,AAPL,229.16647338867188,231.9346496582031,244.17270278930664,19.053997482512017,0.007535254651194867,0.017142131589279793,221.85243225097656,0
2025-01-21,AAPL,221.85243225097656,229.590966796875,242.90669631958008,17.33901240349087,-0.03191584279123816,0.01894021018120071,223.03823852539062,1
2025-01-22,AAPL,223.03823852539062,227.70765380859376,241.61328887939453,20.70556215310384,0.005345022645830477,0.018818731328772743,222.8688507080078,0
2025-01-23,AAPL,222.8688507080078,224.8757110595703,240.07724304199218,21.38038138418844,-0.00075945639860997,0.018958155335283666,221.991943359375,0
2025-01-24,AAPL,221.991943359375,223.78358764648436,238.45848922729493,24.16953717503577,-0.0039346339600490055,0.01870809499921424,229.04690551757812,1
2025-01-27,AAPL,229.04690551757812,223.75967407226562,237.04650192260743,36.41768608381505,0.0317802621637584,0.021607361830521313,237.41717529296875,1
2025-01-28,AAPL,237.41717529296875,226.87262268066405,236.0121742248535,44.63825057337873,0.03654391119791067,0.024655785978638392,238.51329040527344,1
2025-01-29,AAPL,238.51329040527344,229.96763305664064,235.20354537963868,48.05234783225577,0.004616831579063785,0.024551428067221128,236.7495574951172,0
2025-01-30,AAPL,236.7495574951172,232.7437744140625,234.4756301879883,46.0428853942968,-0.007394694472410257,0.02397555245507566,235.16519165039062,0
2025-01-31,AAPL,235.16519165039062,235.37842407226563,233.7571807861328,49.829455513168845,-0.006692159687602506,0.01961541232222266,227.20343017578125,0
2025-02-03,AAPL,227.20343017578125,235.00972900390624,232.9679817199707,44.84883040358095,-0.03385603719127683,0.022783465097918756,231.9765167236328,1
2025-02-04,AAPL,231.9765167236328,233.92159729003907,232.4418502807617,50.30862662629418,0.02100798629738443,0.02076516959086686,231.64767456054688,0
2025-02-05,AAPL,231.64767456054688,232.54847412109376,231.81756668090821,45.81017210954887,-0.0014175666042857138,0.02085053116493189,232.39501953125,1
2025-02-06,AAPL,232.39501953125,231.6775665283203,231.36965713500976,56.14334099425357,0.0032262139998637807,0.020787666628161196,226.82481384277344,0
2025-02-07,AAPL,226.82481384277344,230.00949096679688,230.61882400512695,48.25404849766969,-0.023968696488039565,0.02256803009716234,227.0941162109375,1
2025-02-10,AAPL,227.0941162109375,229.9876281738281,230.17292022705078,57.0665636957426,0.0011872703149256036,0.020076464059774687,232.05198669433594,1
2025-02-11,AAPL,232.05198669433594,230.00272216796876,230.09697723388672,60.6375571244447,0.02183178748142156,0.017407699945582302,236.29161071777344,1
2025-02-12,AAPL,236.29161071777344,230.93150939941407,230.28881759643554,64.18465561218662,0.01827014749510436,0.01849832270711191,240.9402313232422,1
2025-02-13,AAPL,240.9402313232422,232.6405517578125,230.4844009399414,68.3197919861866,0.01967323592804604,0.019382225534573326,244.00274658203125,1
2025-02-14,AAPL,244.00274658203125,236.07613830566407,231.31191024780273,65.47546031932487,0.012710684479589673,0.019394779484196864,243.87306213378906,0
2025-02-18,AAPL,243.87306213378906,239.4319274902344,232.0472396850586,58.125274754852995,-0.0005314876576546501,0.014417262002814908,244.27207946777344,1
2025-02-19,AAPL,244.27207946777344,241.87594604492188,233.16822204589843,57.40548539299277,0.001636168138018812,0.01363592318169422,245.22975158691406,1
2025-02-20,AAPL,245.22975158691406,243.66357421875,234.2777976989746,60.88626291017662,0.00392051404821725,0.013448591284162979,244.95042419433594,0
2025-02-21,AAPL,244.95042419433594,244.46561279296876,235.38187637329102,62.943173448095905,-0.0011390436550645644,0.013611120114164968,246.49664306640625,1
2025-02-24,AAPL,246.49664306640625,244.96439208984376,236.60711135864258,80.22642887953782,0.006312374747486027,0.008922260664833459,246.43678283691406,0
2025-02-25,AAPL,246.43678283691406,245.47713623046874,237.4766052246094,76.47961465075532,-0.00024284399473972762,0.009060872338417781,239.77310180664062,0
2025-02-26,AAPL,239.77310180664062,244.57734069824218,237.59440155029296,62.64945800969521,-0.0270401234489549,0.013167319486969769,236.72056579589844,0
2025-02-27,AAPL,236.72056579589844,242.87550354003906,237.50476531982423,56.577265872293076,-0.012730935987990133,0.012913022721668868,241.24948120117188,1
2025-02-28,AAPL,241.24948120117188,242.13531494140625,237.72976150512696,71.51894946381914,0.019131905122169668,0.01282340640460429,237.4487762451172,0
2025-03-03,AAPL,237.4487762451172,240.32574157714845,237.84394073486328,64.30727646501042,-0.015754251313333967,0.012897494737728587,235.35391235351562,0
2025-03-04,AAPL,235.35391235351562,238.10916748046876,238.25146484375,55.20360740596218,-0.0088223823459046,0.013012591829720973,235.1643829345703,0
2025-03-05,AAPL,235.1643829345703,237.1874237060547,238.41085815429688,48.58893838362562,-0.0008052953828132647,0.01292871723496657,234.75538635253906,0
2025-03-06,AAPL,234.75538635253906,236.7943878173828,238.56624374389648,38.84885089156583,-0.0017391944176556873,0.012678688747090909,238.4862518310547,1
2025-03-07,AAPL,238.4862518310547,236.2417419433594,238.8708053588867,40.53059009826042,0.01589256603004152,0.014200559661801315,226.92454528808594,0
2025-03-10,AAPL,226.92454528808594,234.13689575195312,238.87579193115235,28.655264706960097,-0.04847955156408401,0.019839360350380468,220.30075073242188,0
2025-03-11,AAPL,220.30075073242188,231.1262634277344,238.53612365722657,23.670116541672655,-0.02918941424893018,0.020666701799654772,216.45018005371094,0
2025-03-12,AAPL,216.45018005371094,227.3834228515625,237.75603332519532,20.18808816995933,-0.017478699758893934,0.020051802282690816,209.16799926757812,0
2025-03-13,AAPL,209.16799926757812,222.2659454345703,236.39985275268555,17.42235631416257,-0.033643680889180905,0.021412892844310995,212.9687042236328,1
2025-03-14,AAPL,212.9687042236328,217.16243591308594,235.00127639770508,21.35306201550719,0.018170585220316893,0.021258758644340646,213.4774627685547,1
2025-03-17,AAPL,213.4774627685547,214.4730194091797,233.47501220703126,22.12142345624632,0.002388888765495034,0.021690121215820046,212.17066955566406,0
2025-03-18,AAPL,212.17066955566406,212.8470031738281,231.889892578125,24.130336125216672,-0.006121457487563542,0.021728325231679363,214.7144317626953,1
2025-03-19,AAPL,214.7144317626953,212.499853515625,230.4120101928711,29.429912130522055,0.011989226467345793,0.02269181671692645,213.5772247314453,0
2025-03-20,AAPL,213.5772247314453,213.38169860839844,228.82938385009766,22.45025364426904,-0.005296369796450651,0.022596145420162132,217.73704528808594,1
2025-03-21,AAPL,217.73704528808594,214.33536682128906,227.46871490478514,30.943028495567603,0.019476892079065333,0.023061628162268047,220.19102478027344,1
2025-03-24,AAPL,220.19102478027344,215.6780792236328,226.1534339904785,35.67980021761983,0.01127038115604373,0.019032399206184585,223.2036590576172,1
2025-03-25,AAPL,223.2036590576172,217.88467712402343,224.99177780151368,39.549830960813054,0.013681912241200633,0.017176422394077132,220.98907470703125,0
2025-03-26,AAPL,220.98907470703125,219.1396057128906,224.0525764465332,38.218064945599295,-0.009921810242430995,0.016400106043514016,223.3034210205078,1
2025-03-27,AAPL,223.3034210205078,221.08484497070313,223.38171920776367,36.8086479679319,0.010472672988674825,0.010592248880863596,217.36793518066406,0
2025-03-28,AAPL,217.36793518066406,221.01102294921876,222.1876419067383,40.545993565891585,-0.02658036232816441,0.014053657752037908,221.58761596679688,1
2025-03-31,AAPL,221.58761596679688,221.29034118652345,221.39458389282225,51.89911880043721,0.019412618437147255,0.015081204673594566,222.64503479003906,1
2025-04-01,AAPL,222.64503479003906,221.17861633300782,220.75914001464844,57.78252291243624,0.0047720122743710736,0.01466966392848741,223.34332275390625,1
2025-04-02,AAPL,223.34332275390625,221.64946594238282,220.16808700561523,70.54547752079424,0.0031363284814578396,0.014461820003669502,202.69384765625,0
2025-04-03,AAPL,202.69384765625,217.52755126953124,218.56501007080078,40.763817898955,-0.09245620080797823,0.033907368359529455,187.92002868652344,0
2025-04-04,AAPL,187.92002868652344,211.63796997070312,216.0366989135742,30.640492801836402,-0.07288735766061138,0.038821743438221874,181.0169219970703,0
2025-04-07,AAPL,181.0169219970703,203.52383117675782,213.74131774902344,27.866094683170175,-0.0367342786061855,0.038326960488887986,171.9989776611328,0
2025-04-08,AAPL,171.9989776611328,193.39461975097657,211.32622909545898,21.872572707727358,-0.04981823929192353,0.0376176761688773,198.3644561767578,1
2025-04-09,AAPL,198.3644561767578,188.3988464355469,210.42194290161132,44.95267288817229,0.1532885769098551,0.06802878785469205,189.9550323486328,0
2025-04-10,AAPL,189.9550323486328,185.85108337402343,209.46129455566407,39.506950587697794,-0.042393803760042426,0.06842292506713399,197.66615295410156,1
2025-04-11,AAPL,197.66615295410156,187.80030822753906,208.6961669921875,42.58583724066942,0.040594452856169694,0.07032449852863745,202.02549743652344,1
2025-04-14,AAPL,202.02549743652344,192.00202331542968,208.12356872558593,43.40818463919716,0.02205407661995684,0.07044088247572733,201.6464080810547,0
2025-04-15,AAPL,201.6464080810547,197.93150939941407,207.59735565185548,44.01399287777244,-0.0018764431236599766,0.0703482770247958,193.79563903808594,0
2025-04-16,AAPL,193.79563903808594,197.0177459716797,206.551416015625,40.21205835032897,-0.03893334435103357,0.07088351102227856,196.4990234375,1
2025-04-17,AAPL,196.4990234375,198.32654418945313,205.69750595092773,43.424702400503406,0.013949665806890499,0.06520939911437233,192.6883544921875,0
2025-04-21,AAPL,192.6883544921875,197.33098449707032,204.4450714111328,40.1485882286981,-0.019392813657033492,0.060721789974003765,199.25228881835938,1
2025-04-22,AAPL,199.25228881835938,196.7763427734375,203.39813461303712,42.96918513713698,0.03406502870124406,0.059551233273185775,204.1004180908203,1
2025-04-23,AAPL,204.1004180908203,197.26714477539062,202.44297256469727,44.84975384663755,0.02433161145205487,0.05560116112685493,207.8612060546875,1
2025-04-24,AAPL,207.8612060546875,200.08025817871095,201.78657913208008,53.92735007291767,0.018426164919435495,0.029543170547164054,208.76898193359375,1
2025-04-25,AAPL,208.76898193359375,202.53424987792968,201.0598571777344,62.187283973040536,0.004367221263343435,0.02445641696284476,209.62689208984375,1
2025-04-28,AAPL,209.62689208984375,205.92195739746094,200.67280502319335,67.40496430762165,0.004109375580146679,0.021936757674505866,210.6942901611328,1
2025-04-29,AAPL,210.6942901611328,208.21035766601562,200.12813873291014,75.73832854342922,0.005091894749990278,0.021210702947903743,211.9811248779297,1
2025-04-30,AAPL,211.9811248779297,209.7864990234375,199.59494323730468,62.786058462511996,0.006107591790042166,0.02109758277262118,212.79913330078125,1
2025-05-01,AAPL,212.79913330078125,210.77408447265626,199.06773376464844,74.61503734106236,0.0038588738658813515,0.014437041901863465,204.8485870361328,0
2025-05-02,AAPL,204.8485870361328,209.99000549316406,199.17547073364258,58.29261621348995,-0.037361741757710676,0.020515345529376117,198.40435791015625,0
2025-05-05,AAPL,198.40435791015625,207.74549865722656,199.6996871948242,46.97624402269964,-0.03145849927117084,0.022341125543350427,198.02528381347656,0
2025-05-06,AAPL,198.02528381347656,205.21169738769532,200.55010528564452,46.9696481200676,-0.0019106137620794605,0.019530173556733563,195.7707977294922,0
2025-05-07,AAPL,195.7707977294922,201.96963195800782,201.7386962890625,52.96523637816265,-0.011384839554669735,0.01767348011230048,197.00778198242188,1
2025-05-08,AAPL,197.00778198242188,198.81136169433594,201.6708625793457,51.24115039246048,0.006318533035958307,0.01632881763751703,198.0452423095703,1
2025-05-09,AAPL,198.0452423095703,197.45069274902343,202.07537307739258,57.68498618014302,0.0052660880535218,0.016389855217819084,210.55104064941406,1
2025-05-12,AAPL,210.55104064941406,199.880029296875,202.7196174621582,63.19978894330487,0.06314616899655467,0.027174597873875474,212.68861389160156,1
2025-05-13,AAPL,212.68861389160156,202.8126953125,203.2527732849121,60.702647790478636,0.010152280585241868,0.027310851435443557,212.08929443359375,0
2025-05-14,AAPL,212.08929443359375,206.0763946533203,203.77491760253906,56.07300338138185,-0.0028178257737542234,0.027281140378746464,211.21029663085938,0
2025-05-15,AAPL,211.21029663085938,208.91689758300782,204.64565048217773,53.876377130826015,-0.004144470399044975,0.027285164843966443,211.0205078125,0
2025-05-16,AAPL,211.0205078125,211.51195068359374,205.37172470092773,52.623460751855426,-0.0008985774907133148,0.024043630375856485,208.54331970214844,0
2025-05-19,AAPL,208.54331970214844,211.11040649414062,206.1644729614258,48.253471992268935,-0.01173908704907789,0.021563566904209144,206.62550354003906,0
2025-05-20,AAPL,206.62550354003906,209.8977844238281,206.53313369750975,44.44789781042719,-0.00919624836148425,0.021950074321594956,201.86090087890625,0
2025-05-21,AAPL,201.86090087890625,207.85210571289062,206.42115783691406,38.785230352087744,-0.023059121838798324,0.02316391904789543,201.13172912597656,0
2025-05-22,AAPL,201.13172912597656,205.83639221191407,206.0846839904785,45.85680906280353,-0.0036122485818445016,0.02323303443812431,195.04864501953125,0
2025-05-23,AAPL,195.04864501953125,202.64201965332032,205.3986671447754,46.159599605083976,-0.03024427887573744,0.02534843278064302,199.98304748535156,1
2025-05-27,AAPL,199.98304748535156,200.92996520996093,204.91647491455078,53.15630928627147,0.025298317070217013,0.015628476240739184,200.1927947998047,1
2025-05-28,AAPL,200.1927947998047,199.64342346191407,204.3914001464844,56.47864085743876,0.0010488254734115632,0.014893985156597189,199.72332763671875,0
2025-05-29,AAPL,199.72332763671875,199.21590881347657,203.77851028442382,54.36722092577808,-0.00234507522388816,0.01490572958973462,200.622314453125,1
2025-05-30,AAPL,200.622314453125,199.11402587890626,203.169669342041,54.18561279056089,0.004501160816033689,0.015264584042723418,201.47134399414062,1
2025-06-02,AAPL,201.47134399414062,200.39856567382813,203.0008071899414,33.935576141603875,0.00423197959474253,0.015503032030351567,203.03956604003906,1
2025-06-03,AAPL,203.03956604003906,201.00986938476564,203.23256759643556,32.74043455885159,0.007783846649397574,0.015719492830510204,202.590087890625,0
2025-06-04,AAPL,202.590087890625,201.48932800292968,203.46080780029297,32.89220151855177,-0.002213746602105271,0.015546048677288362,200.40257263183594,0
2025-06-05,AAPL,200.40257263183594,201.62517700195312,203.69239654541016,31.294477330174516,-0.010797740805414291,0.014105114608355033,203.68882751464844,1
2025-06-06,AAPL,203.68882751464844,202.2384796142578,204.02644882202148,38.86824484707576,0.01639826694665114,0.015025202026277868,201.2216339111328,0
2025-06-09,AAPL,201.2216339111328,202.18853759765625,204.1852684020996,38.77326971221156,-0.012112562253018933,0.01145712112032036,202.44024658203125,1
2025-06-10,AAPL,202.44024658203125,202.06867370605468,203.77972869873048,43.631962247821036,0.00605607184084711,0.00858545387856757,198.55465698242188,0
2025-06-11,AAPL,198.55465698242188,201.26158752441407,203.0730308532715,44.78840585732442,-0.019193760456297837,0.01075240225358973,198.97418212890625,1
2025-06-12,AAPL,198.97418212890625,200.9759094238281,202.41727523803712,46.7175036219171,0.002112895022762018,0.0107722005096483,196.227294921875,0
2025-06-13,AAPL,196.227294921875,199.48360290527344,201.6681251525879,52.722144855340865,-0.013805244367089187,0.011398516139601984,198.195068359375,1
2025-06-16,AAPL,198.195068359375,198.87828979492187,201.02685317993163,46.31220652057512,0.010028031208825672,0.011895831448978593,195.418212890625,0
2025-06-17,AAPL,195.418212890625,197.47388305664063,200.37059783935547,40.697347137346746,-0.014010719296581597,0.011986948684313567,196.35714721679688,1
2025-06-18,AAPL,196.35714721679688,197.0343811035156,199.85718002319337,43.667827664470295,0.004804743182752258,0.01228881216593786,200.7721405029297,1
2025-06-20,AAPL,200.7721405029297,197.39397277832032,199.80274200439453,50.604842114182986,0.02248450514132916,0.014300272223696267,201.27157592773438,1
2025-06-23,AAPL,201.27157592773438,198.4028289794922,199.80973434448242,50.00767398926542,0.00248757334336136,0.013191323294279732,200.07293701171875,0
2025-06-24,AAPL,200.07293701171875,198.77840270996094,200.0609489440918,45.18569553004257,-0.005955331300461331,0.012757518420819474,201.33151245117188,1
2025-06-25,AAPL,201.33151245117188,199.9610626220703,200.1283721923828,48.22138244936231,0.0062905831155934955,0.012771115485802002,200.7721405029297,0
2025-06-26,AAPL,200.7721405029297,200.84406127929688,200.15733947753907,51.01310373151233,-0.0027783626191049127,0.011034801268129585,200.85205078125,1
2025-06-27,AAPL,200.85205078125,200.86004333496095,200.21377563476562,44.615675940030386,0.00039801477495893245,0.011031773333613765,204.93740844726562,1
2025-06-30,AAPL,204.93740844726562,201.59320983886718,200.42953033447264,57.36509038964796,0.020340134193924886,0.01122466969929892,207.58441162109375,1
2025-07-01,AAPL,207.58441162109375,203.0955047607422,200.7351837158203,59.490570757725266,0.012916154224275056,0.011420757918809936,212.1991729736328,1
2025-07-02,AAPL,212.1991729736328,205.26903686523437,201.1931640625,74.01246287822298,0.022230770203315764,0.010540716339311636,213.30792236328125,1
2025-07-03,AAPL,213.30792236328125,207.77619323730468,201.72905578613282,74.57506512170396,0.005225041050401336,0.010525961581275238,209.7119903564453,0
2025-07-07,AAPL,209.7119903564453,209.54818115234374,202.19452667236328,73.02436589550219,-0.016857939297312052,0.011921643928659737,209.7719268798828,1
2025-07-08,AAPL,209.7719268798828,210.51508483886718,202.498681640625,71.10701694150212,0.0002858039892503772,0.011981677796996193,210.90065002441406,1
2025-07-09,AAPL,210.90065002441406,211.17833251953124,202.98263244628907,80.07434853593966,0.005380715910463962,0.01143699202246342,212.16920471191406,1
2025-07-10,AAPL,212.16920471191406,211.1723388671875,203.4690803527832,80.26034714227299,0.006014939675876629,0.011434786692886547,210.92062377929688,0
2025-07-11,AAPL,210.92062377929688,210.69487915039062,204.08737869262694,72.15609258686587,-0.005884835805047839,0.011717798342444529,208.3834991455078,0
2025-07-14,AAPL,208.3834991455078,210.42918090820314,204.55784454345704,64.51080875595841,-0.012028812490351148,0.012863566329106058,208.87295532226562,1
2025-07-15,AAPL,208.87295532226562,210.2493865966797,205.19012756347655,68.44035481305862,0.0023488240612374867,0.011469975063972928,209.92176818847656,1
2025-07-16,AAPL,209.92176818847656,210.0536102294922,205.77646255493164,68.10004645189325,0.0050212956703405975,0.010889305161109789,209.78192138671875,0
2025-07-17,AAPL,209.78192138671875,209.57615356445314,206.49464797973633,69.34433726425355,-0.0006661853268702389,0.007991280912223373,210.9405975341797,1
2025-07-18,AAPL,210.9405975341797,209.58014831542968,207.22382049560548,70.64578761340397,0.005523241182089356,0.00801808396231531,212.23912048339844,1
2025-07-21,AAPL,212.23912048339844,210.3512725830078,207.79716949462892,66.73771398385273,0.0061558702516160135,0.0060493130530313985,214.15695190429688,1
2025-07-22,AAPL,214.15695190429688,211.40807189941407,208.44143829345703,65.48059205237696,0.009036182474420285,0.006514912580705879,213.9072265625,0
2025-07-23,AAPL,213.9072265625,212.20516357421874,209.1331527709961,55.13999684038662,-0.0011660856188711044,0.006476329658295685,213.51766967773438,0
2025-07-24,AAPL,213.51766967773438,212.9523132324219,209.74246063232422,50.8580505079664,-0.0018211487803653226,0.006333147286407625,213.63754272460938,1
2025-07-25,AAPL,213.63754272460938,213.4917022705078,210.3857307434082,65.15558390340016,0.0005614197975087887,0.005907654969774957,213.80735778808594,1
2025-07-28,AAPL,213.80735778808594,213.80534973144532,211.03349609375,65.43983078930964,0.0007948746335069146,0.0036567667540078797,211.03050231933594,0
2025-07-29,AAPL,211.03050231933594,213.18005981445313,211.33815078735353,50.64411965960428,-0.012987651582609505,0.006138124484643926,208.81301879882812,0
2025-07-30,AAPL,208.81301879882812,212.16121826171874,211.39958114624022,39.516778085894195,-0.010507881543836084,0.006933312418751802,207.33470153808594,0
2025-07-31,AAPL,207.33470153808594,210.92462463378905,211.1563575744629,38.893070557171555,-0.007079622090835236,0.007239465507926035,202.1505889892578,0
2025-08-01,AAPL,202.1505889892578,208.62723388671876,210.5984909057617,33.20222894821431,-0.0250035932739211,0.010016752141362774,203.11949157714844,1
2025-08-04,AAPL,203.11949157714844,206.48966064453126,210.26886596679688,34.99401233578878,0.004792974350137147,0.00986833822828119,202.68995666503906,0
2025-08-05,AAPL,202.68995666503906,204.82155151367186,209.91476745605468,30.454739213944634,-0.0021146907604691068,0.008756558548860779,213.0082550048828,1
2025-08-06,AAPL,213.0082550048828,205.6605987548828,210.02014770507813,56.17205755313052,0.05090680618623611,0.019936014318166103,219.7805633544922,1
2025-08-07,AAPL,219.7805633544922,208.14977111816407,210.40071563720704,63.161861245220955,0.03179364268982976,0.022330980460377757,229.0900115966797,1
2025-08-08,AAPL,229.0900115966797,213.53765563964845,211.30918502807617,69.79926076296748,0.04235792328538146,0.025488108768963635,227.17999267578125,0
2025-08-11,AAPL,227.17999267578125,218.349755859375,212.24900970458984,65.52985514303404,-0.008337416841468825,0.025907054445429255,229.64999389648438,1
2025-08-12,AAPL,229.64999389648438,223.74176330566405,213.2878616333008,67.6790646162736,0.010872441677679756,0.025008059032262074,233.3300018310547,1
2025-08-13,AAPL,233.3300018310547,227.80611267089844,214.4582733154297,70.53973707040663,0.01602441991019199,0.024127724418091242,232.77999877929688,0
2025-08-14,AAPL,232.77999877929688,230.40599975585937,215.6081771850586,69.73057412403817,-0.0023571895917441354,0.023768925556973568,231.58999633789062,0
2025-08-15,AAPL,231.58999633789062,230.90599670410157,216.64064712524413,68.07787033109618,-0.005112133549474374,0.02101027314572555,230.88999938964844,0
2025-08-18,AAPL,230.88999938964844,231.647998046875,217.57319107055665,71.15754763430003,-0.0030225698834628334,0.02152502578442599,230.55999755859375,0
2025-08-19,AAPL,230.55999755859375,231.8299987792969,218.3933433532715,74.21625065484753,-0.001429259958971918,0.021472216347220244,226.00999450683594,0
2025-08-20,AAPL,226.00999450683594,230.36599731445312,218.99848175048828,70.02075138735573,-0.019734572779050663,0.01917487206151741,224.89999389648438,0
2025-08-21,AAPL,224.89999389648438,228.7899963378906,219.56759796142578,76.92508718481972,-0.004911289931109564,0.01711350128706683,227.75999450683594,1
2025-08-22,AAPL,227.75999450683594,228.02399597167968,220.27372055053712,77.78880214935366,0.012716766064777785,0.01085185347755902,227.16000366210938,0
2025-08-25,AAPL,227.16000366210938,227.2779968261719,220.94135284423828,77.59832783115364,-0.0026343118159346535,0.010541314785856641,229.30999755859375,1
2025-08-26,AAPL,229.30999755859375,227.0279968261719,221.85532760620117,72.16188869747035,0.009464667467088184,0.010388892044644648,230.49000549316406,1
2025-08-27,AAPL,230.49000549316406,227.9239990234375,222.93917694091797,67.01466359799548,0.00514590705653295,0.00898801651295863,232.55999755859375,1
2025-08-28,AAPL,232.55999755859375,229.45599975585938,224.20044174194337,57.073207286768884,0.008980832210059075,0.009523242927051109,232.13999938964844,0
2025-08-29,AAPL,232.13999938964844,230.33200073242188,225.69991226196288,60.65023215267121,-0.00180597769760249,0.009384492994277713,229.72000122070312,0
2025-09-02,AAPL,229.72000122070312,230.84400024414063,227.02993774414062,50.43393279504441,-0.010424735828844955,0.009948642807882694,238.47000122070312,1
2025-09-03,AAPL,238.47000122070312,232.6760009765625,228.81893997192384,59.125785652748625,0.038089848308826335,0.01570565191185826,239.77999877929688,1
2025-09-04,AAPL,239.77999877929688,234.53399963378905,230.15752716064452,61.94750707953286,0.005493343195739575,0.013420797574321667,239.69000244140625,0
2025-09-05,AAPL,239.69000244140625,235.96000061035156,231.15299911499022,64.3095339995632,-0.00037532879451496193,0.013083012612319846,237.8800048828125,0
2025-09-08,AAPL,237.8800048828125,237.10800170898438,231.59249877929688,62.04756178981231,-0.007551410322323426,0.013567880158510362,234.35000610351562,0
2025-09-09,AAPL,234.35000610351562,238.03400268554688,231.95099945068358,56.19487589957243,-0.014839409394815983,0.014770457538740884,226.7899932861328,0
2025-09-10,AAPL,226.7899932861328,235.6980010986328,231.80799942016603,51.64499381747212,-0.03225949486019408,0.018284845173052695,230.02999877929688,1
2025-09-11,AAPL,230.02999877929688,233.7480010986328,231.64299926757812,57.401500862112236,0.014286368839370622,0.018843616622311373,234.07000732421875,1
2025-09-12,AAPL,234.07000732421875,232.6240020751953,231.7074996948242,58.6236612559119,0.017562963814985233,0.01948466875108793,236.6999969482422,1
2025-09-15,AAPL,236.6999969482422,232.38800048828125,231.9629997253418,62.11254731199875,0.011235910376080627,0.01972454578404525,238.14999389648438,1
2025-09-16,AAPL,238.14999389648438,233.147998046875,232.32599945068358,61.38628808871848,0.0061258849469238985,0.019243307651896954,238.99000549316406,1
2025-09-17,AAPL,238.99000549316406,235.58800048828124,232.74749984741212,61.02407617515498,0.0035272375318422533,0.015040568358444696,237.8800048828125,0
2025-09-18,AAPL,237.8800048828125,237.1580017089844,233.34100036621095,57.258434909968344,-0.0046445482440198305,0.01499476257455316,245.5,1
2025-09-19,AAPL,245.5,239.44400024414062,234.37100067138672,64.67868934948612,0.03203293660995743,0.018225301166682056,256.0799865722656,1
2025-09-22,AAPL,256.0799865722656,243.31999816894532,235.7870002746582,74.18219508464915,0.04309566831880085,0.02179473216455953,254.42999267578125,0
2025-09-23,AAPL,254.42999267578125,246.57599792480468,237.1504997253418,66.85605686676831,-0.006443275472520216,0.02098020951600017,252.30999755859375,0
2025-09-24,AAPL,252.30999755859375,249.23999633789063,238.3004997253418,63.20261544512481,-0.008332331793480807,0.016761601139283763,256.8699951171875,1
2025-09-25,AAPL,256.8699951171875,253.03799438476562,239.61949920654297,66.33319738468208,0.018072995928489766,0.01689026977644705,255.4600067138672,0
2025-09-26,AAPL,255.4600067138672,255.02999572753907,240.76449966430664,66.96086401185273,-0.005489112898051984,0.01749128843320533,254.42999267578125,0
2025-09-29,AAPL,254.42999267578125,254.6999969482422,241.87899932861328,70.4544966678064,-0.004031997224675621,0.01792741391744441,254.6300048828125,1
2025-09-30,AAPL,254.6300048828125,254.73999938964843,243.12449951171874,83.52495373194768,0.0007861188255666729,0.018048409747058822,255.4499969482422,1
2025-10-01,AAPL,255.4499969482422,255.3679992675781,243.9734992980957,82.4173469692644,0.003220327729275496,0.018054961533925298,257.1300048828125,1
2025-10-02,AAPL,257.1300048828125,255.4200012207031,244.84099960327148,81.15986344604615,0.00657666061710982,0.01760592275422669,258.0199890136719,1
2025-10-03,AAPL,258.0199890136719,255.93199768066407,245.75749893188475,80.15550353601817,0.0034612223931820285,0.015449469685138903,256.69000244140625,0
2025-10-06,AAPL,256.69000244140625,256.3839996337891,246.69799880981446,76.46435140532466,-0.005154587353288997,0.008000306374185154,256.4800109863281,0
2025-10-07,AAPL,256.4800109863281,256.7540008544922,247.80449905395508,75.44036812085086,-0.0008180741481198517,0.007666912282572311,258.05999755859375,1
2025-10-08,AAPL,258.05999755859375,257.2760009765625,249.3679992675781,78.93212631420334,0.006160271773966164,0.007090833331426595,254.0399932861328,0
2025-10-09,AAPL,254.0399932861328,256.6579986572266,250.56849899291993,63.96241091689287,-0.015577789314472068,0.006738403900223294,245.27000427246094,0
2025-10-10,AAPL,245.27000427246094,254.10800170898438,251.12849884033204,32.26178710857947,-0.034522080166306646,0.012573813650213659,247.66000366210938,1
2025-10-13,AAPL,247.66000366210938,252.302001953125,251.6764991760254,39.37906294214788,0.009744360696440912,0.013302293044223234,247.77000427246094,1
2025-10-14,AAPL,247.77000427246094,250.56000061035155,252.15749969482422,42.491858898112305,0.0004441597703503941,0.013293022252346768,249.33999633789062,1
2025-10-15,AAPL,249.33999633789062,248.81600036621094,252.67499923706055,35.89565959401088,0.0063364896410271765,0.013481030636746652,247.4499969482422,0
2025-10-16,AAPL,247.4499969482422,247.4980010986328,253.15349884033202,35.17684818898461,-0.007580008893106838,0.01318120198634214,252.2899932861328,1
2025-10-17,AAPL,252.2899932861328,248.9019989013672,253.49299850463868,46.93040343343533,0.019559492412937862,0.015015293992642939,262.239990234375,1
2025-10-20,AAPL,262.239990234375,251.8179962158203,253.80099868774414,59.864530869237996,0.03943873008454002,0.019860758081902567,262.7699890136719,1
2025-10-21,AAPL,262.7699890136719,254.8179931640625,254.21799850463867,59.55871565527756,0.002021044840732289,0.019831208327210127,258.45001220703125,0
2025-10-22,AAPL,258.45001220703125,256.63999633789064,254.52499923706054,52.11441381045166,-0.016440145325788524,0.02065154457863917,259.5799865722656,1
2025-10-23,AAPL,259.5799865722656,259.0659942626953,254.66049880981444,52.37378831752976,0.004372119604812541,0.01989238255827916,262.82000732421875,1
2025-10-24,AAPL,262.82000732421875,261.1719970703125,255.02849884033202,57.299384790149695,0.012481781799657865,0.015219546370145352,268.80999755859375,1
2025-10-27,AAPL,268.80999755859375,262.4859985351562,255.74749908447265,62.46511122894556,0.02279122619072771,0.016015735863222434,269.0,1
2025-10-28,AAPL,269.0,263.73200073242185,256.465998840332,61.399084878826834,0.0007068280314419528,0.016001551909123113,269.70001220703125,1
2025-10-29,AAPL,269.70001220703125,265.98200073242185,257.17849960327146,67.3022783966305,0.0026022758625696696,0.01609753163157434,271.3999938964844,1
2025-10-30,AAPL,271.3999938964844,268.34600219726565,257.8919990539551,84.07382031709133,0.006303231785351748,0.01517736683121336,270.3699951171875,0
2025-10-31,AAPL,270.3699951171875,269.8559997558594,258.50949935913087,80.80017563993226,-0.0037951319176879883,0.015234322542610444,269.04998779296875,0
2025-11-03,AAPL,269.04998779296875,269.90399780273435,259.127498626709,78.1010231004769,-0.0048822256465500535,0.010464303391153342,270.0400085449219,1
2025-11-04,AAPL,270.0400085449219,270.11199951171875,259.80549850463865,77.70429884841823,0.003679690752169673,0.010466968315425717,270.1400146484375,1
2025-11-05,AAPL,270.1400146484375,270.2,260.40949935913085,81.98741637397652,0.00037033809935982376,0.008124612888253738,269.7699890136719,0
2025-11-06,AAPL,269.7699890136719,269.8739990234375,261.1959991455078,78.15564504357323,-0.001369754996301431,0.008332000059945752,268.4700012207031,0
2025-11-07,AAPL,268.4700012207031,269.49400024414064,262.3559989929199,63.86418770728194,-0.004818874767062664,0.008143531286749727,269.42999267578125,1
2020-12-09,MSFT,203.61093139648438,205.86043701171874,205.75849227905275,52.09721130065239,-0.019489631997220647,0.008485242736974435,202.38038635253906,0
2020-12-10,MSFT,202.38038635253906,205.14519958496095,205.4958297729492,45.52002646862647,-0.006043609915761916,0.008624387035521635,205.014404296875,1
2020-12-11,MSFT,205.014404296875,204.9336944580078,205.41808319091797,57.24653426182273,0.013015183891128546,0.009513153533767575,205.9180908203125,1
2020-12-14,MSFT,205.9180908203125,204.9163848876953,205.33422470092773,59.87605691978026,0.004407917221898705,0.009501427081107076,205.850830078125,0
2020-12-15,MSFT,205.850830078125,204.5549285888672,205.21248321533204,51.02522080600176,-0.000326638334298579,0.00884498039210543,210.8016815185547,1
2020-12-16,MSFT,210.8016815185547,205.99307861328126,205.47108306884766,61.99926748581185,0.024050675134760002,0.011744560219248058,210.93626403808594,1
2020-12-17,MSFT,210.93626403808594,207.70425415039062,205.8719581604004,59.855488719859686,0.0006384319070025235,0.011493491198588592,210.13836669921875,0
2020-12-18,MSFT,210.13836669921875,208.7290466308594,206.1685302734375,60.819271434335846,-0.0037826465852410784,0.011653811670365244,213.98365783691406,1
2020-12-21,MSFT,213.98365783691406,210.3421600341797,206.75494384765625,63.82839454500118,0.018298853265568793,0.01268078039371462,215.28152465820312,1
2020-12-22,MSFT,215.28152465820312,212.22829895019532,207.4197090148926,68.0664930986498,0.006065261405514555,0.012624561482848335,212.47439575195312,0
2020-12-23,MSFT,212.47439575195312,212.562841796875,207.7638671875,63.57417317890475,-0.013039339584327125,0.011415954804708356,214.13751220703125,1
2020-12-24,MSFT,214.13751220703125,213.20309143066407,208.1906997680664,65.68618507802995,0.007827373501603896,0.010844044855473868,216.26210021972656,1
2020-12-28,MSFT,216.26210021972656,214.42783813476564,208.65839080810548,68.3682269732745,0.009921605938156386,0.01065514348244615,215.4833221435547,0
2020-12-29,MSFT,215.4833221435547,214.72777099609374,209.1429000854492,64.53637317100834,-0.0036010844035113676,0.011032820361099165,213.10890197753906,0
2020-12-30,MSFT,213.10890197753906,214.29324645996093,209.40582504272462,69.01581792515567,-0.011019043805319595,0.012036381840977939,213.8202667236328,1
2020-12-31,MSFT,213.8202667236328,214.5624206542969,209.74469451904298,73.37785395731463,0.0033380339323823005,0.009661818864779945,209.273193359375,0
2021-01-04,MSFT,209.273193359375,213.5895568847656,209.9105255126953,58.4311995409368,-0.02126586704774347,0.01205623293870407,209.47503662109375,1
2021-01-05,MSFT,209.47503662109375,212.23214416503907,210.08068084716797,57.27814975165881,0.0009644964960806579,0.012015882729283651,204.04348754882812,0
2021-01-06,MSFT,204.04348754882812,209.94417724609374,209.9826232910156,47.48480760919473,-0.025929338215562203,0.012556991003739226,209.84994506835938,1
2021-01-07,MSFT,209.84994506835938,209.29238586425782,210.09221496582032,48.98593906029703,0.02845696076500226,0.01616334267112327,211.1285400390625,1
2021-01-08,MSFT,211.1285400390625,208.75404052734376,210.4680953979492,50.72935829292681,0.006092901145561935,0.015898766905018263,209.08091735839844,0
2021-01-11,MSFT,209.08091735839844,208.71558532714843,210.8031219482422,48.916235268259264,-0.00969846464284374,0.015842061567525725,206.619873046875,0
2021-01-12,MSFT,206.619873046875,208.1445526123047,210.88339538574218,39.41531715026882,-0.01177077440933938,0.015467309915687972,207.97532653808594,1
2021-01-13,MSFT,207.97532653808594,208.93092041015626,210.98625717163085,39.60330632427677,0.0065601312749981044,0.015857625436975678,204.7837371826172,0
2021-01-14,MSFT,204.7837371826172,207.9176788330078,210.93290252685546,39.038684294745586,-0.015345999973147229,0.01614424184266194,204.42803955078125,0
2021-01-15,MSFT,204.42803955078125,206.57757873535155,210.6142204284668,35.53856135602412,-0.001736942770600658,0.015971680330540562,208.07150268554688,1
2021-01-19,MSFT,208.07150268554688,206.37569580078124,210.47098236083986,38.651693230253976,0.01782271719071371,0.01615856808781254,215.66603088378906,1
2021-01-20,MSFT,215.66603088378906,208.18492736816407,210.74736557006835,50.75531399281277,0.03649960758787629,0.019965223675513052,216.2716522216797,1
2021-01-21,MSFT,216.2716522216797,209.8441925048828,210.86176528930665,54.46002350665002,0.002808144311873484,0.01720004072547595,217.21377563476562,1
2021-01-22,MSFT,217.21377563476562,212.3302001953125,210.95837783813477,54.70495397944265,0.004356203891762167,0.015280242886406578,220.65536499023438,1
2021-01-25,MSFT,220.65536499023438,215.57566528320314,211.36742630004883,64.93414285676667,0.015844249957956746,0.015763442463817553,223.3471221923828,1
2021-01-26,MSFT,223.3471221923828,218.63078918457032,211.8279067993164,66.95311544774378,0.012198920258601254,0.015072485635950596,223.8950958251953,1
2021-01-27,MSFT,223.8950958251953,220.27660217285157,212.20955657958984,77.53964004438984,0.0024534618016724963,0.013746017536551722,229.69192504882812,1
2021-01-28,MSFT,229.69192504882812,222.96065673828124,212.91998672485352,77.19875701303147,0.025890827140576,0.014815800144686603,222.99142456054688,0
2021-01-29,MSFT,222.99142456054688,224.1161865234375,213.41411285400392,64.75617461641579,-0.02917168501616607,0.01779714517713751,230.38412475585938,1
2021-02-01,MSFT,230.38412475585938,226.0619384765625,214.24230575561523,73.08804908534485,0.03315239682369597,0.018909578491273733,230.24949645996094,0
2021-02-02,MSFT,230.24949645996094,227.44241333007812,215.29112091064454,77.08751203542232,-0.0005843644653948932,0.019193627441501052,233.60458374023438,1
2021-02-03,MSFT,233.60458374023438,229.38431091308593,216.49759826660156,77.95158470048825,0.014571529283916806,0.017000863329204367,232.65283203125,0
2021-02-04,MSFT,232.65283203125,229.97649230957032,217.92806549072264,82.31940984590406,-0.004074199631470932,0.01737638962776217,232.8354949951172,1
2021-02-05,MSFT,232.8354949951172,231.94530639648437,219.07734298706055,83.10290207556537,0.0007851310567439374,0.017483713012322245,233.0950469970703,1
2021-02-08,MSFT,233.0950469970703,232.48749084472655,220.17566833496093,81.56443980260087,0.0011147441327987728,0.017285134104869964,234.34478759765625,1
2021-02-09,MSFT,234.34478759765625,233.30654907226562,221.43886184692383,77.7969119734548,0.005361506461360577,0.017131126227630782,233.43148803710938,0
2021-02-10,MSFT,233.43148803710938,233.2719299316406,222.77944259643556,75.41484724827075,-0.003897247171184781,0.017350268883198645,235.03697204589844,1
2021-02-11,MSFT,235.03697204589844,233.7487579345703,224.13252487182618,75.81229205950234,0.006877752535826787,0.015685035257345444,235.51763916015625,1
2021-02-12,MSFT,235.51763916015625,234.28518676757812,225.66921997070312,73.46475211891837,0.00204507022905287,0.011151694963801105,234.2775115966797,0
2021-02-16,MSFT,234.2775115966797,234.5216796875,227.16169357299805,68.21109764073918,-0.005265540058480567,0.006014776213636582,235.298828125,1
2021-02-17,MSFT,235.298828125,234.71248779296874,228.5230598449707,68.65286225764947,0.004359430494884853,0.006009925261184003,234.90380859375,0
2021-02-18,MSFT,234.90380859375,235.00695190429687,229.48494873046874,60.446181327564545,-0.00167879939903548,0.004219793476455237,232.1865692138672,0
2021-02-19,MSFT,232.1865692138672,234.43687133789064,230.28069458007812,71.60794162730788,-0.011567455615766886,0.0055805827377141265,225.9620819091797,0
2021-02-22,MSFT,225.9620819091797,232.5257598876953,230.71810989379884,39.45926963833006,-0.02680812816073841,0.01006596084110925,224.76724243164062,0
2021-02-23,MSFT,224.76724243164062,230.6237060546875,230.92370376586913,37.478428030523624,-0.005287787523657661,0.009982255930260206,226.00059509277344,1
2021-02-24,MSFT,226.00059509277344,228.7640594482422,231.05637741088867,30.76570530162259,0.00548724381626875,0.009994849961254812,220.64328002929688,0
2021-02-25,MSFT,220.64328002929688,225.91195373535157,230.89378662109374,24.971890246859587,-0.0237048714906144,0.011855633980875071,223.90968322753906,1
2021-02-26,MSFT,223.90968322753906,224.25657653808594,230.60467453002929,33.865961773599,0.014804000365696401,0.01298985318485125,228.30349731445312,1
2021-03-01,MSFT,228.30349731445312,224.72485961914063,230.87027816772462,42.81568572916346,0.01962315351252153,0.015040744879301345,225.34536743164062,0
2021-03-02,MSFT,225.34536743164062,224.84048461914062,230.61834030151368,36.849100124265654,-0.012957006430515339,0.015362471890998245,219.26539611816406,0
2021-03-03,MSFT,219.26539611816406,223.49344482421876,230.06913528442382,31.7692594949129,-0.026980680289870773,0.016660959843071362,218.46563720703125,0
2021-03-04,MSFT,218.46563720703125,223.05791625976562,229.31218795776368,28.2059733374996,-0.003647446999351489,0.01660385217192823,223.15814208984375,1
2021-03-05,MSFT,223.15814208984375,222.90760803222656,228.83745346069335,35.803358413315976,0.021479372878974168,0.01876480717518056,219.10159301757812,0
2021-03-08,MSFT,219.10159301757812,221.06722717285157,228.1507583618164,33.45141237824723,-0.018177912014666453,0.017760601451834997,225.2586669921875,1
2021-03-09,MSFT,225.2586669921875,221.04988708496094,227.75893936157226,40.623269406492895,0.028101456907779765,0.020235481088325315,223.94825744628906,0
2021-03-10,MSFT,223.94825744628906,221.98645935058593,227.2391128540039,39.87421071078317,-0.005817354614568004,0.020235639776198352,228.48658752441406,1
2021-03-11,MSFT,228.48658752441406,223.9906494140625,226.99186782836915,47.07883622401199,0.02026508323787013,0.019450059797263407,227.15689086914062,0
2021-03-12,MSFT,227.15689086914062,224.79039916992187,226.59786376953124,51.73640144674672,-0.0058195829771905405,0.019230375822912635,226.2511444091797,0
2021-03-15,MSFT,226.2511444091797,226.22030944824218,226.13453903198243,52.05549504459273,-0.003987316680094555,0.018194110832626325,229.04544067382812,1
2021-03-16,MSFT,229.04544067382812,226.9776641845703,225.87293548583983,53.56687683904659,0.012350418257310203,0.018067785569847755,228.3998260498047,0
2021-03-17,MSFT,228.3998260498047,227.86797790527345,225.5279853820801,59.25101404246894,-0.002818718513340035,0.0151795163121984,222.3101806640625,0
2021-03-18,MSFT,222.3101806640625,226.63269653320313,224.8983039855957,48.790354571455346,-0.026662215515060317,0.017985654744546588,221.9536895751953,0
2021-03-19,MSFT,221.9536895751953,225.59205627441406,224.38666000366212,43.10962756062755,-0.00160357518401677,0.01662192113479526,227.38812255859375,1
2021-03-22,MSFT,227.38812255859375,225.81945190429687,224.4579620361328,52.76119889431593,0.024484535462328205,0.017026841477641854,228.92018127441406,1
2021-03-23,MSFT,228.92018127441406,225.79440002441407,224.66560897827148,62.334079757616294,0.006737637386603268,0.014846447102292003,226.87744140625,0
2021-03-24,MSFT,226.87744140625,225.48992309570312,224.7094512939453,60.57756407435876,-0.008923371704460448,0.015052551188976547,223.87118530273438,0
2021-03-25,MSFT,223.87118530273438,225.8021240234375,224.8708465576172,51.36271045313432,-0.013250573018110612,0.014086183689369576,227.86024475097656,1
2021-03-26,MSFT,227.86024475097656,226.98343505859376,225.06837463378906,61.440569061328546,0.017818547942415552,0.01529595667020967,226.6654815673828,0
2021-03-29,MSFT,226.6654815673828,226.83890686035156,224.98647384643556,52.41686454672886,-0.0052434034067657675,0.015341211063877478,223.3990478515625,0
2021-03-30,MSFT,223.3990478515625,225.73468017578125,224.88915786743163,49.67654575583611,-0.014410812326751565,0.01533754034135092,227.1761474609375,1
2021-03-31,MSFT,227.1761474609375,225.79442138671874,225.28469543457032,48.627163050213504,0.01690741140438834,0.01650031950087239,233.51629638671875,1
2021-04-01,MSFT,233.51629638671875,227.72344360351562,226.0372283935547,58.00271278473196,0.027908515029604564,0.01586683465706073,239.9913330078125,1
2021-04-05,MSFT,239.9913330078125,230.1496612548828,226.87888793945314,64.75062556114271,0.02772841433888895,0.017160200497693436,238.82546997070312,0
2021-04-06,MSFT,238.82546997070312,232.58165893554687,227.86508178710938,60.989011970818225,-0.004857938086753388,0.016520405875309598,240.7910919189453,1
2021-04-07,MSFT,240.7910919189453,236.06006774902343,228.64170303344727,63.39655279169394,0.008230369853279518,0.01654416193555944,244.0189666748047,1
2021-04-08,MSFT,244.0189666748047,239.4286315917969,229.64523849487304,74.78482366189297,0.013405291408977504,0.015922724868049562,246.52423095703125,1
2021-04-09,MSFT,246.52423095703125,242.03021850585938,230.5471206665039,76.67717789577408,0.010266678514237126,0.014170214811985495,246.58204650878906,1
2021-04-12,MSFT,246.58204650878906,243.34836120605468,231.51837844848632,73.46226500723577,0.00023452279531865905,0.014152219893140909,249.06800842285156,1
2021-04-13,MSFT,249.06800842285156,245.39686889648436,232.65922164916992,73.95729819086311,0.010081682544450299,0.01336458692846416,246.27369689941406,0
2021-04-14,MSFT,246.27369689941406,246.49338989257814,233.52063446044923,73.02217680290984,-0.011219070410253162,0.012752901344086416,250.0411834716797,1
2021-04-15,MSFT,250.0411834716797,247.6978332519531,234.60270233154296,80.5396687998894,0.01529796571740416,0.012664045822400397,251.23597717285156,1
2021-04-16,MSFT,251.23597717285156,248.6401824951172,236.04899215698242,79.05192108356448,0.00477838764231886,0.010969290738049767,249.3088836669922,0
2021-04-19,MSFT,249.3088836669922,249.1855499267578,237.41675186157227,77.94287138255476,-0.007670452009082784,0.00925631328553711,248.84637451171875,0
2021-04-20,MSFT,248.84637451171875,249.14122314453124,238.48966445922852,84.04242094398057,-0.0018551651608661457,0.008987056068067814,251.08177185058594,1
2021-04-21,MSFT,251.08177185058594,250.10283813476562,239.5977439880371,83.21331117128777,0.00898304161856256,0.009028038141375748,247.79611206054688,0
2021-04-22,MSFT,247.79611206054688,249.65382385253906,240.64367752075196,71.9026457112299,-0.013086014830237414,0.009882892029304416,251.63096618652344,1
2021-04-23,MSFT,251.63096618652344,249.73282165527343,242.03166656494142,69.15824122805869,0.015475844613088707,0.01050901467958714,252.0164031982422,1
2021-04-26,MSFT,252.0164031982422,250.27432556152343,243.23947448730468,72.29630397898131,0.0015317550838835903,0.010491391922115845,252.42117309570312,1
2021-04-27,MSFT,252.42117309570312,250.98928527832032,244.5272590637207,70.70731044071398,0.0016061252058363618,0.010122642404454886,245.28123474121094,0
2021-04-28,MSFT,245.28123474121094,249.8291778564453,245.62136840820312,52.35458846985124,-0.028285814010479804,0.01339383092175754,243.3059539794922,0
2021-04-29,MSFT,243.3059539794922,248.93114624023437,246.42785873413087,45.24796026270354,-0.008053126297259627,0.01236388913938618,242.98797607421875,0
2021-04-30,MSFT,242.98797607421875,247.20254821777343,246.90144271850585,44.69101023244801,-0.0013069055650821726,0.012104268686476159,242.6796875,0
2021-05-03,MSFT,242.6796875,245.335205078125,247.03586044311524,39.589556987072065,-0.0012687400389086445,0.01201440086322466,238.7579803466797,0
2021-05-04,MSFT,238.7579803466797,242.60256652832032,247.03248596191406,38.02916484972831,-0.01616001402391909,0.012742003134038435,237.4861297607422,0
2021-05-05,MSFT,237.4861297607422,241.04354553222657,246.86723785400392,28.057560048284245,-0.00532694481705176,0.011889948623213369,240.62730407714844,1
2021-05-06,MSFT,240.62730407714844,240.5078155517578,246.6976547241211,32.96561297871577,0.013226769578378539,0.012890918283363662,243.2578125,1
2021-05-07,MSFT,243.2578125,240.56178283691406,246.53433380126953,40.720823368815644,0.010931878379056181,0.012236399768174321,238.1702423095703,0
2021-05-10,MSFT,238.1702423095703,239.65989379882814,246.1137435913086,35.410762151301896,-0.020914313658187966,0.013264947377286802,237.25486755371094,0
2021-05-11,MSFT,237.25486755371094,239.35927124023436,245.52308654785156,30.331225165049432,-0.0038433632471582824,0.01304822921664469,230.28842163085938,0
2021-05-12,MSFT,230.28842163085938,237.91972961425782,244.72382278442382,27.192573263264407,-0.02936271021404635,0.013254491147864927,234.1715087890625,1
2021-05-13,MSFT,234.1715087890625,236.62857055664062,243.93033905029296,27.828511995494466,0.016861842773960634,0.015084424634657952,239.10488891601562,1
2021-05-14,MSFT,239.10488891601562,235.79798583984376,243.32378463745118,35.73978578886516,0.021067379855322255,0.017017054537360885,236.2431182861328,0
2021-05-17,MSFT,236.2431182861328,235.41256103515624,242.6704963684082,32.92415134820256,-0.01196868304473686,0.017335786647662395,234.21966552734375,0
2021-05-18,MSFT,234.21966552734375,234.8055206298828,241.93916091918945,36.769320277860395,-0.008565128895472451,0.016832272465037865,234.79916381835938,1
2021-05-19,MSFT,234.79916381835938,235.70766906738282,241.12503051757812,39.54096618188163,0.0024741658208369266,0.016830875961438074,238.04415893554688,1
2021-05-20,MSFT,238.04415893554688,236.4821990966797,240.63743286132814,44.58805077900676,0.013820300994333401,0.016887607329774526,236.77899169921875,0
2021-05-21,MSFT,236.77899169921875,236.01701965332032,239.89483413696288,43.5848841880419,-0.005314842598892255,0.016391743186914554,242.1969757080078,1
2021-05-24,MSFT,242.1969757080078,237.20779113769532,239.40386276245118,54.27967825510135,0.022882030073307913,0.016793121850662274,243.10482788085938,1
2021-05-25,MSFT,243.10482788085938,238.98482360839844,238.93804550170898,56.76923685426048,0.0037484042490525393,0.016680621781904277,242.8826904296875,0
2021-05-26,MSFT,242.8826904296875,240.60152893066407,238.8181182861328,53.15725660368932,-0.0009137517058309674,0.012543339077334575,240.7772979736328,0
2021-05-27,MSFT,240.7772979736328,241.14815673828124,238.69168548583986,47.44813228233389,-0.008668351179452083,0.012551458945339638,241.13461303710938,1
2021-05-28,MSFT,241.13461303710938,242.01928100585937,238.59901733398436,54.53760145446331,0.0014840064511218998,0.010799872534769689,238.9326934814453,0
2021-06-01,MSFT,238.9326934814453,241.36642456054688,238.41166763305665,52.69198327215667,-0.009131495175788817,0.01045610161037742,238.83604431152344,0
2021-06-02,MSFT,238.83604431152344,240.51266784667968,238.41557083129882,64.67789523583849,-0.00040450374753497886,0.009915358731936944,237.30052185058594,0
2021-06-03,MSFT,237.30052185058594,239.39623413085937,238.40629043579102,56.02381088904548,-0.006429190641487281,0.010261501370489753,242.2066192626953,1
2021-06-04,MSFT,242.2066192626953,239.68209838867188,238.48525619506836,55.8755254476063,0.02067461703770901,0.011373690740055427,245.123291015625,1
2021-06-07,MSFT,245.123291015625,240.479833984375,238.57853012084962,66.17219866075587,0.012042081103350366,0.011492288277807119,243.9257354736328,0
2021-06-08,MSFT,243.9257354736328,241.4784423828125,238.86630477905274,68.32937526384883,-0.004885523268842951,0.00947382805404967,244.91079711914062,1
2021-06-09,MSFT,244.91079711914062,242.69339294433593,239.2491012573242,68.76226866137897,0.004038367020171574,0.009484457103172425,248.43588256835938,1
2021-06-10,MSFT,248.43588256835938,244.92046508789062,240.1564743041992,68.91791160093253,0.014393344395934982,0.010374106754904393,249.0636749267578,1
2021-06-11,MSFT,249.0636749267578,246.29187622070313,240.90108261108398,72.88174254006485,0.0025269794037328097,0.00963534157507295,250.99522399902344,1
2021-06-14,MSFT,250.99522399902344,247.4662628173828,241.49559936523437,68.6569271312446,0.007755241999194196,0.009698426924252091,249.51747131347656,0
2021-06-15,MSFT,249.51747131347656,248.58460998535156,242.15931701660156,63.39961910145134,-0.005887572926696949,0.009252235471952407,248.5711212158203,0
2021-06-16,MSFT,248.5711212158203,249.3166748046875,242.87688980102538,61.61215091690979,-0.0037927207769243854,0.009505581948710934,251.9706268310547,1
2021-06-17,MSFT,251.9706268310547,250.02362365722655,243.73546295166017,71.49879186351508,0.013676188925755284,0.009164491287600574,250.5509490966797,0
2021-06-18,MSFT,250.5509490966797,250.32107849121093,244.3608024597168,67.4983159190318,-0.005634298538007343,0.008229583210929346,253.6414337158203,1
2021-06-21,MSFT,253.6414337158203,250.8503204345703,245.20392456054688,76.38459953664616,0.012334755187648927,0.008264088925351512,256.4228820800781,1
2021-06-22,MSFT,256.4228820800781,252.2314025878906,245.91521987915038,78.70284100401427,0.01096606466660388,0.008003200652955081,256.1910705566406,0
2021-06-23,MSFT,256.1910705566406,253.7553924560547,246.56953201293945,82.34136565548312,-0.0009040204273388364,0.008221401603549026,257.5624694824219,1
2021-06-24,MSFT,257.5624694824219,254.87376098632814,247.30352096557618,79.74459300812072,0.005353031714967704,0.007481713288977578,255.94952392578125,0
2021-06-25,MSFT,255.94952392578125,255.95347595214844,248.0621322631836,72.19147834192805,-0.006262346994427737,0.008116277027904526,259.5230407714844,1
2021-06-28,MSFT,259.5230407714844,257.1297973632812,248.98155364990234,79.084888457319,0.013961803057462863,0.008753005948760027,262.111328125,1
2021-06-29,MSFT,262.111328125,258.2674865722656,250.14048538208007,80.17928882994318,0.00997324686787504,0.00831282762845878,261.6283874511719,0
2021-06-30,MSFT,261.6283874511719,259.3549499511719,251.2801025390625,75.8865015836844,-0.0018425021050513246,0.008104755391848626,262.3044128417969,1
2021-07-01,MSFT,262.3044128417969,260.3033386230469,252.53029708862306,75.90010443661997,0.0025839145255259766,0.007550121859409886,268.1473388671875,1
2021-07-02,MSFT,268.1473388671875,262.74290161132814,253.82733306884765,78.93119960011421,0.022275363048942065,0.008649706912507583,268.156982421875,1
2021-07-06,MSFT,268.156982421875,264.4696899414063,254.97901763916016,83.17834282391041,3.596364121394302e-05,0.008656597406171631,270.3492736816406,1
2021-07-07,MSFT,270.3492736816406,266.1172790527344,256.30019454956056,87.15272740329807,0.008175402482403449,0.008508608738094484,267.9251708984375,0
2021-07-08,MSFT,267.9251708984375,267.3766357421875,257.4509132385254,78.39306718582529,-0.008966559259403484,0.009490792845539333,268.4274597167969,1
2021-07-09,MSFT,268.4274597167969,268.6012451171875,258.45049209594725,82.96323580382386,0.0018747354594383925,0.009520916800884757,267.8287353515625,0
2021-07-12,MSFT,267.8287353515625,268.5375244140625,259.3887451171875,78.82098992662556,-0.0022304885121143814,0.009105856482003488,271.3633728027344,1
2021-07-13,MSFT,271.3633728027344,269.1788024902344,260.407152557373,79.30499854107913,0.013197379461662884,0.009021199822131731,272.841064453125,1
2021-07-14,MSFT,272.841064453125,269.6771606445312,261.57333221435545,81.10955814304414,0.005445435156294476,0.008827954084533516,271.41168212890625,0
2021-07-15,MSFT,271.41168212890625,270.374462890625,262.7153602600098,75.95549401712555,-0.005238882669966749,0.009139877355185304,271.1412048339844,0
2021-07-16,MSFT,271.1412048339844,270.9172119140625,263.67388916015625,80.08744544430797,-0.0009965573065989775,0.009258481297467038,267.5292663574219,0
2021-07-19,MSFT,267.5292663574219,270.85731811523436,264.52280502319337,66.10125600595313,-0.013321245211601274,0.007923492416151217,269.7602233886719,1
2021-07-20,MSFT,269.7602233886719,270.53668823242185,265.32874450683596,65.51521104454565,0.00833911392807929,0.008373525458535936,271.76898193359375,1
2021-07-21,MSFT,271.76898193359375,270.3222717285156,266.0960494995117,69.28541844411913,0.007446459376731829,0.008303400125020675,276.3468017578125,1
2021-07-22,MSFT,276.3468017578125,271.3092956542969,267.1038360595703,73.11456352584591,0.016844526522667547,0.008997460124171276,279.7559509277344,1
2021-07-23,MSFT,279.7559509277344,273.03224487304686,268.21351013183596,70.55627829625314,0.012336488601411899,0.009432220053097923,279.15716552734375,0
2021-07-26,MSFT,279.15716552734375,275.3578247070312,269.37389221191404,69.12904928654218,-0.0021403848547454363,0.009425454103193802,276.7330322265625,0
2021-07-27,MSFT,276.7330322265625,276.75238647460935,270.234391784668,61.16467198003669,-0.008683758112394968,0.009639784359681628,276.4240417480469,0
2021-07-28,MSFT,276.4240417480469,277.6833984375,270.9500274658203,66.00422913171988,-0.0011165652182160146,0.009602695766448012,276.6944580078125,1
2021-07-29,MSFT,276.6944580078125,277.7529296875,271.70333099365234,65.69424598609064,0.0009782660656272313,0.009326209871292056,275.15887451171875,0
2021-07-30,MSFT,275.15887451171875,276.83351440429686,272.34605407714844,63.5487607511632,-0.005549744317793315,0.009594351465382019,275.0719299316406,0
2021-08-02,MSFT,275.0719299316406,276.01646728515624,272.6922836303711,57.90231985257706,-0.00031597955992668236,0.008129730425934322,277.293212890625,1
2021-08-03,MSFT,277.293212890625,276.1285034179688,273.1490951538086,59.11381499579137,0.008075280380431371,0.008110211632060799,276.7040710449219,0
2021-08-04,MSFT,276.7040710449219,276.18450927734375,273.46683502197266,61.1994410930187,-0.002124616897621334,0.008063921346365518,279.61102294921875,1
2021-08-05,MSFT,279.61102294921875,276.767822265625,274.0511276245117,65.99206190044363,0.010505634750219928,0.006920648470439726,279.5531921386719,0
2021-08-06,MSFT,279.5531921386719,277.6466857910156,274.60741424560547,76.21424676705091,-0.0002068259324575772,0.005707635526730721,278.4617919921875,0
2021-08-09,MSFT,278.4617919921875,278.324658203125,275.1390670776367,70.03317166755369,-0.0039040875839578826,0.005805547048858277,276.6365051269531,0
2021-08-10,MSFT,276.6365051269531,278.1933166503906,275.40272369384763,61.43433297126431,-0.006554891614306557,0.00549183697811746,277.1290283203125,1
2021-08-11,MSFT,277.1290283203125,278.27830810546874,275.617121887207,52.39540955477971,0.0017803984081325996,0.00550403931485059,279.89117431640625,1
2021-08-12,MSFT,279.89117431640625,278.33433837890624,276.04109649658204,50.573243496442814,0.009967003503152272,0.006308110450402658,282.8271179199219,1
2021-08-13,MSFT,282.8271179199219,278.98912353515624,276.6253921508789,59.494082069139715,0.010489589786767173,0.006448026008232099,284.5173034667969,1
2021-08-16,MSFT,284.5173034667969,280.2002258300781,277.4747940063477,70.7265616802394,0.005976037797597478,0.0064202400151018605,283.0492248535156,0
2021-08-17,MSFT,283.0492248535156,281.48276977539064,278.13924407958984,66.73190384656172,-0.00515989219422841,0.006707219903747794,281.31719970703125,0
2021-08-18,MSFT,281.31719970703125,282.3204040527344,278.61665496826174,60.98586647344391,-0.006119165835485774,0.007093093503771789,287.16168212890625,1
2021-08-19,MSFT,287.16168212890625,283.7745056152344,279.1573989868164,73.48103198590556,0.020775418026205195,0.009000357440505976,294.5058898925781,1
2021-08-20,MSFT,294.5058898925781,286.1102600097656,279.89489593505857,79.46534599849055,0.025575166259038218,0.011436713059361293,294.7864685058594,1
2021-08-23,MSFT,294.7864685058594,288.1640930175781,280.6763610839844,78.13681847129739,0.000952709683951003,0.011101451032046959,292.82220458984375,0
2021-08-24,MSFT,292.82220458984375,290.1186889648437,281.48081970214844,75.043027932822,-0.006663344915292746,0.011114872364416106,292.23199462890625,0
2021-08-25,MSFT,292.23199462890625,292.30164794921876,282.2712173461914,71.14775384273213,-0.002015591549022755,0.011328554535323308,289.4065856933594,0
2021-08-26,MSFT,289.4065856933594,292.75062866210936,282.9068237304688,65.3245856754485,-0.009668376452533045,0.012118841531083025,290.01611328125,1
2021-08-27,MSFT,290.01611328125,291.85267333984376,283.6496856689453,68.20730138886344,0.0021061289480690526,0.011862262625545746,293.76080322265625,1
2021-08-30,MSFT,293.76080322265625,291.6475402832031,284.5841293334961,75.34439340336382,0.012912006505565232,0.012278629770235854,292.106201171875,0
2021-08-31,MSFT,292.106201171875,291.50433959960935,285.3247787475586,71.56839473916989,-0.005632480687109087,0.012315532289840454,292.0578308105469,0
2021-09-01,MSFT,292.0578308105469,291.4695068359375,286.0924667358398,68.98346236322638,-0.00016559169621899184,0.011952321824762076,291.39984130859375,0
2021-09-02,MSFT,291.39984130859375,291.8681579589844,286.6819076538086,64.44685340587893,-0.0022529425084306665,0.010445496272897706,291.3901672363281,0
2021-09-03,MSFT,291.3901672363281,292.14296875,287.2737564086914,62.301475580989006,-3.3198618853647055e-05,0.006145369991197129,290.46124267578125,0
2021-09-07,MSFT,290.46124267578125,291.483056640625,287.8737289428711,63.55435724637692,-0.0031879063365699567,0.00613521745532735,290.4903564453125,1
2021-09-08,MSFT,290.4903564453125,291.1598876953125,288.56642150878906,67.81932870932741,0.00010023288912153205,0.0058647224410831485,287.62615966796875,0
2021-09-09,MSFT,287.62615966796875,290.2735534667969,289.0912780761719,51.33554012670937,-0.009859868714378384,0.006534180287927343,286.13592529296875,0
2021-09-10,MSFT,286.13592529296875,289.22077026367185,289.403515625,26.462488863535285,-0.005181150340150875,0.006052425015450084,287.3744812011719,1
2021-09-13,MSFT,287.3744812011719,288.4176330566406,289.6308837890625,30.334920184673464,0.004328557859118787,0.006222443860956075,290.08392333984375,1
2021-09-14,MSFT,290.08392333984375,288.3421691894531,289.90921478271486,43.17958966639734,0.009428262827467782,0.005407570636191536,294.9510192871094,1
2021-09-15,MSFT,294.9510192871094,289.2343017578125,290.50430450439455,55.92386802359946,0.016778234006314285,0.0075906859661414505,295.3381042480469,1
2021-09-16,MSFT,295.3381042480469,290.7766906738281,291.2053497314453,64.09179682729675,0.0013123703110877738,0.00757994844736853,290.1613464355469,0
2021-09-17,MSFT,290.1613464355469,291.58177490234374,291.35533294677737,50.57398938397353,-0.017528242167330288,0.009608201725444923,284.7716064453125,0
2021-09-20,MSFT,284.7716064453125,291.0611999511719,290.8686187744141,33.85575871414591,-0.018574975807232774,0.01119154745218814,285.2554016113281,1
2021-09-21,MSFT,285.2554016113281,290.0954956054687,290.3920654296875,37.2071036850831,0.001698888354968453,0.011252010610076201,288.9129943847656,1
2021-09-22,MSFT,288.9129943847656,288.887890625,290.1966049194336,45.077176249312465,0.0128221683192562,0.01216645558286451,289.86126708984375,1
2021-09-23,MSFT,289.86126708984375,287.7925231933594,290.0780685424805,47.78400030716152,0.0032822085662760347,0.011742803492210187,289.65814208984375,0
2021-09-24,MSFT,289.65814208984375,287.69188232421874,290.0906463623047,47.479573107722366,-0.0007007662736016051,0.011571917194467962,284.6458740234375,0
2021-09-27,MSFT,284.6458740234375,287.66673583984374,289.82213439941404,41.84265264955209,-0.01730408139140649,0.012886956156612882,274.3406677246094,0
2021-09-28,MSFT,274.3406677246094,285.4837890625,288.8511276245117,32.03200235387523,-0.03620360328138672,0.016425119904914423,274.80511474609375,1
2021-09-29,MSFT,274.80511474609375,282.66221313476564,287.98607330322267,34.966547296779325,0.001692957246683502,0.014766628941208339,272.79248046875,0
2021-09-30,MSFT,272.79248046875,279.2484558105469,287.02280578613284,34.4636369929885,-0.00732386032626553,0.014479446044456118,279.739990234375,1
2021-10-01,MSFT,279.739990234375,277.26482543945315,286.4398132324219,42.607416576782484,0.025468113174112572,0.017369664352973557,273.9438781738281,0
2021-10-04,MSFT,273.9438781738281,275.1244262695312,285.5674987792969,34.75822553178568,-0.02071964060515874,0.01758814944883887,279.4109802246094,1
2021-10-05,MSFT,279.4109802246094,276.13848876953125,285.0149856567383,35.8817454132069,0.019957014871900824,0.019097142644778704,283.6201477050781,1
2021-10-06,MSFT,283.6201477050781,277.9014953613281,284.6714752197266,40.32741369424708,0.015064431172622905,0.0193013178888173,285.3038024902344,1
2021-10-07,MSFT,285.3038024902344,280.403759765625,284.5553573608398,46.009387948572396,0.005936301771152674,0.01939513452079757,285.3038024902344,0
2021-10-08,MSFT,285.3038024902344,281.5165222167969,284.5137512207031,51.09116644727134,0.0,0.019399260615035177,284.70391845703125,0
2021-10-11,MSFT,284.70391845703125,283.6685302734375,284.3802230834961,49.96103113834518,-0.0021026149247472814,0.018588232378338104,283.3975524902344,0
2021-10-12,MSFT,283.3975524902344,284.4658447265625,284.0459045410156,44.529870590907564,-0.004588507154649646,0.013779685031023213,286.7165832519531,1
2021-10-13,MSFT,286.7165832519531,285.0851318359375,283.6341827392578,47.300316936140746,0.011711571721612302,0.014009053993103414,292.9480285644531,1
2021-10-14,MSFT,292.9480285644531,286.6139770507813,283.5146789550781,53.50933235724526,0.021733815469697104,0.014330737524551858,294.36077880859375,1
2021-10-15,MSFT,294.36077880859375,288.4253723144531,283.72465057373046,59.99534720539367,0.004822528593428688,0.012821579619752442,297.341064453125,1
2021-10-18,MSFT,297.341064453125,290.9528015136719,284.3531234741211,77.03433924152995,0.010124601710165937,0.009055171562360916,298.2506408691406,1
2021-10-19,MSFT,298.2506408691406,293.9234191894531,285.00288543701174,77.2399118332398,0.0030590339672340594,0.008163882405295303,297.4571533203125,0
2021-10-20,MSFT,297.4571533203125,296.071533203125,285.4300933837891,79.67453801875571,-0.0026604722340773934,0.008039393559586583,300.6986999511719,1
2021-10-21,MSFT,300.6986999511719,297.6216674804688,285.97196502685546,77.45412847896279,0.01089752454992654,0.008266921449792032,299.1505432128906,0
2021-10-22,MSFT,299.1505432128906,298.5796203613281,286.4465850830078,87.69161058631983,-0.005148531531837808,0.008778169846467097,298.15386962890625,0
2021-10-25,MSFT,298.15386962890625,298.7421813964844,287.1219848632812,82.37642619863715,-0.003331679004423882,0.008893170372547499,300.0697326660156,1
2021-10-26,MSFT,300.0697326660156,299.1059997558594,288.40843811035154,80.73130478824,0.006425752714509292,0.008281197668231445,312.7068786621094,1
2021-10-27,MSFT,312.7068786621094,302.15594482421875,290.3035263061523,86.14688870530601,0.04211403090813959,0.014184341499728817,313.8487854003906,1
2021-10-28,MSFT,313.8487854003906,304.7859619140625,292.35634155273436,86.52904692419517,0.0036516841048295223,0.013488338586065246,320.8832702636719,1
2021-10-29,MSFT,320.8832702636719,309.13250732421875,294.4135055541992,89.69815442071362,0.02241361187460722,0.01429635190303222,318.7062072753906,0
2021-11-01,MSFT,318.7062072753906,313.24297485351565,296.65162200927733,88.42629415633269,-0.0067845948668260325,0.01509402818335176,322.3445129394531,1
2021-11-02,MSFT,322.3445129394531,317.69793090820315,298.79829864501954,88.40415423042361,0.01141586069241085,0.015079008762859551,323.1862487792969,1
2021-11-03,MSFT,323.1862487792969,319.79380493164064,300.77660369873047,86.76721461875289,0.002611292595515291,0.014757534543726277,325.5472412109375,1
2021-11-04,MSFT,325.5472412109375,322.13349609375,302.7887756347656,87.00538942942651,0.007305361662379939,0.014734404271974618,325.1795959472656,0
2021-11-05,MSFT,325.1795959472656,322.9927612304688,304.7825653076172,85.22311779587098,-0.001129314634350287,0.01438451443566508,326.0794372558594,1
2021-11-08,MSFT,326.0794372558594,324.4674072265625,306.8513412475586,85.18960075897625,0.002767213317835804,0.013951346214070131,325.07318115234375,0
2021-11-09,MSFT,325.07318115234375,325.0131408691406,308.93512268066405,84.90881885821923,-0.0030859232093376487,0.014467053363901585,320.08984375,0
2021-11-10,MSFT,320.08984375,324.39385986328125,310.6037857055664,73.92801255744916,-0.015329893978575648,0.010268039986763386,321.6671142578125,1
2021-11-11,MSFT,321.6671142578125,323.6178344726562,312.03973999023435,77.74733972320189,0.004927586859158284,0.0102934446498523,325.8182678222656,1
2021-11-12,MSFT,325.8182678222656,323.7455688476563,313.612614440918,81.57048644760405,0.0129051226577237,0.00854062186873378,325.189208984375,0
2021-11-15,MSFT,325.189208984375,323.56752319335936,315.0050216674805,79.57650216038681,-0.001930704628979818,0.008142304448175736,328.5178527832031,1
2021-11-16,MSFT,328.5178527832031,324.25645751953124,316.5183822631836,73.46292557606202,0.010236021697104025,0.007998723909082956,328.7408752441406,1
2021-11-17,MSFT,328.7408752441406,325.9866638183594,318.082568359375,72.70086410070007,0.0006788747066499567,0.008003714468214032,330.82501220703125,1
2021-11-18,MSFT,330.82501220703125,327.8182434082031,319.588883972168,67.68297113451378,0.006339756080964376,0.007934562408249557,332.6086730957031,1
2021-11-19,MSFT,332.6086730957031,329.17632446289065,321.2617904663086,75.04389451951752,0.005391553911757052,0.007949815750849031,329.4290771484375,0
2021-11-22,MSFT,329.4290771484375,330.0242980957031,322.82555084228517,63.14004444070247,-0.009559570162954611,0.00877993158531987,327.34490966796875,0
2021-11-23,MSFT,327.34490966796875,329.7897094726562,324.18930969238284,57.50138680795626,-0.0063266044956002965,0.00900672723387506,327.56781005859375,1
2021-11-24,MSFT,327.56781005859375,329.5550964355469,324.932356262207,54.03808098333195,0.0006809343418570091,0.007043001598060579,319.5897521972656,0
2021-11-26,MSFT,319.5897521972656,327.30804443359375,325.21940460205076,42.02934887079323,-0.024355439137627832,0.010884760758405974,326.32708740234375,1
2021-11-29,MSFT,326.32708740234375,326.0517272949219,325.49159545898436,50.672844805160736,0.021081199127184647,0.01223476541538468,320.4718933105469,0
2021-11-30,MSFT,320.4718933105469,324.2602905273437,325.5798797607422,45.205070463166074,-0.017942715507946017,0.013527506845301285,319.9775085449219,0
2021-12-01,MSFT,319.9775085449219,322.78681030273435,325.46152954101564,50.23540345443069,-0.001542677457663788,0.012902274839012226,319.40557861328125,0
2021-12-02,MSFT,319.40557861328125,321.15436401367185,325.27249603271486,47.46118710864743,-0.0017874066656792253,0.012857073068688699,313.1239318847656,0
2021-12-03,MSFT,313.1239318847656,319.8611999511719,324.6513305664063,34.824566803380534,-0.01966667819575285,0.013420325008467328,316.2065734863281,1
2021-12-06,MSFT,316.2065734863281,317.83709716796875,324.2026794433594,40.05865575526895,0.00984479717984943,0.01388417798635702,324.66943359375,1
2021-12-07,MSFT,324.66943359375,318.6766052246094,324.1321792602539,46.577997089291294,0.026763707073242715,0.016957611766664327,324.7178649902344,1
2021-12-08,MSFT,324.7178649902344,319.6246765136719,324.1144134521484,46.39112925967618,0.00014917140781722793,0.016868807777447717,322.90509033203125,0
2021-12-09,MSFT,322.90509033203125,320.3245788574219,324.25517578125,42.41667680120694,-0.005582614489836102,0.016928941514811856,332.05621337890625,1
2021-12-10,MSFT,332.05621337890625,324.11103515625,324.7746307373047,50.027665228157346,0.02833997766174967,0.017156156199682568,329.0122985839844,0
2021-12-13,MSFT,329.0122985839844,326.67218017578125,324.9343322753906,50.14107505333374,-0.009166865947027092,0.016455432209237873,318.29083251953125,0
2021-12-14,MSFT,318.29083251953125,325.3964599609375,324.58941345214845,43.540699514441535,-0.032586824597732655,0.018806330903782094,324.40765380859375,1
2021-12-15,MSFT,324.40765380859375,325.33441772460935,324.38390350341797,48.34088304639899,0.0192177111751628,0.019800902841384495,314.95599365234375,0
2021-12-16,MSFT,314.95599365234375,323.7445983886719,323.6946594238281,47.30386844351313,-0.029135133050302908,0.02207177099308997,313.88970947265625,0
2021-12-17,MSFT,313.88970947265625,320.1112976074219,322.8478942871094,41.10702842559266,-0.003385502105619498,0.02113748922711065,310.11883544921875,0
2021-12-20,MSFT,310.11883544921875,316.3326049804688,321.72340240478513,42.33071888945639,-0.012013372562524216,0.02118766618908137,317.2729187011719,1
2021-12-21,MSFT,317.2729187011719,316.1290222167969,321.1155944824219,48.65428853662619,0.023068844694938306,0.02066104018129246,323.00201416015625,1
2021-12-22,MSFT,323.00201416015625,315.8478942871094,320.89844970703126,52.93370766995324,0.018057310035907603,0.021631854893687446,324.4464111328125,1
2021-12-23,MSFT,324.4464111328125,317.7459777832031,320.7423797607422,58.576598039653035,0.004471789367666457,0.021593631100142268,331.9689636230469,1
2021-12-27,MSFT,331.9689636230469,321.36182861328126,321.36134033203126,60.926968782749675,0.023185808910535233,0.020910961216738976,330.8056335449219,0
2021-12-28,MSFT,330.8056335449219,325.4991882324219,321.5852676391602,54.983344429347994,-0.0035043338552755987,0.02070565230847746,331.4842834472656,1
2021-12-29,MSFT,331.4842834472656,328.3414611816406,322.1358871459961,55.38395125352709,0.0020515064845521014,0.017093669882954087,328.9347229003906,0
2021-12-30,MSFT,328.9347229003906,329.5280029296875,322.58374786376953,54.84294745078057,-0.007691346691797496,0.016577372192623403,326.0265808105469,0
2021-12-31,MSFT,326.0265808105469,329.8440368652344,322.9147979736328,45.857081979694954,-0.008841091825761427,0.01333373715288756,324.504638671875,0
2022-01-03,MSFT,324.504638671875,328.351171875,323.4838333129883,46.932228816418764,-0.0046681535440702415,0.013413689129061162,318.94024658203125,0
2022-01-04,MSFT,318.94024658203125,325.97809448242185,323.6205169677734,51.03907735927083,-0.017147342215561467,0.014147826897331461,306.6968688964844,0
2022-01-05,MSFT,306.6968688964844,321.02061157226564,322.72188873291014,36.21263575293274,-0.038387684893188556,0.017389141309951665,304.2733459472656,0
2022-01-06,MSFT,304.2733459472656,316.0883361816406,321.69966278076174,40.62211124548906,-0.00790201399166135,0.015712092399877746,304.4284973144531,1
2022-01-07,MSFT,304.4284973144531,311.7687194824219,320.7758331298828,41.6005543065215,0.0005099078484986919,0.015471196420635535,304.65142822265625,1
2022-01-10,MSFT,304.65142822265625,307.79807739257814,319.4055938720703,44.98671311172761,0.000732293166276321,0.011956232579027717,305.33966064453125,1
2022-01-11,MSFT,305.33966064453125,305.0779602050781,318.22196197509766,36.77484803163906,0.0022590815539258458,0.012355241931191118,308.5289611816406,1
2022-01-12,MSFT,308.5289611816406,305.4443786621094,317.73386840820314,33.12315619579731,0.010445090986140437,0.013351966620617857,295.47125244140625,0
2022-01-13,MSFT,295.47125244140625,303.6839599609375,316.28704833984375,23.09703376739445,-0.04232247335946815,0.017406751450368848,300.70599365234375,1
2022-01-14,MSFT,300.70599365234375,302.9394592285156,315.5745483398438,20.53519673741914,0.01771658382223018,0.019583326080005826,293.38702392578125,0
2022-01-18,MSFT,293.38702392578125,300.68657836914065,314.5494140625,18.22266809588467,-0.024339287812880084,0.02020339802252888,294.0462951660156,1
2022-01-19,MSFT,294.0462951660156,298.4279052734375,313.7457870483398,18.30903229040885,0.0022471042904785854,0.02035469109904784,292.36920166015625,0
2022-01-20,MSFT,292.36920166015625,295.1959533691406,312.50060119628904,18.507674347885924,-0.005703501569072622,0.017312781897919943,286.9696960449219,0
2022-01-21,MSFT,286.9696960449219,293.4956420898437,310.69898529052733,17.583770209107726,-0.018468106710879395,0.017848416474148737,287.2992248535156,1
2022-01-24,MSFT,287.2992248535156,290.8142883300781,308.8416259765625,18.517187293806046,0.0011483052501199964,0.017874188459829517,279.660400390625,0
2022-01-25,MSFT,279.660400390625,288.0689636230469,306.22619781494143,17.637669107608744,-0.02658839217817388,0.018854988768681274,287.6288146972656,1
2022-01-26,MSFT,287.6288146972656,286.78546752929685,304.0673568725586,33.64735094992936,0.028493180641629978,0.02205093600391694,290.6630554199219,1
2022-01-27,MSFT,290.6630554199219,286.44423828125,302.0262954711914,38.69034213521121,0.010549154214086087,0.02205944420190924,298.825439453125,1
2022-01-28,MSFT,298.825439453125,288.8153869628906,300.5208312988281,46.40588072721045,0.028081945334988978,0.020242072422820473,301.46209716796875,1
2022-01-31,MSFT,301.46209716796875,291.64796142578126,299.29260711669923,48.314610566072304,0.008823404458700113,0.019627377809273358,299.3100891113281,0
2022-02-01,MSFT,299.3100891113281,295.57789916992186,298.0328796386719,46.32526070026697,-0.007138569249193427,0.01789313370025835,303.8662109375,1
2022-02-02,MSFT,303.8662109375,298.82537841796875,297.2791778564453,47.407853638665976,0.015222079014106438,0.018365598531629165,292.0299377441406,0
2022-02-03,MSFT,292.0299377441406,299.0987548828125,296.54583129882815,48.09219714595607,-0.03895225190336771,0.022702760503440042,296.5763244628906,1
2022-02-04,MSFT,296.5763244628906,298.6489318847656,296.1609802246094,47.61011570709196,0.015568221374389513,0.022151548227985957,291.7391052246094,0
2022-02-07,MSFT,291.7391052246094,296.70433349609374,295.52651062011716,49.32205177131748,-0.01631020023948848,0.023029875463669525,295.2386169433594,1
2022-02-08,MSFT,295.2386169433594,295.8900390625,295.05587005615234,51.44192500771378,0.011995346719308353,0.020881917959357,301.68505859375,1
2022-02-09,MSFT,301.68505859375,295.45380859375,294.8731399536133,56.874474438967866,0.021834683135734112,0.02016588613978004,293.12530517578125,0
2022-02-10,MSFT,293.12530517578125,295.6728820800781,294.1029571533203,54.700064352718925,-0.028373143363043862,0.02258048947457356,286.0099182128906,0
2022-02-11,MSFT,286.0099182128906,293.5596008300781,293.62989044189453,49.81063894034047,-0.024274215965843227,0.02167439170545409,285.97125244140625,0
2022-02-14,MSFT,285.97125244140625,292.4060302734375,292.89315338134764,54.96271183874497,-0.00013519031691622274,0.021259271539377372,291.27374267578125,1
2022-02-15,MSFT,291.27374267578125,291.61305541992186,292.78748931884763,53.13939378103394,0.018542039415173184,0.022494955696294037,290.9338073730469,0
2022-02-16,MSFT,290.9338073730469,289.4628051757812,292.6318649291992,50.78612117336779,-0.0011670646986974287,0.021642130277548226,282.4146423339844,0
2022-02-17,MSFT,282.4146423339844,287.3206726074219,292.13413696289064,38.71152652353572,-0.02928214192769596,0.020072290335040995,279.6947326660156,0
2022-02-18,MSFT,279.6947326660156,286.05763549804686,291.7703887939453,34.87973006099965,-0.009630908813687444,0.019013708290981035,279.49066162109375,0
2022-02-22,MSFT,279.49066162109375,284.7615173339844,291.37996063232424,35.843203776317225,-0.0007296206223716961,0.018681309911546276,272.25384521484375,0
2022-02-23,MSFT,272.25384521484375,280.95753784179686,291.00963287353517,27.994921092503503,-0.02589287371633542,0.018890240785286547,286.1642150878906,1
2022-02-24,MSFT,286.1642150878906,280.0036193847656,290.93640289306643,46.71118723674906,0.05109338258223595,0.02521610150213905,288.806396484375,1
2022-02-25,MSFT,288.806396484375,281.28197021484374,290.84356994628905,45.35263745808082,0.009233095045349637,0.02412096842501659,290.2441101074219,1
2022-02-28,MSFT,290.2441101074219,283.391845703125,290.4145034790039,49.618719437258214,0.004978122508878302,0.022749833864256302,286.5139465332031,0
2022-03-01,MSFT,286.5139465332031,284.7965026855469,289.66709594726564,44.400501056091095,-0.012851814883816925,0.023214538280391554,291.6040344238281,1
2022-03-02,MSFT,291.6040344238281,288.6665405273437,289.28179321289065,43.43345435896944,0.017765585069120293,0.023148429581881656,287.4561767578125,0
2022-03-03,MSFT,287.4561767578125,288.9249328613281,288.46129150390624,46.22932786719343,-0.01422428079299809,0.023607316127865683,281.5694885253906,0
2022-03-04,MSFT,281.5694885253906,287.47755126953126,287.9382690429687,47.041674463292516,-0.020478558849620798,0.022575122495933547,270.9327087402344,0
2022-03-07,MSFT,270.9327087402344,283.6152709960937,286.6560882568359,40.060605668001415,-0.037776748613147726,0.025468240123020472,267.9602355957031,0
2022-03-08,MSFT,267.9602355957031,279.90452880859374,285.46714477539064,33.75801112778491,-0.010971259831832336,0.02557747503245861,280.2484130859375,1
2022-03-09,MSFT,280.2484130859375,277.63340454101564,284.7176345825195,44.34085244989926,0.045858212741590076,0.028610478427155753,277.4216003417969,0
2022-03-10,MSFT,277.4216003417969,275.6264892578125,283.50446166992185,47.47497367705435,-0.010086810886860587,0.02329318794300964,272.05950927734375,0
2022-03-11,MSFT,272.05950927734375,273.7244934082031,282.451171875,45.838161818104446,-0.019328311342183824,0.023397057089478954,268.5333557128906,0
2022-03-14,MSFT,268.5333557128906,273.2446228027344,281.57734375,43.927898649792226,-0.012960964216319648,0.023173027999015505,278.9370422363281,1
2022-03-15,MSFT,278.9370422363281,275.4399841308594,281.2256332397461,54.731888004452145,0.03874262285151975,0.027237657193155438,285.97003173828125,1
2022-03-16,MSFT,285.97003173828125,276.5843078613281,280.96044769287107,50.55485661883589,0.02521353723968467,0.027941437824936643,286.7762451171875,1
2022-03-17,MSFT,286.7762451171875,278.4552368164062,280.7525695800781,49.397667102875815,0.0028192233081405504,0.027603677924232947,291.837158203125,1
2022-03-18,MSFT,291.837158203125,282.4107666015625,281.2236953735352,51.63362143153141,0.017647602171056542,0.027072971789672478,290.60345458984375,0
2022-03-21,MSFT,290.60345458984375,286.8247863769531,281.7691314697266,53.234878403762835,-0.004227369882839116,0.023122871683948394,295.3634033203125,1
2022-03-22,MSFT,295.3634033203125,290.11005859375,282.5627685546875,53.000634126525995,0.016379532504824823,0.02232935968100299,290.9241027832031,0
2022-03-23,MSFT,290.9241027832031,291.1008728027344,283.4962814331055,52.846766051027934,-0.015029961353387744,0.01960173113542133,295.4022521972656,1
2022-03-24,MSFT,295.4022521972656,292.82607421875,283.9581832885742,59.483387246529084,0.015392844289012553,0.019231693621273173,294.9942321777344,0
2022-03-25,MSFT,294.9942321777344,293.4574890136719,284.2675750732422,68.65527752160624,-0.0013812353037131464,0.017297352293450852,301.8135070800781,1
2022-03-28,MSFT,301.8135070800781,295.6994995117187,284.846044921875,74.60978809803203,0.023116638084758057,0.016100540634550645,306.3887634277344,1
2022-03-29,MSFT,306.3887634277344,297.9045715332031,285.83978576660155,71.02585887588785,0.015159216669657916,0.013190841761560431,304.8830261230469,0
2022-03-30,MSFT,304.8830261230469,300.69635620117185,286.5037353515625,72.75617812515489,-0.0049144664701211704,0.01263425308361716,299.4917907714844,0
2022-03-31,MSFT,299.4917907714844,301.51426391601564,287.1055160522461,73.32441406407258,-0.017682963266661744,0.014778727469494846,300.5700988769531,1
2022-04-01,MSFT,300.5700988769531,302.6294372558594,288.05554656982423,78.52242459627463,0.0036004596409506817,0.014033281991809522,305.96136474609375,1
2022-04-04,MSFT,305.96136474609375,303.4590087890625,289.8069793701172,76.04677914177145,0.017936800397925445,0.014500251757862629,301.98828125,0
2022-04-05,MSFT,301.98828125,302.57891235351565,291.50838165283204,66.58924357535895,-0.012985572539169654,0.014963681264605106,290.9338073730469,0
2022-04-06,MSFT,290.9338073730469,299.7890686035156,292.0426513671875,54.0596473277084,-0.03660563857377541,0.018805701718702866,292.7503356933594,1
2022-04-07,MSFT,292.7503356933594,298.44077758789064,292.8090881347656,51.311797878852936,0.0062437856112860235,0.018195109702957867,288.47613525390625,0
2022-04-08,MSFT,288.47613525390625,296.02198486328126,293.6299194335937,48.6641921644187,-0.014600155553468386,0.018718612883187928,277.10113525390625,0
2022-04-11,MSFT,277.10113525390625,290.24993896484375,294.05830841064454,36.348334781686695,-0.039431338020346596,0.019785957752286774,273.9925842285156,0
2022-04-12,MSFT,273.9925842285156,284.6507995605469,293.8110855102539,36.9773579213905,-0.011218110032433781,0.017982969860420417,279.3935546875,1
2022-04-13,MSFT,279.3935546875,282.3427490234375,293.48226165771484,38.18940214179697,0.019712104523529117,0.02042424835404233,271.8263854980469,0
2022-04-14,MSFT,271.8263854980469,278.157958984375,292.7347686767578,34.267641953680965,-0.027084265411623232,0.021098976693237147,272.4966735839844,1
2022-04-18,MSFT,272.4966735839844,274.9620666503906,291.76774444580076,28.356566784333197,0.0024658683692879713,0.02102395854540434,277.139892578125,1
2022-04-19,MSFT,277.139892578125,274.9698181152344,291.09456634521484,28.9384277741391,0.017039543760557496,0.020895104937863607,278.1696472167969,1
2022-04-20,MSFT,278.1696472167969,275.80523071289065,290.23487854003906,30.70229026801158,0.0037156492668466434,0.02126277173757924,272.7784118652344,0
2022-04-21,MSFT,272.7784118652344,274.4822021484375,289.3275939941406,30.477582177123196,-0.019381105758676576,0.019292225672245644,266.1922912597656,0
2022-04-22,MSFT,266.1922912597656,273.3553833007812,287.8670959472656,26.572912292543762,-0.02414458153207011,0.01949716427579723,272.6908874511719,1
2022-04-25,MSFT,272.6908874511719,273.39422607421875,286.7519287109375,28.408686329058426,0.024413164485911132,0.02205287151577963,262.4912109375,0
2022-04-26,MSFT,262.4912109375,270.46448974609376,284.7858139038086,25.961455641421722,-0.037403804025164744,0.02171181819366983,275.1194152832031,1
2022-04-27,MSFT,275.1194152832031,269.854443359375,283.222346496582,41.2591949304559,0.04810905592077108,0.027274195813637846,281.3460693359375,1
2022-04-28,MSFT,281.3460693359375,271.56797485351564,282.0454986572266,44.3511659859647,0.022632550473854263,0.027514443915616853,269.58245849609375,0
2022-04-29,MSFT,269.58245849609375,272.2460083007812,280.550032043457,40.78647646122311,-0.04181188977549766,0.029508774154490616,276.33367919921875,1
2022-05-02,MSFT,276.33367919921875,272.9745666503906,279.3382110595703,50.321958170843146,0.025043249255859212,0.030599078261870426,273.72064208984375,0
2022-05-03,MSFT,273.72064208984375,275.2204528808594,277.72617492675784,50.596972324802394,-0.009456093506036822,0.03028037301070217,281.68609619140625,1
2022-05-04,MSFT,281.68609619140625,276.5337890625,276.7110656738281,51.99486701940703,0.029100670087380598,0.03173285861396568,269.4173278808594,0
2022-05-05,MSFT,269.4173278808594,274.1480407714844,275.63524169921874,49.535924518012685,-0.04355475288425392,0.03433236456491408,266.87225341796875,0
2022-05-06,MSFT,266.87225341796875,273.6059997558594,274.3413375854492,47.868426395058336,-0.009446587875060919,0.033522572036688854,257.0125427246094,0
2022-05-09,MSFT,257.0125427246094,269.7417724609375,272.7681579589844,40.78657376957863,-0.036945432007565615,0.03431863583719546,261.79180908203125,1
2022-05-10,MSFT,261.79180908203125,267.356005859375,272.0026916503906,43.045542442313796,0.018595459609700438,0.03305698072595605,253.09779357910156,0
2022-05-11,MSFT,253.09779357910156,261.6383453369141,270.95795211791994,41.571647728408834,-0.033209654394517174,0.029812114912312667,248.0465545654297,0
2022-05-12,MSFT,248.0465545654297,257.36419067382815,269.3906021118164,42.007139436912944,-0.019957657244819904,0.02794870421339744,253.6515350341797,1
2022-05-13,MSFT,253.6515350341797,254.7200469970703,268.481859588623,41.74233900474353,0.02259648588374774,0.027778199616702023,254.02066040039062,1
2022-05-16,MSFT,254.02066040039062,254.12167053222657,267.55805892944335,46.29065119712622,0.001455245938729366,0.0258068913052616,259.1885681152344,1
2022-05-17,MSFT,259.1885681152344,253.60102233886718,266.66049270629884,41.8279287399324,0.02034443854566015,0.027307592879579352,247.38775634765625,0
2022-05-18,MSFT,247.38775634765625,252.45901489257812,265.1213981628418,32.806716670337536,-0.045529831247539954,0.027118937114459788,246.47250366210938,0
2022-05-19,MSFT,246.47250366210938,252.14420471191406,263.80610275268555,36.72706376586651,-0.0036996684842424132,0.024896085178480742,245.9077606201172,0
2022-05-20,MSFT,245.9077606201172,250.59544982910157,262.7918762207031,31.09300959685244,-0.0022913024114300518,0.02497111318126125,253.78466796875,1
2022-05-23,MSFT,253.78466796875,250.54825134277343,261.84656524658203,38.93982507709551,0.03203195917350987,0.025565177471835055,252.78179931640625,0
2022-05-24,MSFT,252.78179931640625,249.26689758300782,261.36109466552733,32.36386476634807,-0.003951651848673743,0.024625213998873668,255.6054229736328,1
2022-05-25,MSFT,255.6054229736328,250.91043090820312,260.3853950500488,40.65213926360151,0.011170201592292095,0.022530115972064464,258.8963928222656,1
2022-05-26,MSFT,258.8963928222656,253.39520874023438,259.2629112243652,44.99040155757485,0.012875195722949595,0.021468878290009655,266.0430603027344,1
2022-05-27,MSFT,266.0430603027344,257.4222686767578,259.08594131469727,57.448414749594725,0.02760435324170385,0.0219899825793407,264.7091369628906,0
2022-05-31,MSFT,264.7091369628906,259.60716247558594,258.50471420288085,52.9835079238766,-0.005013937737469498,0.022200035549665317,265.2446594238281,1
2022-06-01,MSFT,265.2446594238281,262.0997344970703,258.0809150695801,61.79246156006818,0.002023059978517372,0.021478012474825916,267.3477478027344,1
2022-06-02,MSFT,267.3477478027344,264.4481994628906,257.3639976501465,69.53074698131876,0.007928862294436456,0.013275855290064316,262.9078674316406,0
2022-06-03,MSFT,262.9078674316406,265.2504943847656,257.03852462768555,59.95699386432902,-0.016607135865493672,0.015036209973667232,261.6712646484375,0
2022-06-06,MSFT,261.6712646484375,264.3761352539062,256.77847518920896,58.21885871615894,-0.004703559445685457,0.015212606751981788,265.3225402832031,1
2022-06-07,MSFT,265.3225402832031,264.4988159179687,257.1939750671387,56.80895690871494,0.013953674430668528,0.01268360820429404,263.2876281738281,0
2022-06-08,MSFT,263.2876281738281,264.10740966796874,257.26876602172854,71.00340303522333,-0.007669578721818948,0.013010075965634343,257.81561279296875,0
2022-06-09,MSFT,257.81561279296875,262.20098266601565,257.50465698242186,63.809173294170805,-0.0207834124938322,0.014884883728618346,246.32644653320312,0
2022-06-10,MSFT,246.32644653320312,258.88469848632815,257.41865158081055,51.018236335143136,-0.04456350077212612,0.019985053093601546,235.87905883789062,0
2022-06-13,MSFT,235.87905883789062,253.72625732421875,256.53002777099607,34.14762545330768,-0.042412773140476645,0.019639597322770753,238.05032348632812,1
2022-06-14,MSFT,238.05032348632812,248.27181396484374,255.73151092529298,37.419428662458756,0.00920499114730533,0.02067186458046296,245.1288299560547,1
2022-06-15,MSFT,245.1288299560547,244.64005432128906,255.02852401733398,42.16000178900513,0.029735336487089814,0.02409148182797424,238.51766967773438,0
2022-06-16,MSFT,238.51766967773438,240.78046569824218,254.58501968383788,34.89939595798309,-0.026970145778061005,0.024121076606207995,241.12709045410156,1
2022-06-17,MSFT,241.12709045410156,239.74059448242187,254.3177490234375,30.425977907437314,0.010940157095668424,0.024977720089083503,247.05670166015625,1
2022-06-21,MSFT,247.05670166015625,241.976123046875,254.37519607543945,37.536065514164974,0.024591227783190117,0.027079376091439258,246.46273803710938,0
2022-06-22,MSFT,246.46273803710938,243.65860595703126,254.00909957885742,36.71078195938096,-0.0024041591224022163,0.026262290127343754,252.04183959960938,1
2022-06-23,MSFT,252.04183959960938,245.04120788574218,253.97210159301758,40.06910285549004,0.022636693915410344,0.02787954385869058,260.6490173339844,1
2022-06-24,MSFT,260.6490173339844,249.46747741699218,254.22428131103516,49.271294861200474,0.034149797303686835,0.029566610539824678,257.91302490234375,0
2022-06-27,MSFT,257.91302490234375,252.8246643066406,254.17511291503905,48.32144125465608,-0.010496845373235586,0.025329635707891575,249.72454833984375,0
2022-06-28,MSFT,249.72454833984375,253.3582336425781,253.35918731689452,41.236274775876915,-0.03174898423839001,0.02325617424300889,253.4049530029297,1
2022-06-29,MSFT,253.4049530029297,254.74667663574218,252.7939781188965,44.86996813231455,0.014737856920967962,0.023407178817205023,250.06532287597656,0
2022-06-30,MSFT,250.06532287597656,254.35137329101562,252.0350112915039,45.94372279890031,-0.013179024669318529,0.022597320897642586,252.74285888671875,1
2022-07-01,MSFT,252.74285888671875,252.7701416015625,251.3047668457031,55.193706556395114,0.010707346304350107,0.020202681311262148,255.92674255371094,1
2022-07-05,MSFT,255.92674255371094,252.37288513183594,250.95571060180663,66.62762487508876,0.01259732394029478,0.02025449676569045,259.1982421875,1
2022-07-06,MSFT,259.1982421875,254.2676239013672,250.83205947875976,67.09101391759302,0.012782953438726707,0.019386108624058897,261.3305358886719,1
2022-07-07,MSFT,261.3305358886719,255.8527404785156,250.6324592590332,64.09386357422633,0.008226497537855204,0.019227121917595718,260.6100158691406,0
2022-07-08,MSFT,260.6100158691406,257.96167907714846,250.49857864379882,71.41569573340288,-0.002757121425098985,0.018453134673681915,257.5430603027344,0
2022-07-11,MSFT,257.5430603027344,258.9217193603516,250.4849510192871,65.9962936170617,-0.011768371818626666,0.015447800004481321,246.988525390625,0
2022-07-12,MSFT,246.988525390625,257.1340759277344,250.5180549621582,50.54594106648345,-0.040981631963613485,0.019881990751291222,246.0635528564453,0
2022-07-13,MSFT,246.0635528564453,254.50713806152345,251.02727966308595,50.25192969643818,-0.0037450020510741977,0.0173750311814648,247.38775634765625,1
2022-07-14,MSFT,247.38775634765625,251.7185821533203,251.49415130615233,46.22675487880869,0.005381550724757211,0.016649965174172433,249.95819091796875,1
2022-07-15,MSFT,249.95819091796875,249.58821716308594,251.73561935424806,39.484700359976244,0.010390306328257548,0.01660282610253548,247.5532684326172,0
2022-07-18,MSFT,247.5532684326172,247.5902587890625,252.1873992919922,39.66797741862476,-0.009621298972118164,0.016400784096344278,252.69419860839844,1
2022-07-19,MSFT,252.69419860839844,248.73139343261718,252.76575469970703,53.810540105696,0.020766965462952758,0.01738014367262394,255.3619842529297,1
2022-07-20,MSFT,255.3619842529297,250.59107971191406,253.1810188293457,52.6973645333646,0.010557367993499156,0.01719542033664722,257.8642883300781,1
2022-07-21,MSFT,257.8642883300781,252.68638610839844,253.75109634399413,59.505934365646226,0.009799046966481706,0.01729965617719918,253.50228881835938,0
2022-07-22,MSFT,253.50228881835938,253.39520568847655,253.82411880493163,51.336622578709715,-0.016915872841357538,0.018006423873812415,252.0126190185547,0
2022-07-25,MSFT,252.0126190185547,254.28707580566407,253.39229888916014,45.94239783508452,-0.005876356409831418,0.01776840817666087,245.26515197753906,0
2022-07-26,MSFT,245.26515197753906,252.8012664794922,252.75990524291993,35.476750089981124,-0.026774322124396566,0.014591312283829868,261.6615905761719,1
2022-07-27,MSFT,261.6615905761719,254.06118774414062,253.35675735473632,51.095668185311965,0.066851888523219,0.02572971213374404,269.1295471191406,1
2022-07-28,MSFT,269.1295471191406,256.3142395019531,254.1429870605469,56.829999806922245,0.02854051497021204,0.026648126327989977,273.34552001953125,1
2022-07-29,MSFT,273.34552001953125,260.2828857421875,255.3069969177246,61.77750077815376,0.015665217533785913,0.026735786778073527,270.68743896484375,0
2022-08-01,MSFT,270.68743896484375,264.0178497314453,256.20422592163084,69.8029482444424,-0.009724253225359525,0.026743900876422835,267.58148193359375,0
2022-08-02,MSFT,267.58148193359375,268.4811157226562,256.786962890625,67.63039692853769,-0.01147433010976695,0.02714682188925769,275.0299987792969,1
2022-08-03,MSFT,275.0299987792969,271.15479736328126,257.5785507202148,70.31456067214113,0.027836443657755172,0.028001013847402334,276.1788330078125,1
2022-08-04,MSFT,276.1788330078125,272.5646545410156,258.3209655761719,69.617454473171,0.0041771233451428635,0.028012692461881993,275.4583740234375,0
2022-08-05,MSFT,275.4583740234375,272.9872253417969,259.0633834838867,71.51287922075062,-0.0026086683636418195,0.026989067209112923,272.93658447265625,0
2022-08-08,MSFT,272.93658447265625,273.4370544433594,259.8330596923828,66.44578735039624,-0.009154884325886181,0.027204341981699142,274.8644104003906,1
2022-08-09,MSFT,274.8644104003906,274.8936401367188,261.2268539428711,65.96224161836298,0.007063274172127487,0.024301906278619195,281.5437927246094,1
2022-08-10,MSFT,281.5437927246094,276.19639892578124,263.0008659362793,67.88314198483658,0.024300644505008906,0.015820854644473695,279.46014404296875,0
2022-08-11,MSFT,279.46014404296875,276.8526611328125,264.60448532104493,70.49343294112977,-0.0074007977994341445,0.014530136967683089,284.2213134765625,1
2022-08-12,MSFT,284.2213134765625,278.6052490234375,266.3176414489746,74.03912249759847,0.017037024903492792,0.014659788825940913,285.740234375,1
2022-08-15,MSFT,285.740234375,281.1659790039063,268.22698974609375,82.98208988193647,0.005344148473097388,0.013843470885720284,285.0002136230469,0
2022-08-16,MSFT,285.0002136230469,283.1931396484375,269.8422904968262,75.15990832183452,-0.002589837421991925,0.012884039013595685,284.24896240234375,0
2022-08-17,MSFT,284.24896240234375,283.7341735839844,271.28663940429686,68.98990735801345,-0.0026359672196483164,0.010662937918513263,283.1268615722656,0
2022-08-18,MSFT,283.1268615722656,284.46751708984374,272.5497680664063,63.38641678317983,-0.003947598684599041,0.01090008157139462,279.20440673828125,0
2022-08-19,MSFT,279.20440673828125,283.4641357421875,273.83487396240236,61.508893892117975,-0.013854054017347961,0.012013570382358145,271.00830078125,0
2022-08-22,MSFT,271.00830078125,280.5177490234375,274.78465805053713,54.5171981613574,-0.02935521703536026,0.015250718040684319,269.7301025390625,0
2022-08-23,MSFT,269.7301025390625,277.46372680664064,276.0079055786133,43.16571120333858,-0.004716454213774202,0.015046270890865129,269.09588623046875,0
2022-08-24,MSFT,269.09588623046875,274.4331115722656,276.37962036132814,40.60527260313257,-0.002351299697822551,0.011955982401468702,272.0816345214844,1
2022-08-25,MSFT,272.0816345214844,272.22406616210935,276.5272247314453,46.0362750529173,0.011095480993189355,0.012845848411601631,261.5827941894531,0
2022-08-26,MSFT,261.5827941894531,268.6997436523437,275.93908843994143,38.07903933750886,-0.03858709666492477,0.015222382068421475,258.7922058105469,0
2022-08-29,MSFT,258.7922058105469,266.25652465820315,275.3443267822266,33.22754857526046,-0.010668088425132227,0.014467527972188353,256.5870666503906,0
2022-08-30,MSFT,256.5870666503906,263.62791748046874,274.7946060180664,21.173823203565348,-0.008520887069414118,0.014260975134040815,255.12350463867188,0
2022-08-31,MSFT,255.12350463867188,260.83344116210935,273.79928131103514,21.40353506698932,-0.005703958624356131,0.014108671794875788,254.07945251464844,0
2022-09-01,MSFT,254.07945251464844,257.2330047607422,272.69431228637694,11.459186930513766,-0.00409234000411729,0.014101091542391428,249.84478759765625,0
2022-09-02,MSFT,249.84478759765625,254.88540344238282,271.4136329650879,7.168318459066072,-0.01666669569334045,0.014199247943840218,247.10299682617188,0
2022-09-06,MSFT,247.10299682617188,252.5475616455078,270.1219535827637,6.799987894263779,-0.010973976274820996,0.012659094302606578,251.82546997070312,1
2022-09-07,MSFT,251.82546997070312,251.59524230957032,268.9700065612793,16.81478331164267,0.019111355204863623,0.015502852028081979,252.2450714111328,1
2022-09-08,MSFT,252.2450714111328,251.0195556640625,267.5050704956055,17.97051643688785,0.0016662390840707086,0.015680142248498303,258.0408935546875,1
2022-09-09,MSFT,258.0408935546875,251.8118438720703,266.4341079711914,29.412400393756116,0.022976949008879144,0.01749294990368432,260.1777648925781,1
2022-09-12,MSFT,260.1777648925781,253.8784393310547,265.2319305419922,38.16601602538033,0.008281134468470341,0.013318047431012866,245.8735809326172,0
2022-09-13,MSFT,245.8735809326172,253.63255615234374,263.23859786987305,29.271564261020572,-0.05497850273972038,0.02177700244471999,246.09799194335938,1
2022-09-14,MSFT,246.09799194335938,252.487060546875,261.29348678588866,29.89415360687856,0.0009127089209461925,0.021806550045098686,239.42401123046875,0
2022-09-15,MSFT,239.42401123046875,249.9228485107422,259.05223922729493,22.995128540354187,-0.027119200202278204,0.02301628844311443,238.79957580566406,0
2022-09-16,MSFT,238.79957580566406,246.0745849609375,256.8358749389648,27.253630378080615,-0.002608073524436927,0.023035367539622743,238.5848846435547,0
2022-09-19,MSFT,238.5848846435547,241.75600891113282,254.8048988342285,28.696589507077732,-0.0008990433143989396,0.022757500996582452,236.56515502929688,0
2022-09-20,MSFT,236.56515502929688,239.89432373046876,253.08274154663087,28.705213315657744,-0.00846545504035301,0.022690259124029492,233.15008544921875,0
2022-09-21,MSFT,233.15008544921875,237.30474243164062,251.25374069213868,27.407734932156487,-0.01443606341625081,0.02131336876358709,235.13079833984375,1
2022-09-22,MSFT,235.13079833984375,236.44609985351562,249.55548629760742,31.096494286550566,0.008495441409805515,0.021743596566360938,232.1450958251953,0
2022-09-23,MSFT,232.1450958251953,235.11520385742188,247.55865936279298,31.733874607632956,-0.012698049493002128,0.019081831158776055,231.68649291992188,0
2022-09-26,MSFT,231.68649291992188,233.73552551269532,246.0638442993164,33.28056895479794,-0.0019755011564782654,0.018225466749577156,230.6717529296875,0
2022-09-27,MSFT,230.6717529296875,232.55684509277344,244.65782165527344,24.917258989768882,-0.004379797792463891,0.009895976967294112,235.21864318847656,1
2022-09-28,MSFT,235.21864318847656,232.970556640625,243.58940048217772,32.126513669380344,0.01971151734462695,0.012785669717584432,231.7352752685547,0
2022-09-29,MSFT,231.7352752685547,232.29145202636718,242.41998901367188,20.80485747581706,-0.014809063910511178,0.010797191568288685,227.24693298339844,0
2022-09-30,MSFT,227.24693298339844,231.31181945800782,241.07836303710937,15.257335467870973,-0.01936840336437673,0.011934894248140034,234.89663696289062,1
2022-10-03,MSFT,234.89663696289062,231.95384826660157,240.3309555053711,37.03071287338512,0.03366251803297615,0.017102214360368337,242.83908081054688,1
2022-10-04,MSFT,242.83908081054688,234.38731384277344,240.11775970458984,47.26421472635833,0.03381250557840465,0.020126962396714045,243.1512908935547,1
2022-10-05,MSFT,243.1512908935547,235.97384338378907,239.6840507507324,54.90585671134659,0.0012856665490814656,0.019224689254765375,240.79978942871094,0
2022-10-06,MSFT,240.79978942871094,237.7867462158203,239.11178665161134,52.79450069992407,-0.009670939669710332,0.01964563535776723,228.55441284179688,0
2022-10-07,MSFT,228.55441284179688,238.0482421875,237.6374626159668,41.50588175866468,-0.05085293727193774,0.025707516552807255,223.68553161621094,0
2022-10-10,MSFT,223.68553161621094,235.80602111816407,235.81285095214844,39.34395591537462,-0.02130294123420018,0.026482280002129842,219.938720703125,0
2022-10-11,MSFT,219.938720703125,231.2259490966797,234.51610794067383,38.97795070136077,-0.016750349859527502,0.026830611495071096,220.27047729492188,1
2022-10-12,MSFT,220.27047729492188,226.64978637695313,233.22473220825196,37.21457855169639,0.001508404662609042,0.025600164608038527,228.55441284179688,1
2022-10-13,MSFT,228.55441284179688,224.20071105957032,232.68125228881837,47.84001087284596,0.0376080156024885,0.02881681068334593,223.01226806640625,0
2022-10-14,MSFT,223.01226806640625,223.0922821044922,231.89188690185546,44.152628013086776,-0.024248688557270803,0.029201088143618898,231.76454162597656,1
2022-10-17,MSFT,231.76454162597656,224.7080841064453,231.55086975097657,51.51788924720368,0.03924570444243081,0.029990678674185513,232.71099853515625,1
2022-10-18,MSFT,232.71099853515625,227.26253967285157,231.35816192626953,49.05959807483131,0.004083700218073361,0.02753642592112284,230.7400360107422,0
2022-10-19,MSFT,230.7400360107422,229.35645141601563,231.2376594543457,50.089884490261554,-0.008469571858746083,0.027504710795537426,230.4180450439453,0
2022-10-20,MSFT,230.4180450439453,229.72917785644532,231.00202178955078,53.26096682457812,-0.001395470731320736,0.02746918403652681,236.2431182861328,1
2022-10-21,MSFT,236.2431182861328,232.37534790039064,231.20692291259766,51.83901536580796,0.02528045596896078,0.02329106843992914,241.24862670898438,1
2022-10-24,MSFT,241.24862670898438,234.27216491699218,231.68502960205078,49.526227016297575,0.02118795442239718,0.02209736625295381,244.5758514404297,1
2022-10-25,MSFT,244.5758514404297,236.64513549804687,232.3802345275879,51.81828630155899,0.013791683612188521,0.020369462460467985,225.70529174804688,0
2022-10-26,MSFT,225.70529174804688,235.6381866455078,231.9045669555664,41.61952291907223,-0.07715626698729505,0.03460043346177706,221.2462158203125,0
2022-10-27,MSFT,221.2462158203125,233.80382080078124,231.3801139831543,45.770557179458756,-0.01975618689840919,0.0329392411893729,230.1448516845703,1
2022-10-28,MSFT,230.1448516845703,232.58416748046875,231.5250099182129,55.31441857443993,0.04022051103231039,0.03453302698462176,226.49563598632812,0
2022-10-31,MSFT,226.49563598632812,229.6335693359375,231.10495986938477,55.46438754464975,-0.015856169154040867,0.03257206178894972,222.6317138671875,0
2022-11-01,MSFT,222.6317138671875,225.24474182128907,230.0945915222168,52.53012372308954,-0.017059587494100192,0.03283239051451372,214.75765991210938,0
2022-11-02,MSFT,214.75765991210938,223.05521545410156,228.67490997314454,41.91244900593268,-0.03536806961732075,0.03431480781683241,209.04962158203125,0
2022-11-03,MSFT,209.04962158203125,220.61589660644532,227.08740158081054,41.629722437835234,-0.026578974330480953,0.03481003354115359,216.0163116455078,1
2022-11-04,MSFT,216.0163116455078,217.79018859863282,226.4604965209961,40.61195700296194,0.03332553300386065,0.03577329510387812,222.3390350341797,1
2022-11-07,MSFT,222.3390350341797,216.95886840820313,226.39317169189454,44.71307748972824,0.02926965718703567,0.036595946148427386,223.3147430419922,1
2022-11-08,MSFT,223.3147430419922,217.09547424316406,226.56197280883788,46.43592955640522,0.004388379250015673,0.03610510785881487,219.06057739257812,0
2022-11-09,MSFT,219.06057739257812,217.9560577392578,226.5014778137207,44.26878369313481,-0.01905008863930724,0.027461517338928095,237.0822296142578,1
2022-11-10,MSFT,237.0822296142578,223.5625793457031,226.92786865234376,51.56523957430547,0.08226789336624041,0.03751153280743359,241.1120147705078,1
2022-11-11,MSFT,241.1120147705078,228.58171997070312,227.83285598754884,51.09441113646304,0.016997415465539678,0.03595100125115726,235.6869659423828,0
2022-11-14,MSFT,235.6869659423828,231.25130615234374,228.02897720336915,46.94674856827025,-0.02250011818485531,0.036442095560542336,236.09677124023438,1
2022-11-15,MSFT,236.09677124023438,233.80771179199218,228.19826583862306,57.14080444411901,0.0017387694572459367,0.03567929040675637,236.52731323242188,1
2022-11-16,MSFT,236.52731323242188,237.30105895996093,228.48762969970704,60.624885688137724,0.0018235827196020349,0.03264541518931567,236.47837829589844,0
2022-11-17,MSFT,236.47837829589844,237.18028869628907,228.7906463623047,55.4157876645389,-0.00020688915734379254,0.030330122361282894,236.02830505371094,0
2022-11-18,MSFT,236.02830505371094,236.16354675292968,228.7799057006836,58.05944789690157,-0.0019032321070145963,0.029721689163007124,236.84042358398438,1
2022-11-21,MSFT,236.84042358398438,236.39423828125,228.5594955444336,62.128803229741074,0.00344076753882816,0.028902782257502674,239.7562713623047,1
2022-11-22,MSFT,239.7562713623047,237.12613830566406,228.31851654052736,72.54161109780053,0.012311444702708618,0.028940955606705742,242.25137329101562,1
2022-11-23,MSFT,242.25137329101562,238.2709503173828,229.14582061767578,81.78014826757322,0.010406826543196024,0.02739719296595496,242.16334533691406,0
2022-11-25,MSFT,242.16334533691406,239.40794372558594,230.19167709350586,78.69838578116105,-0.00036337442758604954,0.01069652389679183,236.55665588378906,0
2022-11-28,MSFT,236.55665588378906,239.51361389160155,230.51226730346679,66.50421854940011,-0.02315251073743052,0.011973485290576989,235.15740966796875,0
2022-11-29,MSFT,235.15740966796875,239.17701110839843,230.94535598754882,63.83015947930431,-0.005915057475735175,0.00973284266892327,249.648681640625,1
2022-11-30,MSFT,249.648681640625,241.1554931640625,232.29620437622071,77.91095793661916,0.06162370980832477,0.021884002076931832,249.2083740234375,0
2022-12-01,MSFT,249.2083740234375,242.54689331054686,234.01874008178712,66.00317896293666,-0.001763708962105981,0.02198571172751541,249.5312957763672,1
2022-12-02,MSFT,249.5312957763672,244.0204833984375,236.0428237915039,62.407217602998855,0.0012957901362469215,0.021947871475436507,244.81500244140625,0
2022-12-05,MSFT,244.81500244140625,245.67215270996093,237.48275833129884,63.958071191767154,-0.018900608520013962,0.023214952181834975,239.84434509277344,0
2022-12-06,MSFT,239.84434509277344,246.6095397949219,238.3580238342285,55.62782490735257,-0.02030372852587936,0.024448485764961194,239.1104736328125,0
2022-12-07,MSFT,239.1104736328125,244.50189819335938,239.14781036376954,54.10259406690521,-0.0030597822086532167,0.024176588761941727,242.0752716064453,1
2022-12-08,MSFT,242.0752716064453,243.07527770996094,240.29854507446288,57.384027074462516,0.012399281087894343,0.024279993869299153,240.13787841796875,0
2022-12-09,MSFT,240.13787841796875,241.19659423828125,240.45132751464843,55.47058633608808,-0.008003267643240664,0.02441900087050246,247.0752716064453,1
2022-12-12,MSFT,247.0752716064453,241.64864807128907,240.7494903564453,60.90853114551354,0.02888920829225361,0.02461810759000355,251.39036560058594,1
2022-12-13,MSFT,251.39036560058594,243.95785217285157,241.53466033935547,61.85189823138499,0.01746469392134853,0.024615959814233406,251.68394470214844,1
2022-12-14,MSFT,251.68394470214844,246.47254638671876,242.31401901245118,60.12675829686091,0.0011678216102717354,0.015398228099238269,243.65060424804688,0
2022-12-15,MSFT,243.65060424804688,246.78761291503906,242.67018356323243,52.08249853318418,-0.031918366757992866,0.018601338987073904,239.42361450195312,0
2022-12-16,MSFT,239.42361450195312,246.64476013183594,242.81744537353515,53.39646920407572,-0.017348570750066683,0.01914979071071192,235.27487182617188,0
2022-12-19,MSFT,235.27487182617188,244.28468017578126,242.7797737121582,50.872670303203826,-0.017328042951867628,0.01901949304354241,236.59580993652344,1
2022-12-20,MSFT,236.59580993652344,241.32576904296874,242.76754302978514,36.03591224125235,0.005614446201154477,0.018272519920103616,239.169189453125,1
2022-12-21,MSFT,239.169189453125,238.82281799316405,242.73818893432616,39.93822634538298,0.010876691000115235,0.01864365149474718,233.06349182128906,0
2022-12-22,MSFT,233.06349182128906,236.7053955078125,242.27879486083984,34.92275522542431,-0.02552878004811987,0.019709427589617464,233.59185791015625,1
2022-12-23,MSFT,233.59185791015625,235.53904418945314,241.85022048950196,38.91739132497592,0.0022670478535193883,0.019722727657343033,231.85997009277344,0
2022-12-27,MSFT,231.85997009277344,234.85606384277344,241.61538619995116,41.56758071479634,-0.007414161747234083,0.01633612243349968,229.48228454589844,0
2022-12-28,MSFT,229.48228454589844,233.43335876464843,241.33162994384764,40.045348590958035,-0.010254834182561234,0.014065681641853128,235.8227996826172,1
2022-12-29,MSFT,235.8227996826172,232.7640808105469,240.64033584594728,44.358562109870256,0.027629649710283477,0.01809913809638641,234.6584014892578,0
2022-12-30,MSFT,234.6584014892578,233.08306274414062,239.91283721923827,45.010348646811664,-0.004937598039402857,0.015716776082261845,234.423583984375,0
2023-01-03,MSFT,234.423583984375,233.24940795898436,239.15745162963867,35.97225329901693,-0.0010006780212962196,0.014964952287079045,224.1691436767578,0
2023-01-04,MSFT,224.1691436767578,231.71124267578125,238.12515869140626,22.970427546283204,-0.04374321104271095,0.01958717251488745,217.52525329589844,0
2023-01-05,MSFT,217.52525329589844,229.31983642578126,237.0092041015625,19.697599606417015,-0.029637845208703606,0.020676711338130878,220.0888671875,1
2023-01-06,MSFT,220.0888671875,226.1730499267578,236.05812377929686,27.011201833888038,0.011785362171785607,0.020771516138527294,222.2317352294922,1
2023-01-09,MSFT,222.2317352294922,223.68771667480468,235.06594696044922,32.68737636004542,0.00973637635276936,0.020472068663768925,223.9245147705078,1
2023-01-10,MSFT,223.9245147705078,221.58790283203126,234.25527877807616,38.13637468749682,0.00761718185419169,0.020738399499739952,230.69554138183594,1
2023-01-11,MSFT,230.69554138183594,222.89318237304687,233.4362922668457,44.97752605542004,0.030237987199693173,0.023312373044411284,233.37660217285156,1
2023-01-12,MSFT,233.37660217285156,226.0634521484375,232.53560409545898,45.160993958681274,0.01162164112473274,0.02329634587862294,234.0811004638672,1
2023-01-13,MSFT,234.0811004638672,228.86189880371094,231.65546188354492,51.7236294420473,0.0030187186052774706,0.021511404577971138,235.17701721191406,1
2023-01-17,MSFT,235.17701721191406,231.45095520019532,231.23178253173828,52.29699315543899,0.004681782279197799,0.02150749538944495,230.7347412109375,0
2023-01-18,MSFT,230.7347412109375,232.81300048828126,230.7973388671875,49.50311107533118,-0.018889073658816313,0.022366625602469766,226.9381866455078,0
2023-01-19,MSFT,226.9381866455078,232.06152954101563,230.3805046081543,48.11442447736596,-0.016454195607929156,0.017824031081923267,235.04981994628906,1
2023-01-20,MSFT,235.04981994628906,232.39617309570312,230.30320510864257,49.95203838728428,0.03574380063877114,0.01716464704996256,237.3590087890625,1
2023-01-23,MSFT,237.3590087890625,233.0517547607422,230.21269607543945,53.107387850494916,0.009824252761823526,0.017126610702689053,236.8306121826172,0
2023-01-24,MSFT,236.8306121826172,233.38247375488282,230.40105209350585,52.83070113936558,-0.002226149363957375,0.0173854659981044,235.43141174316406,0
2023-01-25,MSFT,235.43141174316406,234.32180786132812,230.49302978515624,62.95753890994423,-0.005908021883481052,0.017811305992854447,242.66233825683594,1
2023-01-26,MSFT,242.66233825683594,237.46663818359374,231.03314819335938,78.09237302851943,0.030713516349127667,0.01788616134113719,242.8189239501953,1
2023-01-27,MSFT,242.8189239501953,239.020458984375,231.69998016357422,76.78949383983161,0.0006452822241975742,0.01778566851647685,237.48622131347656,0
2023-01-30,MSFT,237.48622131347656,239.0459014892578,231.78315124511718,67.20555850772095,-0.021961643474758707,0.01961676509835283,242.4764404296875,1
2023-01-31,MSFT,242.4764404296875,240.17506713867186,232.17405319213867,69.26858128596612,0.021012667971266996,0.020557474953344444,247.31011962890625,1
2023-02-01,MSFT,247.31011962890625,242.55080871582032,232.81837997436523,67.70598829020034,0.019934634435630372,0.019553331673453477,258.9050598144531,1
2023-02-02,MSFT,258.9050598144531,245.79935302734376,234.55517578125,72.49278790599789,0.046884212433139894,0.021249044153745098,252.7895965576172,0
2023-02-03,MSFT,252.7895965576172,247.79348754882812,236.31839294433593,65.54751422184361,-0.023620485676172698,0.022584218598125688,251.24359130859375,0
2023-02-06,MSFT,251.24359130859375,250.54496154785156,237.87612915039062,63.384758602557554,-0.006115778774428593,0.022963623553991085,261.8013610839844,1
2023-02-07,MSFT,261.8013610839844,254.40994567871093,239.85461044311523,73.05006617698731,0.04202204609638338,0.025354726597223473,260.9892883300781,0
2023-02-08,MSFT,260.9892883300781,257.1457794189453,241.70784912109374,76.66644208634452,-0.0031018660504432694,0.02516951791648371,257.9461364746094,0
2023-02-09,MSFT,257.9461364746094,256.95399475097656,243.07037887573242,69.63162872294943,-0.011660064192443143,0.024980977473398697,257.4373474121094,0
2023-02-10,MSFT,257.4373474121094,257.883544921875,244.2734161376953,67.79928604266738,-0.001972462427441979,0.025061612151020894,265.4804382324219,1
2023-02-13,MSFT,265.4804382324219,260.7309143066406,245.84338302612304,72.13584633596983,0.031242905899884876,0.024059912520216598,266.3121337890625,1
2023-02-14,MSFT,266.3121337890625,261.63306884765626,247.40013885498047,74.08066903107496,0.0031327941229044587,0.02393539153796738,264.18353271484375,0
2023-02-15,MSFT,264.18353271484375,262.27191772460935,249.07257843017578,68.32769248965671,-0.007992880549350989,0.024232676074271087,257.1502990722656,0
2023-02-16,MSFT,257.1502990722656,262.1127502441406,250.58318405151368,61.44534336566257,-0.026622528551655478,0.02177417540018942,253.13829040527344,0
2023-02-17,MSFT,253.13829040527344,261.25293884277346,251.48760757446288,62.94306976060459,-0.01560180439792025,0.020959246938600972,247.85110473632812,0
2023-02-21,MSFT,247.85110473632812,257.72707214355466,252.01221237182617,54.91622701292272,-0.020886550432494988,0.021960763901927017,246.71319580078125,0
2023-02-22,MSFT,246.71319580078125,253.80728454589843,252.50634155273437,50.22742635982773,-0.0045910989049551265,0.015887692511999882,249.91104125976562,1
2023-02-23,MSFT,249.91104125976562,250.95278625488282,253.23032302856444,42.24536506129338,0.01296179334309544,0.016966836498630292,244.46688842773438,0
2023-02-24,MSFT,244.46688842773438,248.41610412597657,253.32055053710937,42.615282855832234,-0.021784362966070114,0.017745701972723793,245.3889617919922,1
2023-02-27,MSFT,245.3889617919922,246.86623840332032,253.4490524291992,44.91612367960629,0.003771771998196005,0.01795394326865914,244.66305541992188,0
2023-02-28,MSFT,244.66305541992188,246.22862854003907,253.8078941345215,30.371366748462165,-0.002958186736556012,0.012908120930013096,241.57315063476562,0
2023-03-01,MSFT,241.57315063476562,245.20061950683595,253.7627296447754,28.744003569674206,-0.012629225037073755,0.012339739679652113,246.3208465576172,1
2023-03-02,MSFT,246.3208465576172,244.48258056640626,253.71326599121093,38.08497885863436,0.019653243377322216,0.015452446076978677,250.42112731933594,1
2023-03-03,MSFT,250.42112731933594,245.67342834472657,253.28906936645507,43.60069518854858,0.01664609723058752,0.015364160710957177,251.97097778320312,1
2023-03-06,MSFT,251.97097778320312,246.98983154296874,253.24813842773438,35.54566437798681,0.00618897646719252,0.014842496213247652,249.3028564453125,0
2023-03-07,MSFT,249.3028564453125,247.91779174804688,253.1511016845703,32.383355288531305,-0.01058900259610962,0.01356237949945632,248.8614044189453,0
2023-03-08,MSFT,248.8614044189453,249.3754425048828,252.50410385131835,33.52395779891269,-0.001770745962006326,0.013469895643869764,247.5077667236328,0
2023-03-09,MSFT,247.5077667236328,249.61282653808593,251.83002777099608,38.09162252995786,-0.005439323540237351,0.01289094205264855,243.848876953125,0
2023-03-10,MSFT,243.848876953125,248.29837646484376,251.1251647949219,38.29331420971344,-0.014782929113466237,0.011771621312825125,249.07723999023438,1
2023-03-13,MSFT,249.07723999023438,247.71962890625,250.70715942382813,51.97090346048489,0.02144099699140467,0.013614358460193399,255.8162384033203,1
2023-03-14,MSFT,255.8162384033203,249.02230529785157,250.22394943237305,60.62768339722162,0.027055857907170244,0.015658641286151565,260.3775939941406,1
2023-03-15,MSFT,260.3775939941406,251.32554321289064,249.92722244262694,61.677834499364124,0.017830594411402778,0.014883013844479048,270.9323425292969,1
2023-03-16,MSFT,270.9323425292969,256.0104583740234,250.2646629333496,76.07002749382424,0.04053631640591071,0.01791483107304985,274.1007385253906,1
2023-03-17,MSFT,274.1007385253906,262.0608306884766,251.11218490600587,76.97621421348173,0.011694417752104114,0.01776971138049819,267.0380859375,0
2023-03-20,MSFT,267.0380859375,265.6529998779297,251.8071746826172,69.40930355528693,-0.025766631005397334,0.020961346088670077,268.5584716796875,1
2023-03-21,MSFT,268.5584716796875,268.2014465332031,252.84254302978516,74.07748334451591,0.005693516476684701,0.020144220970222268,267.096923828125,0
2023-03-22,MSFT,267.096923828125,269.5453125,253.86172943115236,69.74982764941285,-0.005442196041783087,0.02036720706304089,272.3645324707031,1
2023-03-23,MSFT,272.3645324707031,269.8317504882813,254.98440399169922,70.18467913749974,0.019721712130117197,0.02017427290279519,275.2190246582031,1
2023-03-24,MSFT,275.2190246582031,270.05540771484374,256.52201080322266,70.77095001609938,0.01048041079947537,0.01824348648357062,271.1089172363281,0
2023-03-27,MSFT,271.1089172363281,270.86957397460935,257.80800857543943,69.38950135030518,-0.014933950975879573,0.019785017085259267,269.9808044433594,0
2023-03-28,MSFT,269.9808044433594,271.15404052734374,259.07389602661135,68.65225416032054,-0.004161105449679292,0.01901236849203856,275.1601867675781,1
2023-03-29,MSFT,275.1601867675781,272.7666931152344,260.753247833252,72.73563686637509,0.01918426139553686,0.019113947203489672,278.63262939453125,1
2023-03-30,MSFT,278.63262939453125,274.0203125,262.3688369750977,78.73540029552855,0.012619713148712908,0.015072065074844695,282.80157470703125,1
2023-03-31,MSFT,282.80157470703125,275.5368225097656,263.98785934448244,78.13661632274098,0.014962157596398962,0.015317134357398865,281.7519226074219,0
2023-04-03,MSFT,281.7519226074219,277.66542358398436,265.47690658569337,73.87255539713631,-0.0037116204204193926,0.01187909103842806,281.7029113769531,0
2023-04-04,MSFT,281.7029113769531,280.0098449707031,267.0969093322754,71.34075338526912,-0.00017395171615930405,0.012009439974711775,278.9171142578125,0
2023-04-05,MSFT,278.9171142578125,280.76123046875,268.5996948242188,59.55522085041586,-0.009889131445336319,0.012505178548539764,286.0386047363281,1
2023-04-06,MSFT,286.0386047363281,282.2424255371094,270.5262367248535,62.80404004871341,0.02553264075410233,0.013398830374817887,283.8708190917969,0
2023-04-10,MSFT,283.8708190917969,282.4562744140625,272.52733383178713,70.21734212692814,-0.007578647107894798,0.013788099770070873,277.4359130859375,0
2023-04-11,MSFT,277.4359130859375,281.59307250976565,273.9452674865723,59.921039131419555,-0.022668430754689495,0.015074360509096303,278.083251953125,1
2023-04-12,MSFT,278.083251953125,280.869140625,275.0586181640625,62.41949310936829,0.002333291533843207,0.014898602495853229,284.31219482421875,1
2023-04-13,MSFT,284.31219482421875,281.9481567382812,276.2553482055664,63.0092814688548,0.022399561380790134,0.015314124228014356,280.68280029296875,0
2023-04-14,MSFT,280.68280029296875,280.8769958496094,276.74287109375,56.11553957898469,-0.012765525353191198,0.015711623971072397,283.2920227050781,1
2023-04-17,MSFT,283.2920227050781,280.7612365722656,277.2024353027344,63.5641612424647,0.009295982544658798,0.015241025124769592,282.8702087402344,0
2023-04-18,MSFT,282.8702087402344,281.848095703125,277.9940414428711,64.59604385957424,-0.0014889722654947146,0.015192517591667537,282.9486999511719,1
2023-04-19,MSFT,282.9486999511719,282.82118530273436,278.7135528564453,60.00175397459813,0.0002774813625197048,0.01519096415905333,280.6532897949219,0
2023-04-20,MSFT,280.6532897949219,282.089404296875,279.39137115478513,52.979095337401155,-0.008112460515443676,0.015065243361745265,280.3100280761719,0
2023-04-21,MSFT,280.3100280761719,282.0148498535156,279.7886459350586,46.95063604044704,-0.0012230810442337425,0.012289602356657185,276.3960876464844,0
2023-04-24,MSFT,276.3960876464844,280.6356628417969,279.84749908447264,43.455379805340286,-0.01396289835418918,0.012770720851927016,270.167236328125,0
2023-04-25,MSFT,270.167236328125,278.095068359375,279.8004150390625,37.384376291369534,-0.022535960517379605,0.012747628986636684,289.7366943359375,1
2023-04-26,MSFT,289.7366943359375,279.4526672363281,280.78820953369143,59.4195363765542,0.07243460855499473,0.027026542068063146,299.0163269042969,1
2023-04-27,MSFT,299.0163269042969,283.1252746582031,281.9810165405273,60.5700018855402,0.03202781266497112,0.02789530727603588,301.39996337890625,1
2023-04-28,MSFT,301.39996337890625,287.34326171875,283.11938323974607,63.93979015207542,0.007971593054088677,0.02715629116954544,299.73236083984375,0
2023-05-01,MSFT,299.73236083984375,292.01051635742186,283.9659225463867,69.09911505685085,-0.005532855811817283,0.027448701271918546,299.58526611328125,0
2023-05-02,MSFT,299.58526611328125,297.8941223144531,284.8575897216797,68.59554469871686,-0.0004907535714540057,0.02742029913306883,298.5944519042969,0
2023-05-03,MSFT,298.5944519042969,299.665673828125,285.70216674804686,63.73567784644429,-0.0033072861754480654,0.02752788576282811,299.58526611328125,1
2023-05-04,MSFT,299.58526611328125,299.7794616699219,286.73557434082034,68.8678559719361,0.0033182606128996373,0.027123725983095214,304.72528076171875,1
2023-05-05,MSFT,304.72528076171875,300.44452514648435,287.66990814208987,70.1570047337979,0.01715710093197287,0.027137129213276996,302.76348876953125,0
2023-05-08,MSFT,302.76348876953125,301.0507507324219,288.6145416259766,68.37456171723665,-0.006437903633343511,0.02653630807734565,301.1448974609375,0
2023-05-09,MSFT,301.1448974609375,301.3626770019531,289.79999084472655,66.50168867757111,-0.005346058453652769,0.024728511550424777,306.3536071777344,1
2023-05-10,MSFT,306.3536071777344,302.9145080566406,291.21350860595703,71.85414496444305,0.017296357204499957,0.012843905514787632,304.195556640625,0
2023-05-11,MSFT,304.195556640625,303.83656616210936,292.20767669677736,69.90742497783583,-0.007044312475998904,0.009419883150799639,303.0773620605469,0
2023-05-12,MSFT,303.0773620605469,303.506982421875,293.32740478515626,73.42266780731163,-0.0036759070133267624,0.00928541039735499,303.5580139160156,1
2023-05-15,MSFT,303.5580139160156,303.6658874511719,294.3407043457031,82.66314969033748,0.001585904840272212,0.00903297807103201,305.79449462890625,1
2023-05-16,MSFT,305.79449462890625,304.59580688476564,295.4869186401367,73.14846662106538,0.007367556151916865,0.00919962739574013,308.68475341796875,1
2023-05-17,MSFT,308.68475341796875,305.0620361328125,296.7737213134766,66.83274669320662,0.009451637749626318,0.00925231086006569,313.12823486328125,1
2023-05-18,MSFT,313.12823486328125,306.84857177734375,298.39746856689453,68.91310616246473,0.014394884736324887,0.009887051986684488,312.9512634277344,0
2023-05-19,MSFT,312.9512634277344,308.82335205078124,300.02953033447267,72.42646434707076,-0.0005651723985354851,0.008900320260679578,315.7431945800781,1
2023-05-22,MSFT,315.7431945800781,311.26038818359376,301.9968856811523,75.08572728741085,0.008921296951365232,0.008462145489157656,309.9234313964844,0
2023-05-23,MSFT,309.9234313964844,312.0861755371094,303.9846954345703,65.69977846842278,-0.018431951292992133,0.010798332205637017,308.53729248046875,0
2023-05-24,MSFT,308.53729248046875,312.0566833496094,304.9247253417969,62.36236194765647,-0.0044725205505431465,0.009720846871515865,320.4029541015625,1
2023-05-25,MSFT,320.4029541015625,313.5116271972656,305.99405670166016,67.95114994633083,0.03845778747100681,0.01492294910150151,327.2550048828125,1
2023-05-26,MSFT,327.2550048828125,316.37237548828125,307.2868087768555,75.03998584435092,0.02138572910622427,0.01534585324462223,325.6034240722656,0
2023-05-30,MSFT,325.6034240722656,318.34442138671875,308.5803619384766,75.18204085757948,-0.005046770212538965,0.015781875744477102,322.8311767578125,0
2023-05-31,MSFT,322.8311767578125,320.92597045898435,309.74265747070314,68.02020527390737,-0.008514183541994402,0.01653812290864138,326.9501953125,1
2023-06-01,MSFT,326.9501953125,324.6085510253906,311.16044464111326,73.74287339934922,0.012759048230888803,0.016657283626007834,329.72247314453125,1
2023-06-02,MSFT,329.72247314453125,326.4724548339844,312.6673049926758,76.83178161141366,0.008479205309485982,0.016425059620009903,330.25335693359375,1
2023-06-05,MSFT,330.25335693359375,327.07212524414064,313.9437088012695,76.83528717943983,0.0016100928274602744,0.016353039876762628,328.0316162109375,0
2023-06-06,MSFT,328.0316162109375,327.557763671875,315.20711517333984,72.51687406504836,-0.006727382707885643,0.01673510975228342,317.9059753417969,0
2023-06-07,MSFT,317.9059753417969,326.5727233886719,316.0451690673828,58.686676609966234,-0.030867880925933178,0.0189045573235882,319.7541198730469,1
2023-06-08,MSFT,319.7541198730469,325.1335083007813,316.71519470214844,56.62610961546881,0.005813494160539001,0.01874975351670628,321.2582702636719,1
2023-06-09,MSFT,321.2582702636719,323.4406677246094,317.5683303833008,57.96577717333837,0.0047040844734766996,0.014319021588413111,326.23260498046875,1
2023-06-12,MSFT,326.23260498046875,322.6365173339844,318.72609252929686,59.47520694666089,0.015483911784478499,0.013451444802044646,328.6312561035156,1
2023-06-13,MSFT,328.6312561035156,322.7564453125,319.97975463867186,67.59641525295487,0.007352579375658808,0.013529424624835014,331.629638671875,1
2023-06-14,MSFT,331.629638671875,325.5011779785156,321.2715118408203,70.98770059982884,0.00912385085919798,0.013297649151612889,342.2075500488281,1
2023-06-15,MSFT,342.2075500488281,329.9918640136719,322.9476516723633,69.8664419627331,0.031896761155957076,0.015997536321175645,336.5351867675781,0
2023-06-16,MSFT,336.5351867675781,333.0472473144531,324.1179992675781,58.93910105750722,-0.016575798168218747,0.017250554024832748,332.3276062011719,0
2023-06-20,MSFT,332.3276062011719,334.26624755859376,325.08681640625,56.39029135587465,-0.012502646771709314,0.017868692710822722,327.9136657714844,0
2023-06-21,MSFT,327.9136657714844,334.1227294921875,325.6953399658203,54.87288136133908,-0.013281895176097902,0.018289528685267946,333.9595031738281,1
2023-06-22,MSFT,333.9595031738281,334.5887023925781,326.8971435546875,56.274209106689696,0.018437284058045122,0.015431799381927479,329.34893798828125,0
2023-06-23,MSFT,329.34893798828125,332.01697998046876,327.93772583007814,50.17554138937393,-0.013805761302582376,0.016531247746824698,323.03759765625,0
2023-06-26,MSFT,323.03759765625,329.3174621582031,328.0694580078125,45.112072649534724,-0.019163080866700155,0.01793459327647814,328.9065856933594,1
2023-06-27,MSFT,328.9065856933594,328.6332580566406,328.1520370483398,51.101178237105266,0.018168126805334417,0.018198645580929814,330.1648864746094,1
2023-06-28,MSFT,330.1648864746094,329.0835021972656,328.380110168457,60.3812042920268,0.003825708684420004,0.018094979358599324,329.37841796875,0
2023-06-29,MSFT,329.37841796875,328.16728515625,328.7074722290039,58.37720092156692,-0.0023820476921607714,0.017857878792241516,334.7754821777344,1
2023-06-30,MSFT,334.7754821777344,329.2525939941406,329.09873657226564,60.82807852495137,0.016385603653899405,0.015204016841640603,332.2686462402344,0
2023-07-03,MSFT,332.2686462402344,331.0988037109375,329.2260452270508,55.249917647547086,-0.0074881109010519475,0.014497094788230067,332.4259033203125,1
2023-07-05,MSFT,332.4259033203125,331.80266723632815,329.33467254638674,53.57235714679618,0.0004732829349309853,0.013941158300968908,335.4930725097656,1
2023-07-06,MSFT,335.4930725097656,332.86830444335936,329.70774536132814,53.59834426726127,0.0092266251180122,0.013341658183827413,331.51165771484375,0
2023-07-07,MSFT,331.51165771484375,333.2949523925781,330.38802947998045,40.662228511137386,-0.011867353221744925,0.01271294403168734,326.21295166015625,0
2023-07-10,MSFT,326.21295166015625,331.5824462890625,330.7109710693359,40.810000186906166,-0.015983468247277366,0.012978966527718265,326.8421325683594,1
2023-07-11,MSFT,326.8421325683594,330.4971435546875,330.9901641845703,44.90662245007289,0.0019287428809957596,0.011280433015151473,331.49200439453125,1
2023-07-12,MSFT,331.49200439453125,330.31036376953125,331.2531341552734,53.9065113397804,0.014226659793315832,0.010675428015790618,336.859619140625,1
2023-07-13,MSFT,336.859619140625,330.58367309570315,331.66455230712893,53.221746012554085,0.016192290236072715,0.011725103350155225,339.3959045410156,1
2023-07-14,MSFT,339.3959045410156,332.1605224609375,332.05286560058596,60.72635396130796,0.00752920580644556,0.011725741435009068,339.87762451171875,1
2023-07-17,MSFT,339.87762451171875,334.89345703125,331.93636932373045,70.32100115809095,0.001419345266863381,0.010750858010881971,353.4046630859375,1
2023-07-18,MSFT,353.4046630859375,340.2059631347656,332.77984313964845,74.63763002982874,0.03979973260567604,0.015622214231051862,349.0693054199219,0
2023-07-19,MSFT,349.0693054199219,343.72142333984374,333.61692810058594,68.19467201688357,-0.012267403684374734,0.016636330888945536,340.9983215332031,0
2023-07-20,MSFT,340.9983215332031,344.5491638183594,334.2711608886719,60.24502556199135,-0.02312143680754042,0.01873956279373067,337.95074462890625,0
2023-07-21,MSFT,337.95074462890625,344.2601318359375,334.4707229614258,53.26493603341321,-0.008937219663118334,0.01852403213997779,339.2681579589844,1
2023-07-24,MSFT,339.2681579589844,344.13823852539065,334.96668395996096,56.746896358563035,0.003898240649017559,0.017403066990939003,345.0387878417969,1
2023-07-25,MSFT,345.0387878417969,342.4650634765625,336.0667434692383,60.64655214407955,0.017009052418972104,0.01784497821767303,332.0523681640625,0
2023-07-26,MSFT,332.0523681640625,339.0616760253906,336.2240325927734,48.156152791999816,-0.03763756463139667,0.02208432845589225,325.1217041015625,0
2023-07-27,MSFT,325.1217041015625,335.8863525390625,335.9718734741211,46.19240945295823,-0.020872201878336383,0.022246928511029933,332.6422119140625,1
2023-07-28,MSFT,332.6422119140625,334.82464599609375,336.1350631713867,54.89071911646511,0.023131361941160167,0.023598251769303857,330.2336730957031,0
2023-07-31,MSFT,330.2336730957031,333.0177490234375,335.90797271728513,52.81406173022221,-0.007240628916277192,0.0236275847786918,330.64654541015625,1
2023-08-01,MSFT,330.64654541015625,330.13930053710936,335.8268676757813,50.034724953490525,0.001250242928235501,0.018532284480757884,321.9562072753906,0
2023-08-02,MSFT,321.9562072753906,328.120068359375,335.30338287353516,40.8153663252718,-0.026282863847815308,0.0195222410273271,321.1304931640625,0
2023-08-03,MSFT,321.1304931640625,327.321826171875,334.58525390625,38.37431268691288,-0.002564678340311821,0.018808292132128895,322.2314453125,1
2023-08-04,MSFT,322.2314453125,325.2396728515625,334.1212432861328,38.91866107974308,0.003428363770721088,0.018986561006653562,324.5220031738281,1
2023-08-07,MSFT,324.5220031738281,324.0973388671875,334.0366958618164,28.66535183424857,0.007108424378343248,0.019172217916728036,320.53076171875,0
2023-08-08,MSFT,320.53076171875,322.0741821289063,333.72112731933595,28.660726688174606,-0.012298831561631363,0.017745444733303403,316.7754211425781,0
2023-08-09,MSFT,316.7754211425781,321.03802490234375,332.9852981567383,30.443339763744973,-0.011716006775870702,0.014378809387622298,317.4635925292969,1
2023-08-10,MSFT,317.4635925292969,320.3046447753906,332.0154968261719,32.83948606546741,0.002172426712390152,0.013287375064320905,315.5760803222656,0
2023-08-11,MSFT,315.5760803222656,318.97357177734375,330.8245056152344,30.281203272194972,-0.005945602114538762,0.009837046743289626,318.5548095703125,1
2023-08-14,MSFT,318.5548095703125,317.78013305664064,329.75836486816405,27.19640034113479,0.009439020996157232,0.010819326871762628,316.41168212890625,0
2023-08-15,MSFT,316.41168212890625,316.95631713867186,327.9087158203125,33.19332052841746,-0.006727656833362627,0.010720465276895725,315.64324951171875,0
2023-08-16,MSFT,315.64324951171875,316.7298828125,326.23741302490237,38.222329116004516,-0.0024285848487555217,0.0074502562045896635,312.175537109375,0
2023-08-17,MSFT,312.175537109375,315.6722717285156,324.79627380371096,21.351018125830308,-0.010986176348482313,0.007983897381019995,311.781494140625,0
2023-08-18,MSFT,311.781494140625,314.9133544921875,323.48781127929686,22.582975577172675,-0.0012622480685023918,0.007710729233752023,317.1013488769531,1
2023-08-21,MSFT,317.1013488769531,314.62266235351564,322.3794708251953,32.833527690156345,0.0170627661881968,0.009607808589740648,317.67266845703125,1
2023-08-22,MSFT,317.67266845703125,314.87485961914064,321.011164855957,43.19740706351567,0.0018016939445433255,0.008986922205401766,322.1452941894531,1
2023-08-23,MSFT,322.1452941894531,316.1752685546875,320.51581115722655,51.75043575886976,0.014079353298305008,0.00922330727424136,315.2196350097656,0
2023-08-24,MSFT,315.2196350097656,316.7840881347656,320.02070770263674,41.4878175959391,-0.021498557652729566,0.011778102991152476,318.1849670410156,1
2023-08-25,MSFT,318.1849670410156,318.0647827148438,319.2978454589844,42.54837177610095,0.00940719327702455,0.012008986762508564,318.894287109375,1
2023-08-28,MSFT,318.894287109375,318.4233703613281,318.73087615966796,48.12724773432626,0.0022292695816390484,0.01164966700042932,323.53436279296875,1
2023-08-29,MSFT,323.53436279296875,319.5957092285156,318.3752670288086,59.15344114816528,0.01455051366913418,0.012181387334756748,323.90869140625,1
2023-08-30,MSFT,323.90869140625,319.948388671875,318.47289123535154,58.80364952786309,0.0011569980080317066,0.012079225441198101,322.8940124511719,0
2023-08-31,MSFT,322.8940124511719,321.48326416015624,318.56106719970705,60.23255871261043,-0.003132607991075842,0.011325637029570177,323.7806396484375,1
2023-09-01,MSFT,323.7806396484375,322.60239868164064,318.6385269165039,57.792195543835064,0.002745876860753782,0.011211101444342736,328.5980529785156,1
2023-09-05,MSFT,328.5980529785156,324.54315185546875,318.84232940673826,66.46645140050107,0.014878633062523017,0.010942948427276852,327.9379577636719,0
2023-09-06,MSFT,327.9379577636719,325.4238708496094,319.2126892089844,66.70532066448834,-0.0020088226599653813,0.011078871198612356,325.0120849609375,0
2023-09-07,MSFT,325.0120849609375,325.64454956054686,319.62452239990233,67.90536899694916,-0.008922031541231057,0.01096573275562738,329.3073425292969,1
2023-09-08,MSFT,329.3073425292969,326.9272155761719,320.21670989990236,71.92988480008161,0.013215685714811576,0.008225140944074163,332.9228515625,1
2023-09-11,MSFT,332.9228515625,328.7556579589844,321.08404846191405,70.51397060546263,0.0109791327622204,0.008345354308671726,326.8444519042969,0
2023-09-12,MSFT,326.8444519042969,328.4049377441406,321.49853057861327,60.73341266614024,-0.018257682311909496,0.011057560820492097,331.0707702636719,1
2023-09-13,MSFT,331.0707702636719,329.0315002441406,322.2314849853516,60.4015491180893,0.012930671867768195,0.010872059744155851,333.671630859375,1
2023-09-14,MSFT,333.671630859375,330.76340942382814,323.1329040527344,73.56597368391306,0.00785590523026758,0.010995475459824976,325.3175048828125,0
2023-09-15,MSFT,325.3175048828125,329.96544189453124,323.7900024414063,58.40624489146599,-0.02503696809658751,0.014102144938799651,324.1746826171875,0
2023-09-18,MSFT,324.1746826171875,328.21580810546874,324.4096618652344,56.265908847461525,-0.003512944272816454,0.014146881739032096,323.7707824707031,0
2023-09-19,MSFT,323.7707824707031,327.60107421875,324.7431335449219,50.65375761931816,-0.0012459336528797271,0.013175013139298678,316.00775146484375,0
2023-09-20,MSFT,316.00775146484375,324.5884704589844,324.6598876953125,42.10219956069279,-0.023976934998950483,0.014993714054570319,314.7861633300781,0
2023-09-21,MSFT,314.7861633300781,320.811376953125,324.29193115234375,41.895656177766284,-0.003865690411399725,0.01487900772191175,312.30364990234375,0
2023-09-22,MSFT,312.30364990234375,318.20860595703124,324.14613189697263,38.72595733966243,-0.007886348629406736,0.01376388809658046,312.8257141113281,1
2023-09-25,MSFT,312.8257141113281,315.9388122558594,323.87816925048827,33.00150823242126,0.0016716558040472673,0.012831223568783294,307.5058898925781,0
2023-09-26,MSFT,307.5058898925781,312.6858337402344,323.3087493896484,29.836315683431337,-0.017005712698083375,0.01270525904680778,308.146240234375,1
2023-09-27,MSFT,308.146240234375,311.1135314941406,322.5393432617187,32.5938014635297,0.002082400249376004,0.011293272127117593,308.983642578125,1
2023-09-28,MSFT,308.983642578125,309.95302734375,321.7930908203125,27.50380500833117,0.00271754847021044,0.010635310527468841,311.06231689453125,1
2023-09-29,MSFT,311.06231689453125,309.7047607421875,321.20150604248045,25.216786873934012,0.006727457476590093,0.009537604769194937,317.0224914550781,1
2023-10-02,MSFT,317.0224914550781,310.5441162109375,320.8635986328125,39.17125919186222,0.019160709082507443,0.012124077613575599,308.73736572265625,0
2023-10-03,MSFT,308.73736572265625,310.7904113769531,319.87056427001954,27.01206675411214,-0.02613418907407672,0.01427826335503297,314.2246398925781,1
2023-10-04,MSFT,314.2246398925781,312.00609130859374,319.18489837646484,31.570369323917845,0.017773275214284068,0.014102246134686513,314.6186828613281,1
2023-10-05,MSFT,314.6186828613281,313.1330993652344,318.66522827148435,38.060309939510965,0.0012540167724743867,0.014058373539644727,322.4014587402344,1
2023-10-06,MSFT,322.4014587402344,315.400927734375,318.31993408203124,48.7229216665902,0.02473717011375509,0.015704529765744754,324.9234313964844,1
2023-10-09,MSFT,324.9234313964844,316.9811157226562,317.91996307373046,51.559372789311574,0.00782246043831325,0.01575410872398779,323.5146484375,0
2023-10-10,MSFT,323.5146484375,319.936572265625,317.75347290039065,58.632479977025895,-0.004335738278183232,0.014329886320124918,327.4848327636719,1
2023-10-11,MSFT,327.4848327636719,322.58861083984374,317.5741760253906,63.476887327722686,0.012272038825280163,0.014446911933866382,326.2435302734375,0
2023-10-12,MSFT,326.2435302734375,324.9135803222656,317.20277099609376,65.23976255658249,-0.0037904121536223023,0.014764288959855926,322.8644714355469,0
2023-10-13,MSFT,322.8644714355469,325.0061828613281,317.08011932373046,60.54088703401968,-0.010357473863339184,0.015578777385095104,327.7015686035156,1
2023-10-16,MSFT,327.7015686035156,325.5618103027344,317.2564636230469,71.05496217378166,0.01498181929545117,0.01517291444160332,327.130126953125,0
2023-10-17,MSFT,327.130126953125,326.2849060058594,317.42443084716797,69.8574970000616,-0.0017437867411675967,0.011380145413372043,325.2091064453125,0
2023-10-18,MSFT,325.2091064453125,325.8297607421875,317.8844985961914,66.72210052758464,-0.00587234360132094,0.011082733539656893,326.4011535644531,1
2023-10-19,MSFT,326.4011535644531,325.8612854003906,318.46524810791016,66.06001084736747,0.0036654789042356306,0.011054711542488627,321.8201904296875,0
2023-10-20,MSFT,321.8201904296875,325.6524291992188,318.94107513427736,55.457079475755705,-0.014034763923899685,0.009570982926084354,324.4308776855469,1
2023-10-23,MSFT,324.4308776855469,324.998291015625,319.5213333129883,69.30508800517828,0.008112254400115981,0.009598168425189424,325.6228942871094,1
2023-10-24,MSFT,325.6228942871094,324.69684448242185,320.4271835327148,65.59522159183464,0.003674177408963697,0.009540413938278283,335.6123352050781,1
2023-10-25,MSFT,335.6123352050781,326.777490234375,321.80048828125,72.52524908405417,0.03067794400586843,0.013125061628215431,323.0220642089844,0
2023-10-26,MSFT,323.0220642089844,326.10167236328124,322.50240936279295,51.11967286278809,-0.03751432732173088,0.018258521436888275,324.91357421875,1
2023-10-27,MSFT,324.91357421875,326.72034912109376,323.1949722290039,50.50689621079041,0.005855668139566728,0.018038111658100965,332.30224609375,1
2023-10-30,MSFT,332.30224609375,328.29462280273435,323.9589599609375,58.176793689167795,0.022740422257721882,0.018864743251865327,333.09033203125,1
2023-10-31,MSFT,333.09033203125,329.7881103515625,325.1766082763672,55.67324360921074,0.002371593772729552,0.01882961382473482,340.9321594238281,1
2023-11-01,MSFT,340.9321594238281,330.8520751953125,326.51198425292966,62.44953014591495,0.02354264485779911,0.01974414762617188,343.14874267578125,1
2023-11-02,MSFT,343.14874267578125,334.8774108886719,327.93848724365233,67.36409345364427,0.006501537595336115,0.019744667854227908,347.562255859375,1
2023-11-03,MSFT,347.562255859375,339.4071472167969,329.1965270996094,66.97792962464104,0.012861807824730453,0.018635222484590708,351.23687744140625,1
2023-11-06,MSFT,351.23687744140625,343.19407348632814,330.51219940185547,69.45627558358457,0.01057255648472366,0.01865482538115889,355.1775207519531,1
2023-11-07,MSFT,355.1775207519531,347.61151123046875,332.0953430175781,73.338212873761,0.01121933248938034,0.018607177171110476,357.807861328125,1
2023-11-08,MSFT,357.807861328125,350.9866516113281,333.61149444580076,73.84419397571081,0.007405706787420252,0.016960878753579847,355.3351135253906,0
2023-11-09,MSFT,355.3351135253906,353.42392578125,335.0660736083984,76.61350970609298,-0.006910825809013588,0.009034290239310887,364.18182373046875,1
2023-11-10,MSFT,364.18182373046875,356.7478393554687,337.1319412231445,78.51213414707557,0.024896808303877194,0.010097691780349785,361.2362060546875,0
2023-11-13,MSFT,361.2362060546875,358.747705078125,338.8086730957031,75.13089312396428,-0.008088316010964047,0.010960673410298083,364.7729187011719,1
2023-11-14,MSFT,364.7729187011719,360.6667846679687,340.6908126831055,72.40085586289021,0.009790581860858572,0.010753613986132707,364.92095947265625,1
2023-11-15,MSFT,364.92095947265625,362.089404296875,342.67640533447263,90.20710536978447,0.00040584364653906135,0.009763271503123741,371.3374938964844,1
2023-11-16,MSFT,371.3374938964844,365.2898803710938,344.92322235107423,90.90361246470422,0.017583354031241782,0.010329851140808092,365.0986328125,0
2023-11-17,MSFT,365.0986328125,365.4732421875,347.08714447021487,79.99382587905717,-0.01680105345280203,0.012746493224667763,372.5911560058594,1
2023-11-20,MSFT,372.5911560058594,367.7442321777344,349.49515838623046,82.04415777619587,0.020521915230526933,0.013589571455721013,368.27728271484375,0
2023-11-21,MSFT,368.27728271484375,368.4451049804687,351.6278778076172,73.73207512166147,-0.011578034586918085,0.014498921014535157,372.9958801269531,1
2023-11-22,MSFT,372.9958801269531,370.0600891113281,353.49705505371094,74.6990057954407,0.012812621450134287,0.014750171971267793,372.5812683105469,0
2023-11-24,MSFT,372.5812683105469,370.3088439941406,355.9750152587891,72.14137523670124,-0.0011115721070836804,0.014371164450749263,373.74609375,1
2023-11-27,MSFT,373.74609375,372.0383361816406,358.41664123535156,70.77889623360448,0.003126366080439258,0.012526323626099687,377.7835693359375,1
2023-11-28,MSFT,377.7835693359375,373.0768188476562,360.6907073974609,70.69871890193068,0.010802723168093387,0.012142837033673267,373.9830322265625,0
2023-11-29,MSFT,373.9830322265625,374.21796875,362.73534240722654,64.69035900396094,-0.010060091062339072,0.012796839749282819,374.042236328125,1
2023-11-30,MSFT,374.042236328125,374.4272399902344,364.3908462524414,67.754261200958,0.00015830691892637638,0.01280173006567758,369.6987609863281,0
2023-12-01,MSFT,369.6987609863281,373.8507385253906,365.7183471679688,55.93157678747524,-0.011612259044421425,0.01231089232166338,364.39776611328125,0
2023-12-04,MSFT,364.39776611328125,371.9810729980469,366.56012268066405,53.44696693345375,-0.01433868714870512,0.011965604575115038,367.734375,1
2023-12-05,MSFT,367.734375,369.9712341308594,367.38499755859374,53.23622603686272,0.009156502034322278,0.010195041728924555,364.0621337890625,0
2023-12-06,MSFT,364.0621337890625,367.9870544433594,367.82922821044923,49.556949481027694,-0.00998612438920754,0.01002715159723722,366.1845397949219,1
2023-12-07,MSFT,366.1845397949219,366.41551513671874,368.24806213378906,45.25743875975923,0.005829790601318274,0.00915548391486056,369.42236328125,1
2023-12-08,MSFT,369.42236328125,366.3602355957031,368.95242462158205,54.83445484961542,0.008842054031394708,0.009760166494559793,366.5299987792969,0
2023-12-11,MSFT,366.5299987792969,366.78668212890625,369.06983337402346,43.26713279648774,-0.007829424500083948,0.009883559705149814,369.5704345703125,1
2023-12-12,MSFT,369.5704345703125,367.1538940429688,369.4865447998047,51.79243578450441,0.008295189482829812,0.009551602840678654,369.56060791015625,0
2023-12-13,MSFT,369.56060791015625,368.2535888671875,369.7259292602539,45.673946478104476,-2.6589410940469627e-05,0.009147313228825628,361.2290344238281,0
2023-12-14,MSFT,361.2290344238281,367.2624877929687,369.5413330078125,37.68977822681859,-0.02254453886046648,0.011340594324520835,365.9673767089844,1
2023-12-15,MSFT,365.9673767089844,366.5714904785156,369.2728271484375,42.38463525908064,0.013117279713448449,0.012031278190448618,367.8626708984375,1
2023-12-18,MSFT,367.8626708984375,366.83802490234376,369.41102905273436,39.83280182573548,0.00517886104083054,0.011169985099626474,368.46484375,1
2023-12-19,MSFT,368.46484375,366.6169067382813,369.20471343994143,44.04369587642219,0.0016369501425403943,0.010807351133847157,365.8587341308594,0
2023-12-20,MSFT,365.8587341308594,365.87653198242185,369.0837860107422,41.49024435751434,-0.007072885414568519,0.010536599828758398,368.74127197265625,1
2023-12-21,MSFT,368.74127197265625,367.3789794921875,368.87105560302734,49.23488362878605,0.007878827462311833,0.01066992208559692,369.76788330078125,1
2023-12-22,MSFT,369.76788330078125,368.1390808105469,368.7303863525391,56.92507504359336,0.002784096617753029,0.010325707124784722,369.8468933105469,1
2023-12-26,MSFT,369.8468933105469,368.5359252929687,368.5354263305664,53.12000098465805,0.00021367461408572375,0.009941931548366678,369.26446533203125,0
2023-12-27,MSFT,369.26446533203125,368.695849609375,368.1094711303711,57.93347535176235,-0.0015747813191081539,0.009615854122364256,370.4588928222656,1
2023-12-28,MSFT,370.4588928222656,369.6158813476562,367.9332641601562,56.72356305278587,0.0032346125944189286,0.00967153416182374,371.2091369628906,1
2023-12-29,MSFT,371.2091369628906,370.1094543457031,367.7916091918945,53.18681719752821,0.002025175141321167,0.005408944600160147,366.1055603027344,0
2024-01-02,MSFT,366.1055603027344,369.3769897460937,367.61194915771483,49.66268339561604,-0.013748521121845214,0.006284315538442085,365.83905029296875,0
2024-01-03,MSFT,365.83905029296875,368.57542114257814,367.6840133666992,44.11371631530104,-0.0007279594703375469,0.006021357511242175,363.21319580078125,0
2024-01-04,MSFT,363.21319580078125,367.36516723632815,367.4579544067383,40.56588079913345,-0.00717762220868623,0.006306492959437666,363.025634765625,0
2024-01-05,MSFT,363.025634765625,365.878515625,367.40612945556643,53.92546280792595,-0.0005163937800848339,0.00598576014280843,369.8764953613281,1
2024-01-08,MSFT,369.8764953613281,365.6119873046875,367.5907272338867,57.575226065807996,0.018871561508668977,0.008307749500464057,370.96234130859375,1
2024-01-09,MSFT,370.96234130859375,366.5833435058594,367.66772613525393,56.22341765223546,0.0029356987018189784,0.008312845153512561,377.8526611328125,1
2024-01-10,MSFT,377.8526611328125,368.98606567382814,368.2338592529297,64.71308816125594,0.018574176019896527,0.01011155335014616,379.6887512207031,1
2024-01-11,MSFT,379.6887512207031,372.2811767578125,368.7397750854492,72.10452860829635,0.004859275259266438,0.01004992294413459,383.4794616699219,1
2024-01-12,MSFT,383.4794616699219,376.3719421386719,369.4357177734375,72.77768125178169,0.00998373124574159,0.0103033174889004,385.25628662109375,1
2024-01-16,MSFT,385.25628662109375,379.447900390625,370.63708038330077,73.34284771895209,0.004633429241384768,0.010294621801597362,384.4665832519531,0
2024-01-17,MSFT,384.4665832519531,382.14874877929685,371.5620407104492,71.62653115266731,-0.002049813063575767,0.008609609266061087,388.8100280761719,1
2024-01-18,MSFT,388.8100280761719,384.34022216796876,372.6094085693359,75.93257924273293,0.011297327292999926,0.008569914488735482,393.5484313964844,1
2024-01-19,MSFT,393.5484313964844,387.112158203125,373.8635879516602,77.89867111337198,0.012186937008178633,0.007323134148176042,391.41619873046875,0
2024-01-22,MSFT,391.41619873046875,388.6995056152344,375.14146118164064,73.76687987127765,-0.00541796763983915,0.008086515860040024,393.77545166015625,1
2024-01-23,MSFT,393.77545166015625,390.40333862304686,376.39317016601564,84.90417734099097,0.006027479029584226,0.007048487380716824,397.3884582519531,1
2024-01-24,MSFT,397.3884582519531,392.9877136230469,377.7741989135742,86.66586254910048,0.009175296673686661,0.006993237529275728,399.6687927246094,1
2024-01-25,MSFT,399.6687927246094,395.1594665527344,379.26529388427736,92.88823968501775,0.005738300711316757,0.005670864489670041,398.7408447265625,0
2024-01-26,MSFT,398.7408447265625,396.19794921875,380.7391128540039,91.41812316744117,-0.002321792481521756,0.006210215568984685,404.45648193359375,1
2024-01-29,MSFT,404.45648193359375,398.806005859375,382.4389923095703,91.06263147053308,0.014334215525251048,0.006734227273146223,403.3409729003906,0
2024-01-30,MSFT,403.3409729003906,400.7191101074219,384.0455841064453,88.52607509791058,-0.00275804464270224,0.007211601395704282,392.472412109375,0
2024-01-31,MSFT,392.472412109375,399.73590087890625,385.36392669677736,66.45376680496952,-0.026946334543849426,0.012284079982993077,398.5928039550781,1
2024-02-01,MSFT,398.5928039550781,399.520703125,387.0016143798828,69.25705436569253,0.015594451117745045,0.012708174825029738,405.9371643066406,1
2024-02-02,MSFT,405.9371643066406,400.9599670410156,389.13781280517577,71.15273126382544,0.01842572238807949,0.0133691797515648,400.4387512207031,0
2024-02-05,MSFT,400.4387512207031,400.1564208984375,391.0084686279297,63.626778537165514,-0.013544985700752576,0.01417310985891149,400.28076171875,0
2024-02-06,MSFT,400.28076171875,399.54437866210935,392.52868194580077,64.35733582442515,-0.00039454099152869126,0.01413453575456241,408.7308044433594,1
2024-02-07,MSFT,408.7308044433594,402.7960571289062,394.41710510253904,66.62885390882735,0.021110289408679206,0.015289717740414308,408.7900085449219,1
2024-02-08,MSFT,408.7900085449219,404.835498046875,395.9639724731445,63.79755564707786,0.00014484864100983152,0.015277619427910729,415.1473083496094,1
2024-02-09,MSFT,415.1473083496094,406.6775268554687,397.73690032958984,69.77288676594648,0.01555150486019996,0.015707908020966756,409.92529296875,0
2024-02-12,MSFT,409.92529296875,408.5748352050781,399.05919189453124,63.091180809012265,-0.012578704656954542,0.016070809764519828,401.10009765625,0
2024-02-13,MSFT,401.10009765625,408.73870239257815,399.85138244628905,53.16604241441324,-0.021528789425474093,0.01763806672625109,404.9768981933594,1
2024-02-14,MSFT,404.9768981933594,407.9879211425781,400.87689819335935,54.21763106705075,0.009665419080580495,0.015142635797352283,402.0792236328125,0
2024-02-15,MSFT,402.0792236328125,406.64576416015626,401.5403579711914,52.75961440891861,-0.007155160142402361,0.014785777341026839,399.6067810058594,0
2024-02-16,MSFT,399.6067810058594,403.53765869140625,401.84327545166013,46.92112863815179,-0.006149142958978171,0.013552936733971203,398.3507995605469,0
2024-02-20,MSFT,398.3507995605469,401.22276000976564,402.19000549316405,46.81606108205515,-0.0031430433741665986,0.012908591176405875,397.7474670410156,0
2024-02-21,MSFT,397.7474670410156,400.55223388671874,402.388606262207,54.9430581716728,-0.0015145758969150602,0.012912936727402511,407.1131286621094,1
2024-02-22,MSFT,407.1131286621094,400.97947998046874,402.87483978271484,57.26289193240733,0.023546753649415386,0.013381723098816486,405.8175354003906,0
2024-02-23,MSFT,405.8175354003906,401.7271423339844,403.1822769165039,50.297200725346386,-0.0031823912581164793,0.013410322683511333,403.04840087890625,0
2024-02-26,MSFT,403.04840087890625,402.41546630859375,403.3976547241211,52.84886700324991,-0.00682359503946095,0.012220856101330576,402.9891052246094,0
2024-02-27,MSFT,402.9891052246094,403.34312744140624,403.32428588867185,52.947747023807445,-0.0001471179495255992,0.011748524550478553,403.2264709472656,1
2024-02-28,MSFT,403.2264709472656,404.4389282226563,403.3185607910156,44.304964498798,0.000589012753890561,0.009445017933380232,409.08123779296875,1
2024-02-29,MSFT,409.08123779296875,404.8325500488281,404.1490020751953,50.654250046377214,0.01451979784945423,0.01006866660236368,410.9206848144531,1
2024-03-01,MSFT,410.9206848144531,405.8531799316406,404.76539611816406,45.9122849034139,0.004496532354816285,0.009679793939749076,410.34710693359375,0
2024-03-04,MSFT,410.34710693359375,407.31292114257815,404.9858932495117,50.85591079197356,-0.0013958359899024497,0.009333722648326282,398.2123107910156,0
2024-03-05,MSFT,398.2123107910156,406.35756225585936,404.8745712280273,47.20046228607838,-0.029572028016130014,0.013829401207940416,397.6584777832031,0
2024-03-06,MSFT,397.6584777832031,405.24396362304685,404.74345703125,41.64223272477909,-0.0013907983073460084,0.013827898932966688,404.63079833984375,1
2024-03-07,MSFT,404.63079833984375,404.3538757324219,404.53845672607423,53.23102149952172,0.017533438732423523,0.012784639533771121,401.74298095703125,0
2024-03-08,MSFT,401.74298095703125,402.5183349609375,404.1861053466797,52.77376869984187,-0.0071369193710930645,0.012935814722710165,400.0616760253906,0
2024-03-11,MSFT,400.0616760253906,400.46124877929685,403.43182373046875,52.29986069266529,-0.004185026276340764,0.012828773089776408,410.7030944824219,1
2024-03-12,MSFT,410.7030944824219,402.95940551757815,403.47071380615233,61.852168566735756,0.026599444772500203,0.01546662708649456,410.525146484375,0
2024-03-13,MSFT,410.525146484375,405.5327392578125,403.9419662475586,54.01305256768932,-0.0004332764969086078,0.015480404112654394,420.5335693359375,1
2024-03-14,MSFT,420.5335693359375,408.7132934570312,404.7197998046875,63.30191731890665,0.024379561001979688,0.016643538645998646,411.83056640625,0
2024-03-15,MSFT,411.83056640625,410.730810546875,405.2073669433594,57.56550247582549,-0.020695144369640595,0.018206402149134323,412.72064208984375,1
2024-03-18,MSFT,412.72064208984375,413.2626037597656,405.8630599975586,58.21146555416728,0.0021612666863481955,0.018202809443150694,416.76556396484375,1
2024-03-19,MSFT,416.76556396484375,414.47509765625,406.78379821777344,60.5543785967607,0.009800628954534929,0.01487516252052118,420.5434875488281,1
2024-03-20,MSFT,420.5434875488281,416.4787658691406,407.92359924316406,59.199765530254616,0.009064865023980406,0.01476942544677985,424.6378479003906,1
2024-03-21,MSFT,424.6378479003906,417.29962158203125,408.7998352050781,60.502551855254325,0.009735878625601435,0.014273284084031819,424.0147705078125,0
2024-03-22,MSFT,424.0147705078125,419.73646240234376,409.7096969604492,60.47620703743504,-0.0014673147851961277,0.013846982375076698,418.1995544433594,0
2024-03-25,MSFT,418.1995544433594,420.8322448730469,410.4672546386719,66.94286408411098,-0.013714654462363751,0.014876893212955355,417.0028991699219,0
2024-03-26,MSFT,417.0028991699219,420.8797119140625,411.1679443359375,66.28552230432621,-0.0028614455963021923,0.012795179699467035,416.7853698730469,0
2024-03-27,MSFT,416.7853698730469,420.1280883789062,411.84588928222655,61.57233877046552,-0.000521649363368959,0.012796768210994887,416.0831604003906,0
2024-03-28,MSFT,416.0831604003906,418.4171508789062,412.1959854125977,64.20930007005452,-0.001684822749104975,0.009984136184684203,419.8907165527344,1
2024-04-01,MSFT,419.8907165527344,417.59234008789065,412.64448699951174,68.71699173953803,0.009150949893477422,0.007632530189833218,416.79522705078125,0
2024-04-02,MSFT,416.79522705078125,417.311474609375,412.9668930053711,56.87464685606478,-0.0073721313187555815,0.008181148469672685,415.8161315917969,0
2024-04-03,MSFT,415.8161315917969,417.07412109375,413.84708404541016,55.92681657786516,-0.0023491042973605714,0.007613592907457825,413.2744445800781,0
2024-04-04,MSFT,413.2744445800781,416.37193603515624,414.6278823852539,41.27893266443807,-0.006112526231218718,0.007053187760306228,420.8302307128906,1
2024-04-05,MSFT,420.8302307128906,417.32135009765625,415.43785400390624,61.727122689611484,0.018282732532590495,0.008877493173699255,419.9104919433594,0
2024-04-08,MSFT,419.9104919433594,417.32530517578124,416.34622955322266,59.41943650652036,-0.0021855339811809316,0.008885808993901964,421.5818786621094,1
2024-04-09,MSFT,421.5818786621094,418.2826354980469,417.42223968505857,56.7501326221078,0.003980340455449927,0.0077474905694456826,418.5951843261719,0
2024-04-10,MSFT,418.5951843261719,418.83844604492185,417.8168441772461,47.57016485080743,-0.007084494109224515,0.008079220033073478,423.21368408203125,1
2024-04-11,MSFT,423.21368408203125,420.8262939453125,418.4512710571289,48.34493102755839,0.011033332271354057,0.008731112527885942,417.25018310546875,0
2024-04-12,MSFT,417.25018310546875,420.11028442382815,418.28710174560547,42.26783349234911,-0.014090992803074354,0.010029235503622065,409.08123779296875,0
2024-04-15,MSFT,409.08123779296875,417.94443359375,418.1496353149414,39.93612358759964,-0.019578050875139197,0.011259481721590628,410.0108337402344,1
2024-04-16,MSFT,410.0108337402344,415.630224609375,418.01414489746094,42.308558367190116,0.00227239937055268,0.01121327971783591,407.301025390625,0
2024-04-17,MSFT,407.301025390625,413.37139282226565,417.54091796875,40.004597118844636,-0.006609114019963225,0.011325964759109209,399.814453125,0
2024-04-18,MSFT,399.814453125,408.69154663085936,416.5044662475586,34.80606550588688,-0.01838093154429199,0.012430439598300565,394.7212219238281,0
2024-04-19,MSFT,394.7212219238281,404.1857543945313,415.00863494873045,26.931642420812167,-0.012738987201094232,0.010119599924886905,396.5409240722656,1
2024-04-22,MSFT,396.5409240722656,401.6776916503906,413.63494262695315,31.07208969886888,0.004610094536008136,0.010644034475978344,403.0780944824219,1
2024-04-23,MSFT,403.0780944824219,400.2911437988281,412.8788696289063,39.50250911053504,0.01648548740700706,0.01247875440500615,404.5516662597656,1
2024-04-24,MSFT,404.5516662597656,399.74127197265625,412.2563079833984,42.78382163452075,0.0036557972202282407,0.012683332556515317,394.64215087890625,0
2024-04-25,MSFT,394.64215087890625,398.7068115234375,411.1491470336914,28.557929881778932,-0.024495055161870005,0.013178007136239478,401.8418273925781,1
2024-04-26,MSFT,401.8418273925781,400.1309326171875,410.4370803833008,36.92362328827663,0.018243556846721853,0.01504818087984063,397.8167419433594,0
2024-04-29,MSFT,397.8167419433594,400.38609619140624,409.33338165283203,33.25597405182867,-0.010016591541344044,0.014204008890866147,385.03912353515625,0
2024-04-30,MSFT,385.03912353515625,396.77830200195314,407.7455764770508,28.971716324231423,-0.03211935813908606,0.016794386447175423,390.5873107910156,1
2024-05-01,MSFT,390.5873107910156,393.9854309082031,406.48413543701173,30.184614867174574,0.014409411710996745,0.01800060632915285,393.4552917480469,1
2024-05-02,MSFT,393.4552917480469,393.74805908203126,405.49317779541013,35.09652957626524,0.007342739709651713,0.01755516802808118,402.1781005859375,1
2024-05-03,MSFT,402.1781005859375,393.8153137207031,404.5605712890625,46.08089348783684,0.02216975859985726,0.018508565946531816,408.9822998046875,1
2024-05-06,MSFT,408.9822998046875,396.0484252929688,404.01416168212893,49.873956712660316,0.016918373250151886,0.019099143007024918,404.82855224609375,0
2024-05-07,MSFT,404.82855224609375,400.0063110351563,403.17649536132814,49.03844985292753,-0.010156301533287393,0.018906404497024784,406.015380859375,1
2024-05-08,MSFT,406.015380859375,403.0919250488281,402.5475051879883,54.3915410726529,0.002931682082937037,0.018894763195373605,407.7757873535156,1
2024-05-09,MSFT,407.7757873535156,405.9560241699219,401.7756103515625,59.13177579834296,0.004335812329115507,0.016728656502785794,410.1690368652344,1
2024-05-10,MSFT,410.1690368652344,407.55421142578126,401.42155303955076,59.40378666176918,0.005869032899797899,0.015948632196252,409.1603088378906,0
2024-05-13,MSFT,409.1603088378906,407.5898132324219,401.4255065917969,54.74796757605593,-0.002459298329910653,0.015479230815733616,411.9690246582031,1
2024-05-14,MSFT,411.9690246582031,409.0179077148438,401.52341613769534,55.56220466694116,0.006864585248480992,0.009380602408256531,419.1718444824219,1
2024-05-15,MSFT,419.1718444824219,411.6492004394531,402.11695709228513,68.04142264830332,0.01748388687764746,0.009701772607386019,417.1011962890625,0
2024-05-16,MSFT,417.1011962890625,413.5142822265625,402.9812942504883,62.22461413133868,-0.004939855146798178,0.010422572315335542,416.3283386230469,0
2024-05-17,MSFT,416.3283386230469,414.746142578125,404.06165008544923,65.6144749571455,-0.0018529260354362975,0.008915959030179626,421.4110107421875,1
2024-05-20,MSFT,421.4110107421875,417.1962829589844,405.30515441894534,85.06380194931927,0.012208326091735389,0.00822602887281123,425.0768127441406,1
2024-05-21,MSFT,425.0768127441406,419.8178405761719,406.40509033203125,84.3772311610226,0.008698875702124909,0.0069263632173814085,426.54315185546875,1
2024-05-22,MSFT,426.54315185546875,421.29210205078124,407.5046646118164,83.8718074518852,0.0034495862097534413,0.006911814805263351,423.0556335449219,0
2024-05-23,MSFT,423.0556335449219,422.4829895019531,408.9253387451172,74.06113449679998,-0.008176237961800892,0.008073412171887244,426.18646240234375,1
2024-05-24,MSFT,426.18646240234375,424.4546142578125,410.14257049560547,71.5114050096141,0.007400513334824721,0.008133126343825396,426.3450012207031,1
2024-05-28,MSFT,426.3450012207031,425.4414123535156,411.56898345947263,79.97724538040683,0.0003719940269002464,0.007935271959603231,425.2055969238281,0
2024-05-29,MSFT,425.2055969238281,425.4671691894531,413.5773071289062,76.8379478822869,-0.0026724936227999763,0.008143268625843678,410.8395690917969,0
2024-05-30,MSFT,410.8395690917969,422.3264526367187,414.5899200439453,53.63917743189934,-0.033786074162623914,0.012899630836085722,411.2952880859375,1
2024-05-31,MSFT,411.2952880859375,419.97438354492186,415.48191986083987,51.65962901876805,0.0011092383217810031,0.012884619611772672,409.7001647949219,0
2024-06-03,MSFT,409.7001647949219,416.6771240234375,415.85802307128904,51.01029947254838,-0.0038782921594820996,0.012909735825896222,412.22662353515625,1
2024-06-04,MSFT,412.22662353515625,413.85344848632815,416.0202392578125,50.70552733842632,0.006166604159163702,0.01232354619968205,420.09326171875,1
2024-06-05,MSFT,420.09326171875,412.8309814453125,416.7834747314453,51.39836943103091,0.019083285102091008,0.013698407299258914,420.5985412597656,1
2024-06-06,MSFT,420.5985412597656,414.78277587890625,417.5126327514648,54.236506578134716,0.0012027794469930964,0.013633892079914837,419.9347839355469,0
2024-06-07,MSFT,419.9347839355469,416.51067504882815,418.1205825805664,54.37226796014909,-0.0015781255974656183,0.013423131405923293,423.9176025390625,1
2024-06-10,MSFT,423.9176025390625,419.3541625976562,418.8080108642578,53.21133478877394,0.009484374135882323,0.013577424960682523,428.68316650390625,1
2024-06-11,MSFT,428.68316650390625,422.6454711914063,419.7841537475586,54.29687264780862,0.011241722297683054,0.014076444715209795,436.9857482910156,1
2024-06-12,MSFT,436.9857482910156,426.0239685058594,421.03498992919924,60.09282895318854,0.01936764126947299,0.015182631813374503,437.5010070800781,1
2024-06-13,MSFT,437.5010070800781,429.4044616699219,421.95144805908205,64.63533913150809,0.0011791203513560333,0.00825665745383133,438.4818420410156,1
2024-06-14,MSFT,438.4818420410156,433.11387329101564,423.0204803466797,63.0260713071013,0.002241903321511529,0.008184413855926888,444.2282409667969,1
2024-06-17,MSFT,444.2282409667969,437.1760009765625,424.4154754638672,66.75968630051716,0.013105215255968972,0.007539515049658434,442.2170104980469,0
2024-06-18,MSFT,442.2170104980469,439.8827697753906,425.45577545166014,65.79184022301081,-0.004527470978371029,0.008543580764011875,441.5829162597656,0
2024-06-20,MSFT,441.5829162597656,440.8022033691406,426.2810806274414,88.05665404785488,-0.0014338983422801377,0.007769233516758532,445.625244140625,1
2024-06-21,MSFT,445.625244140625,442.42705078125,427.23518524169924,88.98370144574142,0.009154176332495156,0.007741046917348016,443.5347595214844,0
2024-06-24,MSFT,443.5347595214844,443.43763427734376,428.25914154052737,88.29127550194191,-0.004691127010032936,0.008124847317432706,446.784423828125,1
2024-06-25,MSFT,446.784423828125,443.94887084960936,429.2890396118164,88.41988781032182,0.007326740998037096,0.008035801839301316,447.9832458496094,1
2024-06-26,MSFT,447.9832458496094,445.10211791992185,430.3709518432617,86.29121914114974,0.0026832225063100346,0.0077840584140836805,448.6668701171875,1
2024-06-27,MSFT,448.6668701171875,446.51890869140624,431.5440155029297,86.34070516336885,0.0015260040948219533,0.0057654940569750275,442.8213806152344,0
2024-06-28,MSFT,442.8213806152344,445.9581359863281,433.1431060791016,76.55133996374758,-0.013028573962740597,0.0076217391449171735,452.5110168457031,1
2024-07-01,MSFT,452.5110168457031,447.7533874511719,435.20389251708986,79.11507719741583,0.021881590760153502,0.01005258379805265,455.0374450683594,1
2024-07-02,MSFT,455.0374450683594,449.40399169921875,437.4707565307617,78.01808070815312,0.0055831308600331475,0.009494978898211376,456.513671875,1
2024-07-03,MSFT,456.513671875,451.1100769042969,439.6851089477539,74.14908738026925,0.0032441875336630677,0.009173258928596896,463.240966796875,1
2024-07-05,MSFT,463.240966796875,454.0248962402344,441.84249420166014,77.48164975651352,0.014736239758701197,0.009672462557693044,461.93316650390625,0
2024-07-08,MSFT,461.93316650390625,457.8472534179688,443.9092254638672,74.93564577013952,-0.002823153362302211,0.009819551339214607,455.2950744628906,0
2024-07-09,MSFT,455.2950744628906,458.40406494140626,445.6772399902344,61.80303950641067,-0.01437024340827342,0.01112294438580005,461.9430847167969,1
2024-07-10,MSFT,461.9430847167969,459.7851928710937,447.5785140991211,68.9564260227053,0.014601542223466657,0.011684639305757045,450.499755859375,0
2024-07-11,MSFT,450.499755859375,458.58240966796876,448.66934356689455,57.495814470283406,-0.024772161844218155,0.014707294814993374,449.3603515625,0
2024-07-12,MSFT,449.3603515625,455.80628662109376,449.28807373046874,53.500891326418774,-0.0025292006977927217,0.01473657532135422,449.76666259765625,1
2024-07-15,MSFT,449.76666259765625,453.37298583984375,449.90135650634767,55.75474447270748,0.0009041986765041532,0.013980661309854356,445.3676452636719,0
2024-07-16,MSFT,445.3676452636719,451.3875,450.24564666748046,49.19076338135406,-0.009780665620207518,0.01238253796638707,439.42303466796875,0
2024-07-17,MSFT,439.42303466796875,446.88348999023435,450.00538635253906,43.65089409165981,-0.013347648081134644,0.012620632916194545,436.3021240234375,0
2024-07-18,MSFT,436.3021240234375,444.04396362304686,449.7096420288086,40.987831145589354,-0.007102291865262456,0.012436938055390655,433.072265625,0
2024-07-19,MSFT,433.072265625,440.7863464355469,449.2841094970703,42.59944474029168,-0.007402802371560324,0.010455003864995227,438.8484191894531,1
2024-07-22,MSFT,438.8484191894531,438.6026977539062,448.94526824951174,38.954086547622744,0.01333762058421617,0.012215212797731063,440.74078369140625,1
2024-07-23,MSFT,440.74078369140625,437.6773254394531,448.8055694580078,38.37185636005687,0.004312114204372275,0.012058370652486874,424.9381103515625,0
2024-07-24,MSFT,424.9381103515625,434.78034057617185,447.7132537841797,28.87222460654455,-0.035854801562698824,0.014164599133235598,414.5350646972656,0
2024-07-25,MSFT,414.5350646972656,430.4269287109375,446.0408447265625,18.87912401588727,-0.024481319516600153,0.014127093285466788,421.34161376953125,1
2024-07-26,MSFT,421.34161376953125,428.08079833984374,444.67458190917966,26.200270740027307,0.016419718503756675,0.01610393358632568,422.78814697265625,1
2024-07-29,MSFT,422.78814697265625,424.8687438964844,443.6729202270508,29.73332641916535,0.0034331600673942475,0.016248837117274414,419.0133361816406,0
2024-07-30,MSFT,419.0133361816406,420.52325439453125,441.99803619384767,22.25113356818322,-0.008928374217784696,0.01622929881958238,414.485595703125,0
2024-07-31,MSFT,414.485595703125,418.43275146484376,439.97044372558594,24.21009641785274,-0.010805719263677238,0.016120298477872403,413.2569885253906,0
2024-08-01,MSFT,413.2569885253906,418.17713623046876,437.80760955810547,24.143896473782007,-0.002964173400646586,0.01613361671194519,404.71661376953125,0
2024-08-02,MSFT,404.71661376953125,414.8521362304688,434.88139190673826,20.970342460091118,-0.020666014109848918,0.01685532283553744,391.4998474121094,0
2024-08-05,MSFT,391.4998474121094,408.5944763183594,431.35972595214844,18.59210127374756,-0.032656841621402366,0.017078247891177813,395.9186706542969,1
2024-08-06,MSFT,395.9186706542969,403.9755432128906,428.3909057617187,24.437297525476822,0.011286909232268716,0.01790542364947172,394.7495422363281,0
2024-08-07,MSFT,394.7495422363281,400.02833251953126,425.03122863769534,24.955954119844904,-0.002952950958429512,0.015608784971124338,398.9701843261719,1
2024-08-08,MSFT,398.9701843261719,397.1709716796875,422.45475006103516,29.92150965576228,0.010691949295072112,0.01524864165109393,402.2694091796875,1
2024-08-09,MSFT,402.2694091796875,396.68153076171876,420.1002029418945,28.08808841699353,0.008269351904297784,0.014237185644609488,403.0521545410156,1
2024-08-12,MSFT,403.0521545410156,398.9919921875,417.7644775390625,27.198837626083545,0.0019458237277458768,0.014152276707551145,410.1856384277344,1
2024-08-13,MSFT,410.1856384277344,401.8453857421875,416.0053771972656,40.268579340680084,0.017698662087148875,0.015685563259407148,413.00933837890625,1
2024-08-14,MSFT,413.00933837890625,405.4973449707031,414.6846923828125,49.24662529734351,0.006883956157010429,0.015581202676251116,417.8926696777344,1
2024-08-15,MSFT,417.8926696777344,409.28184204101564,413.7642196655273,47.70193948165602,0.011823779379893873,0.01599096094110711,415.3517150878906,0
2024-08-16,MSFT,415.3517150878906,411.89830322265624,412.87819213867186,44.645776438586374,-0.0060804000027165905,0.014352925185286714,418.388916015625,1
2024-08-19,MSFT,418.388916015625,414.9656555175781,411.85521697998047,49.929846116732996,0.007312359182365835,0.007197141348771449,421.6345520019531,1
2024-08-20,MSFT,421.6345520019531,417.25543823242185,410.8999053955078,56.158057220602224,0.00775746168717073,0.0070311788108336415,420.9794921875,0
2024-08-21,MSFT,420.9794921875,418.84946899414064,410.7019744873047,56.69480946557101,-0.0015536198618990582,0.006837037686236337,412.4534912109375,0
2024-08-22,MSFT,412.4534912109375,417.7616333007812,410.59789581298827,56.85400820101656,-0.020252770348169635,0.010653820657820973,413.6842346191406,1
2024-08-23,MSFT,413.6842346191406,417.4281372070312,410.21502685546875,73.75205163558932,0.002983956820415745,0.010514526809332491,410.4088439941406,0
2024-08-26,MSFT,410.4088439941406,415.8321228027344,409.59606170654297,66.03944875728152,-0.007917610464453606,0.01105757923175144,410.7562255859375,1
2024-08-27,MSFT,410.7562255859375,413.6564575195313,409.18320617675784,68.03695035306876,0.0008464281335074375,0.009559072734775019,407.5404052734375,0
2024-08-28,MSFT,407.5404052734375,410.96864013671876,408.83594665527346,60.02624563289671,-0.007829023912936828,0.009544908592586781,410.0416259765625,1
2024-08-29,MSFT,410.0416259765625,410.48626708984375,408.67517852783203,59.22993372954983,0.00613735637193269,0.008818526316081918,414.0316467285156,1
2024-08-30,MSFT,414.0316467285156,410.5557495117188,409.14093017578125,61.99448245242828,0.009730769997924993,0.009377392652864166,406.3890380859375,0
2024-09-03,MSFT,406.3890380859375,409.7517883300781,409.88538970947263,46.272181874202026,-0.018458996318195586,0.010529925867596426,405.8530578613281,0
2024-09-04,MSFT,405.8530578613281,408.7711547851562,410.3821090698242,42.355143958013656,-0.0013188845524323423,0.009884895165727981,405.3468322753906,0
2024-09-05,MSFT,405.3468322753906,408.3324401855469,410.91197357177737,34.968715473247386,-0.001247312484486618,0.00989297427058,398.7066955566406,0
2024-09-06,MSFT,398.7066955566406,406.0654541015625,410.89879913330077,31.68594419235569,-0.01638137069303336,0.00922806784051762,402.69671630859375,1
2024-09-09,MSFT,402.69671630859375,403.7984680175781,410.92016448974607,33.32359637869264,0.010007408444401955,0.009998443979546974,411.1135559082031,1
2024-09-10,MSFT,411.1135559082031,404.7433715820313,411.32323455810547,40.302965129936176,0.02090118756558068,0.012216482489234935,419.8876953125,1
2024-09-11,MSFT,419.8876953125,407.5502990722656,411.80833740234374,49.498986463718566,0.021342374334783587,0.013929054564533073,423.81817626953125,1
2024-09-12,MSFT,423.81817626953125,411.24456787109375,412.348779296875,60.47015114142337,0.009360790994615842,0.01359851385889024,427.38140869140625,1
2024-09-13,MSFT,427.38140869140625,416.97951049804686,412.8232162475586,62.0027460559562,0.008407455416940213,0.013656845894859736,428.1258544921875,1
2024-09-16,MSFT,428.1258544921875,422.0653381347656,413.46192321777346,66.16918776676482,0.0017418768941321883,0.013532694495400082,431.9074401855469,1
2024-09-17,MSFT,431.9074401855469,426.2241149902344,414.13784942626955,68.07598127013436,0.008832883260098345,0.011172809545684387,427.59979248046875,0
2024-09-18,MSFT,427.59979248046875,427.76653442382815,414.4361114501953,67.06104782408134,-0.009973543644507643,0.01211258571076296,435.42108154296875,1
2024-09-19,MSFT,435.42108154296875,430.0871154785156,415.15819091796874,69.62735064366608,0.01829114326068626,0.012508629060109812,432.02655029296875,0
2024-09-20,MSFT,432.02655029296875,431.0161437988281,416.1368438720703,64.18560303007052,-0.007795973584859617,0.010897038735309854,430.2796630859375,0
2024-09-23,MSFT,430.2796630859375,431.4469055175781,416.9666152954102,70.81143675573091,-0.004043471878861671,0.011513841534445509,425.9720153808594,0
2024-09-24,MSFT,425.9720153808594,430.25982055664065,417.7447738647461,66.66199246320639,-0.010011274235421586,0.011428774590950489,428.89007568359375,1
2024-09-25,MSFT,428.89007568359375,430.51787719726565,418.6514663696289,68.68565951662389,0.006850356824791293,0.009722622111147985,428.0960388183594,0
2024-09-26,MSFT,428.0960388183594,429.05286865234376,419.679248046875,75.84435805823878,-0.0018513761689840091,0.00944321035702516,424.8305358886719,0
2024-09-27,MSFT,424.8305358886719,427.61366577148436,420.41869354248047,69.85834330282782,-0.007627968104309102,0.009415489436003762,427.0935363769531,1
2024-09-30,MSFT,427.0935363769531,426.9764404296875,421.07178802490233,65.9933077931932,0.005326831046990277,0.00957963611564332,417.55517578125,0
2024-10-01,MSFT,417.55517578125,425.29307250976564,421.63009490966795,48.029585248465025,-0.02233318882935409,0.011240119603502305,414.021728515625,0
2024-10-02,MSFT,414.021728515625,422.31940307617185,422.0385284423828,40.68343506175423,-0.00846222839655597,0.011150473477809666,413.4361267089844,0
2024-10-03,MSFT,413.4361267089844,419.3874206542969,422.4429931640625,35.82779876625757,-0.001414422882441868,0.00831889985190429,412.9596862792969,0
2024-10-04,MSFT,412.9596862792969,417.01325073242185,423.1556427001953,34.48471131853634,-0.0011523918663810528,0.008348122997752862,406.4883117675781,0
2024-10-07,MSFT,406.4883117675781,412.8922058105469,423.34522247314453,25.221104950864287,-0.015670717328426953,0.009061093757535669,411.6197814941406,1
2024-10-08,MSFT,411.6197814941406,411.705126953125,423.3705337524414,34.90514278212953,0.012623904742177672,0.01055101409591827,414.3492431640625,1
2024-10-09,MSFT,414.3492431640625,411.7706298828125,423.0936111450195,28.115817290097866,0.0066310264779165795,0.010527607204836989,412.7413330078125,0
2024-10-10,MSFT,412.7413330078125,411.6316711425781,422.5397689819336,29.13625769304697,-0.003880567378310218,0.010514137370036572,413.2177429199219,1
2024-10-11,MSFT,413.2177429199219,411.68328247070315,421.8315856933594,31.03744511349096,0.0011542578220542499,0.010506710594784153,416.0167541503906,1
2024-10-14,MSFT,416.0167541503906,413.58897094726564,421.2261306762695,38.68199745346816,0.006773695656653311,0.010638930718140791,415.6197204589844,0
2024-10-15,MSFT,415.6197204589844,414.3889587402344,420.41174468994143,33.914820255227355,-0.0009543694753763043,0.008063179922364305,413.01922607421875,0
2024-10-16,MSFT,413.01922607421875,414.1229553222656,419.6827163696289,32.42460372863823,-0.006256908074269929,0.007846489007841045,413.6147766113281,1
2024-10-17,MSFT,413.6147766113281,414.2976440429687,418.5924011230469,36.08942851114044,0.001441943860023498,0.007849950236977907,415.0440673828125,1
2024-10-18,MSFT,415.0440673828125,414.66290893554685,417.74327697753904,34.792420985463025,0.003455608581478309,0.007905209990923322,415.659423828125,1
2024-10-21,MSFT,415.659423828125,414.59144287109376,417.01226501464845,47.0369478622147,0.0014826291800598135,0.0054913094263663075,424.32440185546875,1
2024-10-22,MSFT,424.32440185546875,416.33237915039064,416.9298843383789,64.97514695265073,0.02084634085170345,0.007475016067710571,421.4360656738281,0
2024-10-23,MSFT,421.4360656738281,418.0157470703125,416.55718383789065,61.044121184266125,-0.006806905681150166,0.007955992116971244,421.56512451171875,1
2024-10-24,MSFT,421.56512451171875,419.60581665039064,416.2306381225586,61.976061145756,0.0003062358644703167,0.007735294828907266,424.9596252441406,1
2024-10-25,MSFT,424.9596252441406,421.58892822265625,416.23709259033205,77.8114156564721,0.008052138412430576,0.007941998214082655,423.4112243652344,0
2024-10-28,MSFT,423.4112243652344,423.1392883300781,416.05297698974607,69.94905323139469,-0.0036436423295900244,0.008050296256857017,428.7313232421875,1
2024-10-29,MSFT,428.7313232421875,424.0206726074219,416.61178436279295,72.24635794455777,0.012564850837218255,0.008650574563254762,429.3069763183594,1
2024-10-30,MSFT,429.3069763183594,425.5948547363281,417.3760467529297,76.47667162509543,0.0013426895702852715,0.008045569780099664,403.3220520019531,0
2024-10-31,MSFT,403.3220520019531,421.946240234375,416.87034301757814,41.84737644500402,-0.06052760786523237,0.021969554664114176,407.3121032714844,1
2024-11-01,MSFT,407.3121032714844,418.41673583984374,416.5879638671875,43.165885913021455,0.009892965806669762,0.022249235405353833,405.41632080078125,0
2024-11-04,MSFT,405.41632080078125,414.8177551269531,416.5343643188477,42.035366736328406,-0.004654373035999693,0.02223789257715858,408.3939514160156,1
2024-11-05,MSFT,408.3939514160156,410.7502807617187,416.3730728149414,46.873294892246875,0.007344624432861879,0.021057480183123835,417.0489501953125,1
2024-11-06,MSFT,417.0489501953125,408.2986755371094,416.50805816650393,53.345901748956855,0.021192769259406496,0.022404064003195397,422.2598571777344,1
2024-11-07,MSFT,422.2598571777344,412.08623657226565,416.983984375,55.8098521432718,0.012494713102578325,0.0227997656159281,419.3913879394531,0
2024-11-08,MSFT,419.3913879394531,414.50209350585936,417.29266662597655,53.29010819392433,-0.006793137423607543,0.02272978258286381,414.8951721191406,0
2024-11-11,MSFT,414.8951721191406,416.3978637695312,417.23658752441406,44.00150097052604,-0.010720811036209477,0.022927836301511198,419.87774658203125,1
2024-11-12,MSFT,419.87774658203125,418.6946228027344,417.4494888305664,49.66790176030366,0.012009237025924824,0.022889836422104907,422.0316162109375,1
2024-11-13,MSFT,422.0316162109375,419.6911560058594,417.90010833740234,51.0444793085784,0.005129754187831015,0.022979531025876698,423.7090148925781,1
2024-11-14,MSFT,423.7090148925781,419.9809875488281,418.40482025146486,49.885828977795285,0.003974580617207124,0.009873870290781916,411.9075927734375,0
2024-11-15,MSFT,411.9075927734375,418.484228515625,418.2479965209961,43.73967710346024,-0.027852657612518872,0.014100211469819796,412.6619567871094,1
2024-11-18,MSFT,412.6619567871094,418.03758544921874,418.09812316894534,40.488904152694765,0.001831391377353997,0.013948717083693813,414.67681884765625,1
2024-11-19,MSFT,414.67681884765625,416.9973999023438,417.61574401855466,41.60175360506377,0.004882597068637251,0.013862637062826113,412.3939208984375,0
2024-11-20,MSFT,412.3939208984375,415.0698608398437,417.1636367797852,58.648565959153935,-0.005505246122902818,0.012136613393857878,410.61370849609375,0
2024-11-21,MSFT,410.61370849609375,412.4507995605469,416.6160659790039,53.502899513443545,-0.004316776538474176,0.01117765489628725,414.72113037109375,1
2024-11-22,MSFT,414.72113037109375,413.0135070800781,416.10414123535156,58.83024960732378,0.010003128950671902,0.0117477037755259,416.5013732910156,1
2024-11-25,MSFT,416.5013732910156,413.78139038085936,415.75864868164064,57.871085264802524,0.004292626513457076,0.011327205292469184,425.6510925292969,1
2024-11-26,MSFT,425.6510925292969,415.9762451171875,415.6046371459961,58.118942806969045,0.021968040983836534,0.012799066255159038,420.6784362792969,0
2024-11-27,MSFT,420.6784362792969,417.6331481933594,415.17321014404297,48.93872026021973,-0.011682470307903037,0.013352859616569105,421.1458435058594,1
2024-11-29,MSFT,421.1458435058594,419.7395751953125,416.0643997192383,52.045196301058716,0.0011110795948956476,0.013282945462884246,428.6247863769531,1
2024-12-02,MSFT,428.6247863769531,422.5203063964844,417.1300338745117,62.69811716939794,0.01775855795900716,0.010368466586386793,428.84356689453125,1
2024-12-03,MSFT,428.84356689453125,424.9887451171875,418.30139617919923,59.14796251565468,0.0005104243257312291,0.01040798984497918,435.0295715332031,1
2024-12-04,MSFT,435.0295715332031,426.86444091796875,419.63317718505857,62.06634453488686,0.014424851195665056,0.010932092884997791,440.2011413574219,1
2024-12-05,MSFT,440.2011413574219,430.76898193359375,420.79078674316406,64.24112175295011,0.0118878581196038,0.010474417648618272,441.1459655761719,1
2024-12-06,MSFT,441.1459655761719,434.7690063476563,421.73509216308594,80.85448977482635,0.0021463465901894185,0.009910476031479383,443.5825500488281,1
2024-12-09,MSFT,443.5825500488281,437.76055908203125,422.9446502685547,81.46376119085596,0.005523306712039933,0.009872978876614969,440.9072570800781,0
2024-12-10,MSFT,440.9072570800781,440.1732971191406,424.24525451660156,76.49779681517686,-0.006031105074930321,0.010671099069608758,446.5363464355469,1
2024-12-11,MSFT,446.5363464355469,442.4746520996094,425.5781845092773,82.2940682930761,0.012767059886352516,0.009444662041344717,447.10321044921875,1
2024-12-12,MSFT,447.10321044921875,443.8550659179688,426.8317642211914,85.40606059706276,0.001269468920496175,0.00764311566292457,444.8257141113281,0
2024-12-13,MSFT,444.8257141113281,444.591015625,427.8875991821289,80.41723154286001,-0.005093893948116213,0.008318488219246365,449.1221008300781,1
2024-12-16,MSFT,449.1221008300781,445.69892578125,429.7483245849609,81.27972576046511,0.00965858443532941,0.007329542175906893,451.9764099121094,1
2024-12-17,MSFT,451.9764099121094,447.9127563476562,431.71404724121095,78.52813710387574,0.006355307558358447,0.007189478418477406,434.999755859375,0
2024-12-18,MSFT,434.999755859375,445.6054382324219,432.7301940917969,63.14429276423299,-0.037560929465402015,0.01471123095357843,434.6416931152344,0
2024-12-19,MSFT,434.6416931152344,443.113134765625,433.8425827026367,62.439299248569476,-0.0008231332071284569,0.014115894151915562,434.2140808105469,0
2024-12-20,MSFT,434.2140808105469,440.9908081054688,435.02260131835936,56.10691060810433,-0.0009838271649059704,0.014068590732912818,432.8714294433594,0
2024-12-23,MSFT,432.8714294433594,437.740673828125,435.9301162719727,54.44139263787639,-0.00309214147243031,0.01385340704861044,436.9291076660156,1
2024-12-24,MSFT,436.9291076660156,434.73121337890626,436.95150299072264,52.39713247369179,0.009373864724391945,0.014249856816052465,435.7157897949219,0
2024-12-26,MSFT,435.7157897949219,434.8744201660156,437.4547378540039,45.52078389557809,-0.002776921587062553,0.01342801515479708,428.1772155761719,0
2024-12-27,MSFT,428.1772155761719,433.58152465820314,437.82967681884764,37.89491497421972,-0.01730158602307752,0.014134749985414289,422.50836181640625,0
2024-12-30,MSFT,422.50836181640625,431.240380859375,437.897802734375,31.20803874404787,-0.013239503536257469,0.014422206216295055,419.1965637207031,0
2024-12-31,MSFT,419.1965637207031,428.5054077148437,437.4263916015625,30.767855241442717,-0.00783842024206427,0.013470966877719552,416.2925109863281,0
2025-01-02,MSFT,416.2925109863281,424.3780883789062,436.79883880615233,21.797431629928965,-0.006927663501339887,0.01266145686813354,421.03643798828125,1
2025-01-03,MSFT,421.03643798828125,421.4422180175781,436.09918212890625,27.77753520462626,0.011395657804924797,0.008925239236959818,425.5118713378906,1
2025-01-06,MSFT,425.5118713378906,420.9091491699219,435.3647186279297,34.367909620138064,0.010629563015954302,0.009943838854442468,420.0617980957031,0
2025-01-07,MSFT,420.0617980957031,420.4198364257812,434.3105102539063,26.755897497410956,-0.012808275419088577,0.010487686982397515,422.23980712890625,1
2025-01-08,MSFT,422.23980712890625,421.0284851074219,433.24337310791014,26.14333302234408,0.005184972885125205,0.01082352585169609,416.6604919433594,0
2025-01-10,MSFT,416.6604919433594,421.1020812988281,432.0310348510742,31.650076754760605,-0.013213617217865847,0.010436243479658602,414.9101257324219,0
2025-01-13,MSFT,414.9101257324219,419.87681884765624,430.449723815918,30.751441770317797,-0.004200941161408345,0.010416943068308966,413.3984375,0
2025-01-14,MSFT,413.3984375,417.4541320800781,428.76448516845704,30.079005994939067,-0.0036434112803426233,0.009450934169501726,423.9802551269531,1
2025-01-15,MSFT,423.9802551269531,418.2378234863281,427.72221221923826,43.141975037288894,0.025597139870547014,0.012482033215291696,422.25970458984375,0
2025-01-16,MSFT,422.25970458984375,418.24180297851564,426.37909240722655,38.0413048564138,-0.004058091187746915,0.01225947245445902,426.6853942871094,1
2025-01-17,MSFT,426.6853942871094,420.2467834472656,425.1145416259766,43.19435987515692,0.010480966213824328,0.012276924080833172,426.1583251953125,0
2025-01-21,MSFT,426.1583251953125,422.4964233398438,424.67247009277344,48.514067586649304,-0.00123526396463014,0.011908403538709244,443.7615966796875,1
2025-01-22,MSFT,443.7615966796875,428.5690551757813,425.1284652709961,65.9819588508401,0.04130688160628382,0.017311937526838034,444.2687683105469,1
2025-01-23,MSFT,444.2687683105469,432.6267578125,425.6311996459961,69.64454397500765,0.0011428921174210238,0.016309487225463857,441.63330078125,0
2025-01-24,MSFT,441.63330078125,436.50147705078126,426.0692932128906,70.1042163635574,-0.005932146748282463,0.016724834302150566,432.1851806640625,0
2025-01-27,MSFT,432.1851806640625,437.6014343261719,425.832096862793,58.66052849170183,-0.021393586263702802,0.01785600108085255,444.7561340332031,1
2025-01-28,MSFT,444.7561340332031,441.32099609375,426.284114074707,62.91642487105592,0.029086960709354015,0.019246092947172125,439.9126892089844,0
2025-01-29,MSFT,439.9126892089844,440.55121459960935,426.87088775634766,63.59684391595558,-0.010890113600675266,0.01982476380055232,412.7221374511719,0
2025-01-30,MSFT,412.7221374511719,434.24188842773435,426.38157653808594,45.99101707564336,-0.061808973518596044,0.028005930038227437,412.791748046875,1
2025-01-31,MSFT,412.791748046875,428.47357788085935,426.0613357543945,48.782725644402525,0.0001686621321865811,0.028008847661496375,408.6744384765625,0
2025-02-03,MSFT,408.6744384765625,423.77142944335935,425.68043212890626,47.54048403313352,-0.009974302029518656,0.02774931942518264,410.116455078125,1
2025-02-04,MSFT,410.116455078125,416.84349365234374,425.1344329833984,49.12171498243171,0.003528521644118543,0.027841893505939064,411.03143310546875,1
2025-02-05,MSFT,411.03143310546875,411.06724243164064,424.41041107177733,43.2722882522054,0.0022310200334914043,0.023216062287232917,413.5475769042969,1
2025-02-06,MSFT,413.5475769042969,411.2323303222656,424.084700012207,45.81909265919027,0.0061215362042212895,0.02347122096758391,407.5107727050781,0
2025-02-07,MSFT,407.5107727050781,410.17613525390624,423.34824829101564,39.91360962778862,-0.01459760505528429,0.023591735197228188,409.96728515625,1
2025-02-10,MSFT,409.96728515625,410.43470458984376,423.01358795166016,41.83465730943241,0.006028092054758183,0.023423103880987842,409.1915588378906,0
2025-02-11,MSFT,409.1915588378906,410.2497253417969,422.72765960693357,27.636514078410855,-0.001892166390944361,0.020245397998426718,406.80462646484375,0
2025-02-12,MSFT,406.80462646484375,409.40436401367185,422.3979690551758,26.277555324588306,-0.005833288398777836,0.020231349871992894,408.29644775390625,1
2025-02-13,MSFT,408.29644775390625,408.35413818359376,421.61377868652346,28.68264581538847,0.0036671689356793102,0.007021907616310254,406.1979675292969,0
2025-02-14,MSFT,406.1979675292969,408.0915771484375,420.8106918334961,31.578918831544243,-0.005139599514405235,0.007119074633477608,407.4013671875,1
2025-02-18,MSFT,407.4013671875,407.5783935546875,419.84649047851565,18.323142114176818,0.002962593992094087,0.006580462597036518,412.5033264160156,1
2025-02-19,MSFT,412.5033264160156,408.2407470703125,419.16374053955076,27.27994297334952,0.012523176502172939,0.00768310612226189,414.6857604980469,1
2025-02-20,MSFT,414.6857604980469,409.8169738769531,417.70994873046874,53.179465404666,0.005290706625309172,0.007814758171791539,406.793212890625,0
2025-02-21,MSFT,406.793212890625,409.5163269042969,415.83617095947267,42.857510345515735,-0.01903259855834627,0.009758541012183597,402.59783935546875,0
2025-02-24,MSFT,402.59783935546875,408.7963012695312,413.88439788818357,42.71100287823983,-0.010313283020000341,0.009202839415381012,396.51898193359375,0
2025-02-25,MSFT,396.51898193359375,406.61982421875,412.10108795166013,35.061516779425105,-0.015099081086989541,0.009773181435413064,398.3426513671875,1
2025-02-26,MSFT,398.3426513671875,403.7876892089844,409.78041381835936,36.42124938649675,0.004599198315048625,0.01008664545202848,391.16766357421875,0
2025-02-27,MSFT,391.16766357421875,399.0840698242188,407.3431625366211,28.058842833263228,-0.018012100306966428,0.011190256964144748,395.6121520996094,1
2025-02-28,MSFT,395.6121520996094,396.8478576660156,406.48766326904297,38.136402028043825,0.011362106174063413,0.012000271400871095,387.14166259765625,0
2025-03-03,MSFT,387.14166259765625,393.7566223144531,405.20515899658204,29.462948526875053,-0.02141109532909491,0.013338240578039397,387.26123046875,1
2025-03-04,MSFT,387.26123046875,391.9050720214844,404.1344985961914,30.034923730432737,0.00030884785246687585,0.013194181088621533,399.628173828125,1
2025-03-05,MSFT,399.628173828125,392.16217651367185,403.6100845336914,44.93999305837331,0.031934369842304466,0.016948766467534584,395.5125427246094,0
2025-03-06,MSFT,395.5125427246094,393.03115234375,402.8341400146484,40.9899910658719,-0.010298651028757821,0.016814065210010855,391.9449462890625,0
2025-03-07,MSFT,391.9449462890625,392.29771118164064,401.7540084838867,40.06609597191164,-0.009020185329573605,0.01614363609041722,378.8406066894531,0
2025-03-10,MSFT,378.8406066894531,390.6375,400.3205001831055,32.57923055224384,-0.03343413334878109,0.018670638384855172,379.12957763671875,1
2025-03-11,MSFT,379.12957763671875,389.01116943359375,398.7786148071289,28.425318593507882,0.0007627771209397505,0.01847571575643427,381.9397888183594,1
2025-03-12,MSFT,381.9397888183594,385.47349243164064,397.41602630615233,29.21210478662971,0.007412271021316474,0.01864724105152902,377.45538330078125,0
2025-03-13,MSFT,377.45538330078125,381.862060546875,395.94856414794924,30.359054045943765,-0.011741132107372043,0.018225825565997607,387.21142578125,1
2025-03-14,MSFT,387.21142578125,380.9153564453125,394.8943130493164,40.85931543159095,0.02584687598082147,0.020017956358755452,387.3509521484375,1
2025-03-17,MSFT,387.3509521484375,382.6174255371094,393.95196228027345,44.28148511926698,0.000360336389624738,0.018815717221214452,382.18890380859375,0
2025-03-18,MSFT,382.18890380859375,383.2292907714844,392.69133911132815,39.94622262301559,-0.013326540986184465,0.01929594742972587,386.4740295410156,1
2025-03-19,MSFT,386.4740295410156,384.1361389160156,391.38987426757814,47.33799523397126,0.011212062123519662,0.01621483992395077,385.49737548828125,0
2025-03-20,MSFT,385.49737548828125,385.7445373535156,389.93045501708986,43.34026105662197,-0.002527088440830716,0.016023119827754742,389.9020690917969,1
2025-03-21,MSFT,389.9020690917969,386.282666015625,389.0858978271484,52.62830286096667,0.01142600153356832,0.016391223063622104,391.7157287597656,1
2025-03-24,MSFT,391.7157287597656,387.15562133789064,388.54179229736326,53.81092844580157,0.004651577438902432,0.011582205498718067,393.7885437011719,1
2025-03-25,MSFT,393.7885437011719,389.4755493164063,388.4052703857422,45.45716619539776,0.005291630611742537,0.01155580545380249,388.6165466308594,0
2025-03-26,MSFT,388.6165466308594,389.904052734375,387.9189651489258,44.59877544063321,-0.013133944989108914,0.012630717512130362,389.2243957519531,1
2025-03-27,MSFT,389.2243957519531,390.6494567871094,387.8218017578125,48.02538192617572,0.0015641359750724337,0.011712512349228337,377.48529052734375,0
2025-03-28,MSFT,377.48529052734375,388.1661010742188,386.9154586791992,49.15314889602538,-0.030160250366450647,0.012969535280742578,374.087158203125,0
2025-03-31,MSFT,374.087158203125,384.6403869628906,386.26273345947266,45.89379543260706,-0.009002025799393687,0.013080431675043722,380.8635559082031,1
2025-04-01,MSFT,380.8635559082031,382.0553894042969,385.94284973144534,49.55042160648411,0.018114488980663257,0.014163295115370057,380.813720703125,0
2025-04-02,MSFT,380.813720703125,380.49482421875,385.0021270751953,53.470714734492134,-0.00013084792258288847,0.013585186652915237,371.8150329589844,0
2025-04-03,MSFT,371.8150329589844,377.01295166015626,383.81725158691404,36.407549914274306,-0.023630156307198336,0.015310804521322966,358.59112548828125,0
2025-04-04,MSFT,358.59112548828125,373.23411865234374,382.149560546875,29.0758254887169,-0.035565822515201795,0.01730223703031743,356.61798095703125,0
2025-04-07,MSFT,356.61798095703125,369.740283203125,381.0384292602539,30.399118757353662,-0.005502491252574182,0.016753464612605018,353.3294372558594,0
2025-04-08,MSFT,353.3294372558594,364.23345947265625,379.74842224121096,24.156875748177427,-0.009221474734242618,0.015967280920770845,389.13470458984375,1
2025-04-09,MSFT,389.13470458984375,365.89765625,380.10816802978513,52.98394081874777,0.10133677966961008,0.038762748180134345,380.0264587402344,0
2025-04-10,MSFT,380.0264587402344,367.53994140625,380.2367218017578,46.65229480611558,-0.023406408480604823,0.03950384251364955,387.1018371582031,1
2025-04-11,MSFT,387.1018371582031,373.24208374023436,380.23124237060546,49.18075477537794,0.018618120541983307,0.038602720649979404,386.4640197753906,0
2025-04-14,MSFT,386.4640197753906,379.21129150390624,380.1868957519531,47.97831887609761,-0.0016476733551430423,0.038414849022117864,384.3912658691406,0
2025-04-15,MSFT,384.3912658691406,385.4236572265625,380.2970138549805,49.294470902493416,-0.0053633813244883255,0.038165977434091385,370.32025146484375,0
2025-04-16,MSFT,370.32025146484375,381.6607666015625,379.48932495117185,43.37632062511653,-0.036605968068710304,0.040041212494185345,366.5035400390625,0
2025-04-17,MSFT,366.5035400390625,378.9561828613281,378.5396331787109,46.26181471242045,-0.0103065155380615,0.03946264745804387,357.87359619140625,0
2025-04-21,MSFT,357.87359619140625,373.11053466796875,376.9382095336914,44.1120728546782,-0.02354668619772804,0.03845517242335778,365.5469055175781,1
2025-04-22,MSFT,365.5469055175781,368.92711181640624,375.62976837158203,44.69986912189973,0.021441395531364815,0.03893384266761882,373.0906066894531,1
2025-04-23,MSFT,373.0906066894531,366.66697998046874,374.5948715209961,48.10534145857057,0.02063675292557554,0.039026179045679774,385.9557800292969,1
2025-04-24,MSFT,385.9557800292969,369.79408569335936,374.46183319091796,56.52166254769016,0.03448270502975226,0.023565658339931156,390.4900207519531,1
2025-04-25,MSFT,390.4900207519531,374.5913818359375,374.52511444091795,64.30586533783791,0.0117480834781436,0.02237234308237719,389.8023986816406,0
2025-04-28,MSFT,389.8023986816406,380.9771423339844,375.14096984863284,65.05746707952103,-0.0017609209807419868,0.02170430555459724,392.67242431640625,1
2025-04-29,MSFT,392.67242431640625,386.40224609375,376.0702331542969,67.75082595529958,0.00736277058446122,0.021773351917169052,393.88818359375,1
2025-04-30,MSFT,393.88818359375,390.5617614746094,376.7214645385742,53.351545427037244,0.0030961157495594804,0.02162758005894089,423.9235534667969,1
2025-05-01,MSFT,423.9235534667969,398.1553161621094,378.8769561767578,70.96383935186071,0.07625354383320349,0.027510434893642875,433.769287109375,1
2025-05-02,MSFT,433.769287109375,406.81116943359376,381.9746688842773,71.44594485126255,0.023225257389123177,0.026240876040165003,434.65618896484375,1
2025-05-05,MSFT,434.65618896484375,415.78192749023435,385.77792205810545,72.07969200178815,0.002044639585663255,0.022843299421416,431.8061218261719,0
2025-05-06,MSFT,431.8061218261719,423.6086669921875,389.5373291015625,71.77138030083196,-0.006557060985279972,0.02429660662556982,431.8459777832031,1
2025-05-07,MSFT,431.8459777832031,431.2002258300781,393.46315612792966,82.6137416202867,9.230058356446413e-05,0.024822812493955293,436.6492614746094,1
2025-05-08,MSFT,436.6492614746094,433.7453674316406,395.838883972168,86.90694781943503,0.011122677849317864,0.023866243521892667,437.20733642578125,1
2025-05-09,MSFT,437.20733642578125,434.4329772949219,398.6979278564453,96.2379427645732,0.0012780851828013695,0.024138926413989736,447.70074462890625,1
2025-05-12,MSFT,447.70074462890625,437.04188842773436,401.72787322998045,96.28099584648078,0.024000988384389466,0.02392646510460666,447.5812072753906,0
2025-05-13,MSFT,447.5812072753906,440.1969055175781,404.78373260498046,95.7770144714342,-0.0002670028025409943,0.024287362041916078,451.36798095703125,1
2025-05-14,MSFT,451.36798095703125,444.10130615234374,408.132568359375,95.15710540694982,0.008460528771286668,0.024092238491346587,452.3863220214844,1
2025-05-15,MSFT,452.3863220214844,447.24871826171875,412.23587188720705,94.88312095749785,0.0022561216289509467,0.010185258757140237,453.5244445800781,1
2025-05-16,MSFT,453.5244445800781,450.51213989257815,416.5869171142578,95.95089345699147,0.0025158200042567636,0.008364117379898853,458.11688232421875,1
2025-05-19,MSFT,458.11688232421875,452.5953674316406,421.5990814208984,96.01621332671515,0.010126108524079136,0.008490549838820822,457.4180603027344,0
2025-05-20,MSFT,457.4180603027344,454.5627380371094,426.19263916015626,95.08058765213526,-0.0015254229836257904,0.007833269125878818,451.8272399902344,0
2025-05-21,MSFT,451.8272399902344,454.65458984375,430.1294708251953,80.5363149330266,-0.012222561367165596,0.009600107253498132,454.11346435546875,1
2025-05-22,MSFT,454.11346435546875,455.00001831054686,433.53735504150393,76.4969380173963,0.0050599524837939835,0.00932821476742838,449.441162109375,0
2025-05-23,MSFT,449.441162109375,454.18336181640626,436.484912109375,67.77719412184602,-0.010288843235963574,0.010359048255262463,459.93389892578125,1
2025-05-27,MSFT,459.93389892578125,454.54676513671876,439.99148712158205,78.40859976449437,0.023346185665684027,0.01021124128821387,456.609375,0
2025-05-28,MSFT,456.609375,454.38502807617186,443.1883346557617,73.65707290640529,-0.007228264612688884,0.010666604814333704,457.9272155761719,1
2025-05-29,MSFT,457.9272155761719,455.6050231933594,446.3902862548828,71.71045149899578,0.0028861443683056986,0.010437563510397704,459.60443115234375,1
2025-05-30,MSFT,459.60443115234375,456.7032165527344,448.17433013916013,72.30298178834808,0.0036626247995799055,0.010458452292513222,461.2118225097656,1
2025-06-02,MSFT,461.2118225097656,459.0573486328125,449.5464569091797,66.21907153760961,0.003497336510424276,0.010472252855938754,462.2101745605469,1
2025-06-03,MSFT,462.2101745605469,459.5126037597656,450.92415618896484,67.17248703663515,0.0021646280560383424,0.01005755425909656,463.1086730957031,1
2025-06-04,MSFT,463.1086730957031,460.8124633789063,452.4892837524414,64.7613664256287,0.0019439176907138922,0.010023023193198624,466.91241455078125,1
2025-06-05,MSFT,466.91241455078125,462.6095031738281,454.2426055908203,66.97859098077345,0.008213496477298854,0.008994156040405613,469.6080017089844,1
2025-06-06,MSFT,469.6080017089844,464.61021728515624,455.8905426025391,68.07686828155991,0.005773218004487157,0.009012247212825245,471.97412109375,1
2025-06-09,MSFT,471.97412109375,466.76267700195314,457.6288818359375,66.32769764985136,0.005038498867470098,0.007622215411845047,470.1471252441406,0
2025-06-10,MSFT,470.1471252441406,468.3500671386719,458.7512008666992,64.69345448417309,-0.003870966156736544,0.00455942531530852,471.8443298339844,1
2025-06-11,MSFT,471.8443298339844,470.0971984863281,459.96435699462893,75.2978847311847,0.0036099435659899815,0.0031317290010929714,478.0840759277344,1
2025-06-12,MSFT,478.0840759277344,472.33153076171874,461.30016174316404,77.4264018135054,0.01322416250280134,0.0044230156131232256,474.18048095703125,0
2025-06-13,MSFT,474.18048095703125,473.24602661132815,462.3898696899414,79.20169170413213,-0.008165080510427192,0.005940985153530773,478.3536376953125,1
2025-06-16,MSFT,478.3536376953125,474.5219299316406,463.63132934570314,75.3271594114252,0.008800777142615956,0.006206903658222878,477.25543212890625,0
2025-06-17,MSFT,477.25543212890625,475.94359130859374,464.5882568359375,80.40666123687083,-0.0022958026862665015,0.006481555609594743,479.4518127441406,1
2025-06-18,MSFT,479.4518127441406,477.465087890625,465.6899444580078,80.85577001552797,0.0046021071052808615,0.006477584764082638,476.6164855957031,0
2025-06-20,MSFT,476.6164855957031,477.17156982421875,466.9294067382813,73.74582486992432,-0.005913685323681417,0.006862764714126333,485.2023620605469,1
2025-06-23,MSFT,485.2023620605469,479.3759460449219,468.48385162353514,77.90523500049613,0.01801422469496128,0.008492778119394265,489.30560302734375,1
2025-06-24,MSFT,489.30560302734375,481.56633911132815,470.4770736694336,79.32495979578113,0.008456762142235563,0.008637879649392163,491.4620666503906,1
2025-06-25,MSFT,491.4620666503906,484.407666015625,472.05348205566406,79.83228477639881,0.004407191762580975,0.00822418170558927,496.6335754394531,1
2025-06-26,MSFT,496.6335754394531,487.8440185546875,474.05469207763673,80.28577651577359,0.010522701831922499,0.008431391279065803,495.1260681152344,0
2025-06-27,MSFT,495.1260681152344,491.5459350585937,475.91463470458984,76.7090705538045,-0.003035451888013796,0.008270872297967026,496.5936584472656,1
2025-06-30,MSFT,496.5936584472656,493.8241943359375,477.76409606933595,76.21546789619019,0.002964074054145005,0.007200438675875129,491.242431640625,0
2025-07-01,MSFT,491.242431640625,494.21156005859376,479.26562652587893,71.19331877469602,-0.010775866174716486,0.008492548436970627,490.2840270996094,0
2025-07-02,MSFT,490.2840270996094,493.9759521484375,480.66931915283203,68.83813675568422,-0.001950980777077449,0.008470706415099748,498.02130126953125,1
2025-07-03,MSFT,498.02130126953125,494.2534973144531,482.4149505615234,69.59209048442486,0.01578120791675297,0.009428843262280454,496.90313720703125,0
2025-07-07,MSFT,496.90313720703125,494.6089111328125,483.91448669433595,73.72151014181475,-0.0022452133265176144,0.009071481277775599,495.804931640625,0
2025-07-08,MSFT,495.804931640625,494.4511657714844,485.22433319091795,69.49074640493669,-0.0022100998850178577,0.007821203521872712,502.68365478515625,1
2025-07-09,MSFT,502.68365478515625,496.7394104003906,486.75980987548826,75.05445768385053,0.013873849785578818,0.00846450795524003,500.656982421875,0
2025-07-10,MSFT,500.656982421875,498.8140014648437,488.285302734375,71.04805166873871,-0.004031705316035028,0.008696552709241127,502.49395751953125,1
2025-07-11,MSFT,502.49395751953125,499.7085327148437,489.81778411865236,76.2117964509753,0.0036691290886827765,0.008196236375837312,502.1944274902344,0
2025-07-14,MSFT,502.1944274902344,500.76679077148435,491.02330169677737,70.60421227513162,-0.000596086828139053,0.008091679142418038,504.9898376464844,1
2025-07-15,MSFT,504.9898376464844,502.60377197265626,492.56376953125,69.56335967512575,0.00556639023300276,0.008187142867954737,504.7901611328125,0
2025-07-16,MSFT,504.7901611328125,503.0250732421875,493.885595703125,67.48078116818968,-0.00039540699393569856,0.007000511815633248,510.8601989746094,1
2025-07-17,MSFT,510.8601989746094,505.0657165527344,495.56583404541016,68.0981880676895,0.012024873520068091,0.007345178891225449,509.212890625,0
2025-07-18,MSFT,509.212890625,506.4095031738281,497.05388793945315,67.93579741269703,-0.0032245775907299157,0.006397070314085734,509.2228698730469,1
2025-07-21,MSFT,509.2228698730469,507.8151916503906,498.6842071533203,66.69946797599498,1.9597398712045688e-05,0.006259114055232027,504.44073486328125,0
2025-07-22,MSFT,504.44073486328125,507.70537109375,499.64612579345703,67.93135114789615,-0.009391045243034468,0.007197277596458946,505.0397644042969,1
2025-07-23,MSFT,505.0397644042969,507.7552917480469,500.4328338623047,70.23022257976291,0.0011875122281272965,0.0058068894985315814,510.0415344238281,1
2025-07-24,MSFT,510.0415344238281,507.5915588378906,501.36180725097654,67.66988231291802,0.009903715255829226,0.006257715997864342,512.866943359375,1
2025-07-25,MSFT,512.866943359375,508.32236938476564,502.17347564697263,72.29101393726148,0.005539566378135463,0.00634460492197874,511.65887451171875,0
2025-07-28,MSFT,511.65887451171875,508.8095703125,503.0001159667969,72.14455550074236,-0.0023555209851178205,0.006450070848994781,511.728759765625,1
2025-07-29,MSFT,511.728759765625,510.2671752929688,503.75687103271486,65.5517537217347,0.00013658563818119696,0.006333456391207039,512.3976440429688,1
2025-07-30,MSFT,512.3976440429688,511.73875122070314,504.814631652832,71.14338345258149,0.0013071070651766714,0.006304303584668764,532.6243896484375,1
2025-07-31,MSFT,532.6243896484375,516.255322265625,506.93164978027346,82.48224541401592,0.03947470453976676,0.013386737222298781,523.2498168945312,0
2025-08-01,MSFT,523.2498168945312,518.3318969726563,508.1930755615234,69.5106846106297,-0.01760072001226609,0.014959354782995893,534.7609252929688,1
2025-08-04,MSFT,534.7609252929688,522.9523071289062,510.0859649658203,73.53305213168119,0.021999259295981233,0.016074954003448407,526.8838500976562,0
2025-08-05,MSFT,526.8838500976562,525.9833251953125,511.63991088867186,65.94405565260045,-0.014730087451690799,0.016683910250429947,524.0784912109375,0
2025-08-06,MSFT,524.0784912109375,528.3194946289062,512.7096527099609,60.19015841360967,-0.0053244351410633994,0.016951901188131703,519.9852294921875,0
2025-08-07,MSFT,519.9852294921875,525.7916625976562,513.6760650634766,58.17216800552944,-0.007810398227357296,0.01717139163749431,521.1832275390625,1
2025-08-08,MSFT,521.1832275390625,525.3783447265625,514.6105285644531,58.859242700166305,0.002303907839930286,0.017129048470140767,520.9136962890625,0
2025-08-11,MSFT,520.9136962890625,522.6088989257812,515.5464920043945,62.87113184160707,-0.0005171525785138131,0.017090029748377703,528.3713989257812,1
2025-08-12,MSFT,528.3713989257812,522.9064086914062,516.7155700683594,66.2723896119846,0.014316580058936212,0.01750840910018804,519.7256469726562,0
2025-08-13,MSFT,519.7256469726562,522.03583984375,517.4623443603516,56.8021398082478,-0.016363020350273483,0.018594559650277374,521.6224975585938,1
2025-08-14,MSFT,521.6224975585938,522.3632934570312,518.0004592895508,56.250121655523394,0.003649715185283675,0.013129199565369652,519.3162841796875,0
2025-08-15,MSFT,519.3162841796875,521.9899047851562,518.5056289672851,55.475245966174064,-0.004421230659529152,0.012003213387043195,516.2512817382812,0
2025-08-18,MSFT,516.2512817382812,521.057421875,518.8570495605469,53.33361098774799,-0.005901995633061485,0.009013730906055166,508.933349609375,0
2025-08-19,MSFT,508.933349609375,517.1698120117187,519.0816802978516,48.48743316988764,-0.014175136000177835,0.008938161406151657,504.8900146484375,0
2025-08-20,MSFT,504.8900146484375,514.202685546875,519.0741928100585,30.840480897090472,-0.00794472392905854,0.009037905391418046,504.239990234375,0
2025-08-21,MSFT,504.239990234375,510.72618408203124,518.7841156005859,35.00718252464979,-0.0012874574564821772,0.008942070237391669,507.2300109863281,1
2025-08-22,MSFT,507.2300109863281,508.3089294433594,518.5022689819336,25.029670153613637,0.005929757278004377,0.00925074747479611,504.260009765625,0
2025-08-25,MSFT,504.260009765625,505.9106750488281,518.1323257446289,27.348356546497072,-0.0058553341804989945,0.009266626422047399,502.0400085449219,0
2025-08-26,MSFT,502.0400085449219,504.5320068359375,517.6478881835938,27.614101563423603,-0.004402493114088024,0.006929890855632851,506.739990234375,1
2025-08-27,MSFT,506.739990234375,504.902001953125,517.3650054931641,36.87817307248801,0.00936176720870363,0.007048621863380371,509.6400146484375,1
2025-08-28,MSFT,509.6400146484375,505.9820068359375,516.215786743164,39.03956364056112,0.005722904191400424,0.007276556871905096,506.69000244140625,0
2025-08-29,MSFT,506.69000244140625,505.87400512695314,515.3877960205078,37.08192444416574,-0.005788423440546087,0.007333516674613385,505.1199951171875,0
2025-09-02,MSFT,505.1199951171875,506.04600219726564,513.9057495117188,26.26568659641771,-0.0030985559546348185,0.007239195407085055,505.3500061035156,1
2025-09-03,MSFT,505.3500061035156,506.7080017089844,512.8290573120117,32.2066102844727,0.0004553590999198942,0.005892959200721781,507.9700012207031,1
2025-09-04,MSFT,507.9700012207031,506.95400390625,512.0236328125,33.51491877259613,0.005184515851476723,0.005549803236143282,495.0,0
2025-09-05,MSFT,495.0,504.0260009765625,510.7743713378906,26.48442100666267,-0.025533006259296664,0.009993700206119201,498.20001220703125,1
2025-09-08,MSFT,498.20001220703125,502.3280029296875,509.6252105712891,32.72492765388121,0.006464671125315569,0.01004100447238752,498.4100036621094,1
2025-09-09,MSFT,498.4100036621094,500.9860046386719,508.5000259399414,38.35367599518753,0.00042150030094911806,0.009951568274937305,500.3699951171875,1
2025-09-10,MSFT,500.3699951171875,499.99000244140626,507.0999557495117,44.9110141963503,0.003932488193810091,0.00999515821823857,501.010009765625,1
2025-09-11,MSFT,501.010009765625,498.59800415039064,506.16417388916017,46.448645611432724,0.0012790827881028477,0.009439507158558295,509.8999938964844,1
2025-09-12,MSFT,509.8999938964844,501.5780029296875,505.5780487060547,53.09130849450713,0.017744124783092063,0.011034991029356615,515.3599853515625,1
2025-09-15,MSFT,515.3599853515625,505.00999755859374,505.38023376464844,61.21507882015853,0.010707965327386493,0.011286067147336983,509.0400085449219,0
2025-09-16,MSFT,509.0400085449219,507.13599853515626,505.0196701049805,56.757815459549434,-0.012263227620067041,0.012069002141101027,510.0199890136719,1
2025-09-17,MSFT,510.0199890136719,509.0659973144531,505.0740020751953,53.558728524099664,0.001925154118143313,0.01207275543312498,508.45001220703125,0
2025-09-18,MSFT,508.45001220703125,510.5539978027344,505.252001953125,49.15882086804629,-0.003078265245401113,0.01203620269011049,517.9299926757812,1
2025-09-19,MSFT,517.9299926757812,512.1599975585938,505.93650207519534,60.28902739897118,0.01864486230927631,0.00937027466782724,514.4500122070312,0
2025-09-22,MSFT,514.4500122070312,511.9780029296875,506.2975021362305,58.38025722980343,-0.0067190170833154594,0.009982741747291028,509.2300109863281,0
2025-09-23,MSFT,509.2300109863281,512.0160034179687,506.54600219726564,53.45201239305014,-0.010146760806378219,0.01083923052500799,510.1499938964844,1
2025-09-24,MSFT,510.1499938964844,512.0420043945312,506.9515014648438,52.148965371924305,0.0018066156556137969,0.010822367759759794,507.0299987792969,0
2025-09-25,MSFT,507.0299987792969,511.75800170898435,506.9660018920898,62.14984747942074,-0.0061158387817614734,0.01112476875180998,511.4599914550781,1
2025-09-26,MSFT,511.4599914550781,510.46400146484376,507.0570007324219,62.98071714360403,0.00873714116807034,0.009942853289220639,514.5999755859375,1
2025-09-29,MSFT,514.5999755859375,510.493994140625,507.45249938964844,64.91835534748859,0.006139256605245391,0.009509541801416563,517.9500122070312,1
2025-09-30,MSFT,517.9500122070312,512.2379943847657,508.0940002441406,65.72702017797482,0.006509982083227506,0.00865800854899678,519.7100219726562,1
2025-10-01,MSFT,519.7100219726562,514.15,508.81200103759767,66.36441729292237,0.0033980301653540046,0.008673449648959332,515.739990234375,0
2025-10-02,MSFT,515.739990234375,515.8919982910156,509.20050048828125,55.73380777962645,-0.007638936272985952,0.009075897928141514,517.3499755859375,1
2025-10-03,MSFT,517.3499755859375,517.0699951171875,510.3179992675781,52.244631337594576,0.003121699658835464,0.006869738906488479,528.5700073242188,1
2025-10-06,MSFT,528.5700073242188,519.8640014648438,511.8364990234375,68.10908965576607,0.021687508007657064,0.009276057625098404,523.97998046875,0
2025-10-07,MSFT,523.97998046875,521.0699951171875,513.1149978637695,62.302299351324336,-0.008683857940984696,0.009059066951628874,524.8499755859375,1
2025-10-08,MSFT,524.8499755859375,522.0979858398438,514.338996887207,64.5937596851357,0.0016603594595525628,0.009061139266897065,522.4000244140625,0
2025-10-09,MSFT,522.4000244140625,523.4299926757812,515.4084976196289,54.68308068040728,-0.004667907565661822,0.008911726997010528,510.9599914550781,0
2025-10-10,MSFT,510.9599914550781,522.1519958496094,515.4614974975586,47.285645076901915,-0.021898990092536486,0.011592961060515276,514.0499877929688,1
2025-10-13,MSFT,514.0499877929688,519.2479919433594,515.3959976196289,54.672161482251816,0.0060474330467461535,0.011587560377874017,513.5700073242188,0
2025-10-14,MSFT,513.5700073242188,517.1659973144531,515.6224975585938,53.43253247316589,-0.00093372333459385,0.011356365369820308,513.4299926757812,0
2025-10-15,MSFT,513.4299926757812,514.8820007324218,515.7929977416992,56.511676740891545,-0.0002726301116511287,0.011264880797137179,511.6099853515625,0
2025-10-16,MSFT,511.6099853515625,512.7239929199219,515.9509963989258,50.479916390526924,-0.0035448013364658415,0.01107597582387847,513.5800170898438,1
2025-10-17,MSFT,513.5800170898438,513.247998046875,515.7334976196289,49.273186067203945,0.003850651462417254,0.011106633466694207,516.7899780273438,1
2025-10-20,MSFT,516.7899780273438,513.79599609375,515.8504959106446,49.13246379286945,0.006250167122328731,0.008394723158711525,517.6599731445312,1
2025-10-21,MSFT,517.6599731445312,514.6139892578125,516.2719940185547,48.183867485644285,0.0016834597306014665,0.008144090627520655,520.5399780273438,1
2025-10-22,MSFT,520.5399780273438,516.035986328125,516.7914932250976,55.48749426684609,0.0055635069973014595,0.00838543697963664,520.5599975585938,1
2025-10-23,MSFT,520.5599975585938,517.8259887695312,517.4679931640625,53.90605529816013,3.8459161822324006e-05,0.008275094238369403,523.6099853515625,1
2025-10-24,MSFT,523.6099853515625,519.831982421875,518.0754928588867,43.62354002480981,0.00585905142014953,0.0035255111270324655,531.52001953125,1
2025-10-27,MSFT,531.52001953125,522.7779907226562,518.9214950561524,59.52581685706345,0.015106729055933688,0.00527922461994851,542.0700073242188,1
2025-10-28,MSFT,542.0700073242188,527.6599975585938,520.1274948120117,67.2289423479885,0.019848712005754443,0.007157582600264984,541.5499877929688,0
2025-10-29,MSFT,541.5499877929688,531.8619995117188,521.2194931030274,69.94318882017535,-0.0009593217190099201,0.00722146973696836,525.760009765625,0
2025-10-30,MSFT,525.760009765625,532.902001953125,521.7204940795898,64.8214052665673,-0.029157009294181968,0.012980204799134585,517.8099975585938,0
2025-10-31,MSFT,517.8099975585938,531.7420043945312,521.7434951782227,53.79531616799845,-0.015120990678951118,0.014145110782262587,517.030029296875,0
2025-11-03,MSFT,517.030029296875,528.8440063476562,521.1664962768555,53.51211914527878,-0.0015062827396076228,0.01403203484759564,514.3300170898438,0
2025-11-04,MSFT,514.3300170898438,523.2960083007813,520.6839981079102,51.182890102908175,-0.005222157426142293,0.014117063714711792,507.1600036621094,0
2025-11-05,MSFT,507.1600036621094,516.4180114746093,519.7994995117188,46.895610041461325,-0.0139404918816588,0.014519415266574793,497.1000061035156,0
2025-11-06,MSFT,497.1000061035156,510.6860107421875,518.5344985961914,38.795912744754105,-0.019835944250241266,0.015462143392853985,496.82000732421875,0
2025-11-07,MSFT,496.82000732421875,506.4880126953125,517.8274993896484,35.787193234531046,-0.0005632644857351821,0.015113853433001681,506.0,1
2020-12-09,SPY,341.99981689453125,343.5660705566406,337.71565399169924,69.00661363628905,-0.008968903714877685,0.005879709470027395,341.88800048828125,0
2020-12-10,SPY,341.88800048828125,343.5735229492187,338.18457794189453,66.93601297642124,-0.0003269487313336539,0.005833478037018854,341.48712158203125,0
2020-12-11,SPY,341.48712158203125,342.91160888671874,338.794743347168,72.50276855932741,-0.0011725445341089769,0.005843099397290895,339.958251953125,0
2020-12-14,SPY,339.958251953125,342.08562622070315,339.1005264282227,65.16771684766843,-0.004477093079889416,0.00584801756581492,344.5542907714844,1
2020-12-15,SPY,344.5542907714844,341.9774963378906,339.4277572631836,63.75863498993075,0.01351942125821104,0.00638140924458572,345.0949401855469,1
2020-12-16,SPY,345.0949401855469,342.5965209960938,339.87291107177737,66.17731606718714,0.0015691269229356486,0.006373267860605745,347.0247802734375,1
2020-12-17,SPY,347.0247802734375,343.623876953125,340.61685943603516,67.59507386426833,0.005592200473449438,0.006517906155170112,345.6391296386719,0
2020-12-18,SPY,345.6391296386719,344.45427856445315,341.22160186767576,68.03627044346163,-0.003992944347299354,0.006205027560268621,344.4033203125,0
2020-12-21,SPY,344.4033203125,345.3432922363281,341.878759765625,58.01666281169784,-0.00357543235183988,0.006286191956702396,343.8228454589844,0
2020-12-22,SPY,343.8228454589844,345.19700317382814,342.40760498046876,54.8488644123317,-0.0016854508051459272,0.006225458499893248,344.1318054199219,1
2020-12-23,SPY,344.1318054199219,345.00437622070314,342.6834060668945,55.783947413267526,0.0008986021871963956,0.005440387919925427,345.4705810546875,1
2020-12-24,SPY,345.4705810546875,344.69353637695315,343.0522521972656,51.95913601183138,0.0038902990472851062,0.00552041052931781,348.4385070800781,1
2020-12-28,SPY,348.4385070800781,345.2534118652344,343.522412109375,60.44947626877982,0.0085909660276422,0.005930514341036018,347.773681640625,0
2020-12-29,SPY,347.773681640625,345.9274841308594,344.03437957763674,56.609224007668,-0.0019080136837469341,0.0056669550881341835,348.2699279785156,1
2020-12-30,SPY,348.2699279785156,346.8169006347656,344.3865737915039,67.43349706998279,0.001426923209224995,0.004069515467556275,350.0393981933594,1
2020-12-31,SPY,350.0393981933594,347.9984191894531,344.79134674072264,70.70136186262758,0.005080743620657691,0.004263250666331571,345.27398681640625,0
2021-01-04,SPY,345.27398681640625,347.9591003417969,344.96250915527344,58.1031351613062,-0.013613928607889902,0.006107871282645481,347.6520080566406,1
2021-01-05,SPY,347.6520080566406,347.8018005371094,345.1052749633789,65.69943312132094,0.006887345502512021,0.006377440809426089,349.7304382324219,1
2021-01-06,SPY,349.7304382324219,348.1931518554687,345.3873886108398,61.701029631232295,0.005978478845554802,0.00639815096333845,354.9266052246094,1
2021-01-07,SPY,354.9266052246094,349.5244873046875,345.878971862793,68.22761119450423,0.014857634406800546,0.0075094944702498575,356.9488525390625,1
2021-01-08,SPY,356.9488525390625,350.9063781738281,346.62642364501954,68.27051808969327,0.005697649273638916,0.007498783812017861,354.542724609375,0
2021-01-11,SPY,354.542724609375,352.7601257324219,347.25915985107423,65.94967747965482,-0.006740819903389927,0.00818888363027235,354.6176452636719,1
2021-01-12,SPY,354.6176452636719,354.15325317382815,347.9156860351562,69.08637155721654,0.0002113162930628132,0.00793545697917655,355.5725402832031,1
2021-01-13,SPY,355.5725402832031,355.32167358398436,348.69640045166017,71.63091426341661,0.002692745361898785,0.007830049692056435,354.3273620605469,0
2021-01-14,SPY,354.3273620605469,355.2018249511719,349.18505401611327,68.2226662891659,-0.003501896467214549,0.008039783266765797,351.7433776855469,0
2021-01-15,SPY,351.7433776855469,354.1607299804688,349.5174758911133,60.87016980607564,-0.0072926470029668344,0.008414474897711948,354.5052795410156,1
2021-01-19,SPY,354.5052795410156,354.1532409667969,349.89150085449216,60.52489361607188,0.007852036543351426,0.007033618540128231,359.4111633300781,1
2021-01-20,SPY,359.4111633300781,355.1119445800781,350.5801025390625,67.44185600943669,0.013838676240348846,0.007799203576122256,359.7388610839844,1
2021-01-21,SPY,359.7388610839844,355.94520874023436,351.34687957763674,67.26559423152548,0.0009117628703294578,0.007774685008283701,358.46551513671875,0
2021-01-22,SPY,358.46551513671875,356.77283935546876,352.0790130615234,62.94572864538215,-0.003539639680374518,0.006723979759191774,359.8792419433594,1
2021-01-25,SPY,359.8792419433594,358.40001220703124,352.8663848876953,74.89470182041111,0.003943829313961755,0.006610119187317812,359.3174743652344,0
2021-01-26,SPY,359.3174743652344,359.362451171875,353.55872955322263,71.20838564456788,-0.001560989111490385,0.006136244392010175,350.5356140136719,0
2021-01-27,SPY,350.5356140136719,357.58734130859375,353.66358489990233,51.50864704848855,-0.024440393184540832,0.010231925452709338,353.5502624511719,1
2021-01-28,SPY,353.5502624511719,356.34962158203126,353.95241394042966,48.16775105417257,0.008600120264477429,0.010638308263404526,346.4723815917969,0
2021-01-29,SPY,346.4723815917969,353.95099487304685,353.86253662109374,36.188125248580555,-0.020019447334882146,0.01230470592423073,352.2396240234375,1
2021-02-01,SPY,352.2396240234375,352.4230712890625,353.97254791259763,47.54068674600313,0.016645605070003677,0.013470814609118281,357.2203063964844,1
2021-02-02,SPY,357.2203063964844,352.0036376953125,354.5698638916016,53.205845473785935,0.014140039999348541,0.014002744008915342,357.5012512207031,1
2021-02-03,SPY,357.5012512207031,353.3967651367187,355.0623260498047,52.503871722814644,0.0007864749544974625,0.013245565123414908,361.564453125,1
2021-02-04,SPY,361.564453125,354.9996032714844,355.6540267944336,57.86698156862868,0.011365559953770532,0.013767506295159746,362.98760986328125,1
2021-02-05,SPY,362.98760986328125,358.3026489257812,356.0570770263672,62.33453339309554,0.003936108005034633,0.013721112131396629,365.6090087890625,1
2021-02-08,SPY,365.6090087890625,360.9765258789063,356.4900848388672,62.15323766042992,0.007221731140543808,0.013828965817669426,365.3655700683594,0
2021-02-09,SPY,365.3655700683594,362.60557861328124,357.0312271118164,57.354925647956954,-0.0006658444262886976,0.013808628221367027,365.20635986328125,0
2021-02-10,SPY,365.20635986328125,364.1466003417969,357.5606628417969,56.81038943577538,-0.00043575590619648885,0.010418928536490553,365.7962646484375,1
2021-02-11,SPY,365.7962646484375,364.9929626464844,358.0718490600586,59.15791561711282,0.0016152642724434063,0.010321678064683298,367.6032409667969,1
2021-02-12,SPY,367.6032409667969,365.9160888671875,358.7356430053711,59.50747462675135,0.00493984354951249,0.006213725399484306,367.28485107421875,0
2021-02-16,SPY,367.28485107421875,366.2512573242187,359.51271667480466,59.864928656208484,-0.000866123736397828,0.005260573147991706,367.3691101074219,1
2021-02-17,SPY,367.3691101074219,366.65196533203124,360.155908203125,75.96170979226521,0.00022941058678749293,0.004038386089005063,365.8056335449219,0
2021-02-18,SPY,365.8056335449219,366.7718200683594,360.4756317138672,69.87818366018342,-0.004255873777854746,0.004595811434387241,365.15960693359375,0
2021-02-19,SPY,365.15960693359375,366.6444885253906,360.74666900634764,88.39888772737929,-0.0017660378957744527,0.0034547744053538545,362.35089111328125,0
2021-02-22,SPY,362.35089111328125,365.5940185546875,360.9409378051758,73.82762121439194,-0.00769174839434883,0.004225771493261336,362.7909240722656,1
2021-02-23,SPY,362.7909240722656,364.6952331542969,361.0865219116211,66.62834640854966,0.0012143835430691308,0.0034061086215962056,366.78863525390625,1
2021-02-24,SPY,366.78863525390625,364.5791381835937,361.4600799560547,72.59599908034299,0.011019325226681476,0.005051911252037195,357.95062255859375,0
2021-02-25,SPY,357.95062255859375,363.0081359863281,361.8308303833008,43.13755587254309,-0.024095655769689972,0.009268036830525966,356.106201171875,0
2021-02-26,SPY,356.106201171875,361.19745483398435,361.95862731933596,36.86954465324379,-0.005152725740592445,0.009224493553088116,364.73828125,1
2021-03-01,SPY,364.73828125,361.6749328613281,362.8719223022461,49.05238571543052,0.02424018466883915,0.012444359711571614,361.89215087890625,0
2021-03-02,SPY,361.89215087890625,361.49517822265625,363.3545486450195,45.379656803582535,-0.007803212652479852,0.012645602114451971,357.0986022949219,0
2021-03-03,SPY,357.0986022949219,359.5571716308594,363.3484634399414,40.00385908959306,-0.013245793179936571,0.01315946656615255,352.6796569824219,0
2021-03-04,SPY,352.6796569824219,358.502978515625,363.10738372802734,35.02517183682562,-0.012374580253468714,0.013508257820267395,359.167724609375,1
2021-03-05,SPY,359.167724609375,359.115283203125,362.98754730224607,41.63138991811963,0.018396489557878093,0.01520489286729509,357.3796081542969,0
2021-03-08,SPY,357.3796081542969,357.6435485839844,362.7071472167969,40.37681718099193,-0.004978499827685945,0.015106998569665677,362.4819641113281,1
2021-03-09,SPY,362.4819641113281,357.7615112304687,362.55079498291013,45.94163454661143,0.0142771323282338,0.01589087613159179,364.73828125,1
2021-03-10,SPY,364.73828125,359.28944702148436,362.51943054199216,49.43070736769672,0.0062246328426396325,0.015591921604413436,368.4363708496094,1
2021-03-11,SPY,368.4363708496094,362.4407897949219,362.6809310913086,53.16093433964679,0.010139022388699015,0.013432396859392744,368.9326477050781,1
2021-03-12,SPY,368.9326477050781,364.3937744140625,362.83775024414064,56.215727210315386,0.001346981174318751,0.013149841664883666,371.1328125,1
2021-03-15,SPY,371.1328125,367.1444152832031,363.0142288208008,57.521413339367854,0.005963594733640054,0.011071704631137384,370.6647033691406,0
2021-03-16,SPY,370.6647033691406,368.7809631347656,363.1832214355469,53.905107822442645,-0.0012612981528260514,0.010625885254287152,371.9285583496094,1
2021-03-17,SPY,371.9285583496094,370.2190185546875,363.41119384765625,65.20861674733736,0.0034096987627389996,0.009086305493447017,366.5172424316406,0
2021-03-18,SPY,366.5172424316406,369.83519287109374,363.4467742919922,60.775230915168756,-0.014549342330636983,0.009539531884587178,365.8389587402344,0
2021-03-19,SPY,365.8389587402344,369.216455078125,363.4807418823242,51.594786546793294,-0.001850618778276858,0.008170563486469285,368.76025390625,1
2021-03-22,SPY,368.76025390625,368.741943359375,363.8012100219727,58.39746282276988,0.007985194294438003,0.007989268152668514,365.85772705078125,0
2021-03-23,SPY,365.85772705078125,367.7805480957031,363.9545501708984,61.23464264247422,-0.007871040397446571,0.0076294110948461735,363.9979553222656,0
2021-03-24,SPY,363.9979553222656,366.1944274902344,363.8150161743164,65.55524675606513,-0.005083319528351726,0.007599318091734583,366.0456237792969,1
2021-03-25,SPY,366.0456237792969,366.1001037597656,364.2197662353516,60.69807805193345,0.0056254943938307544,0.0070313356626108955,371.9444274902344,1
2021-03-26,SPY,371.9444274902344,367.3211975097656,365.01167755126954,69.89682085491735,0.016114941219715684,0.008816569929390505,371.756591796875,0
2021-03-29,SPY,371.756591796875,367.92046508789065,365.36259307861326,64.60756123300953,-0.0005050101022532338,0.008634996394638264,370.77032470703125,0
2021-03-30,SPY,370.77032470703125,368.9029846191406,365.8065017700195,59.964188453162464,-0.002652991531573501,0.00867232535371824,372.273193359375,1
2021-03-31,SPY,372.273193359375,370.5580322265625,366.5652313232422,56.85143704658827,0.004053368223390752,0.008702267639615732,376.2933654785156,1
2021-04-01,SPY,376.2933654785156,372.6075805664062,367.74591674804685,61.50051930198361,0.01079898362507059,0.0075705897344476095,381.69439697265625,1
2021-04-05,SPY,381.69439697265625,374.5575744628906,368.87225036621095,64.86106359361223,0.01435324666772253,0.008205050304419223,381.46893310546875,0
2021-04-06,SPY,381.46893310546875,376.5000427246094,370.0767166137695,65.31678885156883,-0.0005906921059772863,0.008223128686659567,381.9104309082031,1
2021-04-07,SPY,381.9104309082031,378.7280639648437,371.04813995361326,64.47853474972176,0.001157362407313789,0.007287597756053019,383.7232666015625,1
2021-04-08,SPY,383.7232666015625,381.01807861328126,371.9973892211914,77.75044789722313,0.004746756167534727,0.00649733323717854,386.5129699707031,1
2021-04-09,SPY,386.5129699707031,383.06199951171874,372.9012191772461,81.19204079326201,0.007270091787364263,0.006526948631262408,386.6539001464844,1
2021-04-12,SPY,386.6539001464844,384.05390014648435,373.7872817993164,79.42666191968935,0.0003646195256834517,0.0054923935207188196,387.79986572265625,1
2021-04-13,SPY,387.79986572265625,385.32008666992186,374.6206344604492,88.42167408865905,0.0029638019317475006,0.005289082314193268,386.4754333496094,0
2021-04-14,SPY,386.4754333496094,386.23308715820315,375.41117095947266,90.39846774095766,-0.003415247116135056,0.005403812836529655,390.62713623046875,1
2021-04-15,SPY,390.62713623046875,387.6138610839844,376.3460998535156,91.01468628637642,0.010742475517463657,0.005788082481043589,391.93280029296875,1
2021-04-16,SPY,391.93280029296875,388.6978271484375,377.616877746582,89.3006860867382,0.003342481720802981,0.005402441781231552,390.0072021484375,0
2021-04-19,SPY,390.0072021484375,389.3684875488281,378.8252899169922,83.78477918005007,-0.004913082403646407,0.004730679741105134,387.1517639160156,0
2021-04-20,SPY,387.1517639160156,389.2388671875,379.74486541748047,78.64035068350259,-0.007321501286879029,0.005570841354217332,390.81500244140625,1
2021-04-21,SPY,390.81500244140625,390.1067810058594,380.9927291870117,80.05886216765941,0.009462022046179408,0.006108204839254658,387.2455749511719,0
2021-04-22,SPY,387.2455749511719,389.43046875,382.15511016845704,68.19392997053845,-0.00913329188474421,0.007007396297265598,391.44427490234375,1
2021-04-23,SPY,391.44427490234375,389.332763671875,383.4250427246094,66.729791058235,0.010842473672426856,0.007443655338815524,392.2614440917969,1
2021-04-26,SPY,392.2614440917969,389.7836120605469,384.4408935546875,68.12982828218767,0.0020875747631179387,0.0074397058417102,392.1769714355469,0
2021-04-27,SPY,392.1769714355469,390.7886535644531,385.46191253662107,67.45869543023187,-0.0002153478439502754,0.007436504329120574,392.06427001953125,0
2021-04-28,SPY,392.06427001953125,391.03850708007815,386.52660980224607,65.05615061512759,-0.00028737387512345336,0.007287538733567836,394.5627136230469,1
2021-04-29,SPY,394.5627136230469,392.50193481445314,387.6410858154297,64.61727048881501,0.006372535817638081,0.0067826463729381715,391.9703369140625,0
2021-04-30,SPY,391.9703369140625,392.6071472167969,388.42493438720703,58.985031861802554,-0.006570252635328955,0.007121975026013338,392.815673828125,1
2021-05-03,SPY,392.815673828125,392.7179931640625,388.98099822998046,58.5543145218191,0.002156634914564526,0.0069246707614589575,390.392333984375,0
2021-05-04,SPY,390.392333984375,392.36106567382814,389.42716827392576,56.528935029877275,-0.00616915262095763,0.006783778746272429,390.51446533203125,1
2021-05-05,SPY,390.51446533203125,392.0511047363281,389.8573699951172,49.97582549388005,0.00031284258686570254,0.006073728490417686,393.6329345703125,1
2021-05-06,SPY,393.6329345703125,391.8651489257812,390.3528533935547,53.12178691378255,0.007985540908528987,0.0056285359571459385,396.4977722167969,1
2021-05-07,SPY,396.4977722167969,392.7706359863281,390.8520935058594,61.02483271936666,0.007277941947646305,0.005066626706093449,392.5715026855469,0
2021-05-10,SPY,392.5715026855469,392.7218017578125,391.1479736328125,59.025510300382386,-0.009902374758118948,0.006159146378357313,389.0679016113281,0
2021-05-11,SPY,389.0679016113281,392.4569152832031,391.2113754272461,47.336969196968845,-0.008924746320736254,0.006791408409884143,380.8020324707031,0
2021-05-12,SPY,380.8020324707031,390.5144287109375,390.9277053833008,40.99114087128708,-0.021245312467031652,0.00936890920719422,385.37640380859375,1
2021-05-13,SPY,385.37640380859375,388.8631225585938,390.66516876220703,41.74550940807407,0.012012465658892024,0.010126300886933365,391.2940979003906,1
2021-05-14,SPY,391.2940979003906,387.8223876953125,390.63323364257815,49.12156512283959,0.01535562124020462,0.011394835418022147,390.2983703613281,0
2021-05-17,SPY,390.2983703613281,387.3677612304688,390.64779205322264,48.05337746861893,-0.0025447037008873297,0.011387723605332627,386.9356689453125,0
2021-05-18,SPY,386.9356689453125,386.9413146972656,390.6369873046875,44.5867728220874,-0.00861571984761944,0.011546222789275811,385.9212341308594,0
2021-05-19,SPY,385.9212341308594,387.96515502929685,390.39229888916014,40.37873844892367,-0.002621714398205355,0.01155127273910852,390.07293701171875,1
2021-05-20,SPY,390.07293701171875,388.9044616699219,390.5336669921875,48.20301514462528,0.010757902166771194,0.011824198149070805,389.75360107421875,0
2021-05-21,SPY,389.75360107421875,388.5963623046875,390.4491333007812,46.88327788283648,-0.0008186569925777709,0.011478322255961322,393.726806640625,1
2021-05-24,SPY,393.726806640625,389.28204956054685,390.5224014282227,53.88936585939056,0.010194147162349454,0.011632100791609059,392.853271484375,0
2021-05-25,SPY,392.853271484375,390.4655700683594,390.55621643066405,52.77722202822277,-0.002218632669955145,0.01122381188502594,393.6329345703125,1
2021-05-26,SPY,393.6329345703125,392.00791015625,390.6346496582031,50.3017349289744,0.0019846165032344487,0.008060408006536098,393.839599609375,1
2021-05-27,SPY,393.839599609375,392.76124267578126,390.5984939575195,47.18621889099595,0.0005250196843618049,0.007486609829880715,394.5439758300781,1
2021-05-28,SPY,394.5439758300781,393.7193176269531,390.7271759033203,52.825461165338275,0.001788485011161356,0.005898497376920988,394.196533203125,0
2021-06-01,SPY,394.196533203125,393.8132629394531,390.7962188720703,57.46632977167792,-0.0008806182535727736,0.005815187013094095,394.8164367675781,1
2021-06-02,SPY,394.8164367675781,394.2058959960938,391.01742401123045,75.3792736054572,0.0015725748763337766,0.004733333462090651,393.35113525390625,0
2021-06-03,SPY,393.35113525390625,394.1495361328125,391.15925750732424,66.32884993299075,-0.0037113488122949567,0.004863037940127172,396.9485778808594,1
2021-06-04,SPY,396.9485778808594,394.7713317871094,391.3250396728516,62.68474992152881,0.00914562665398444,0.004554379638872359,396.5635070800781,0
2021-06-07,SPY,396.5635070800781,395.17523803710935,391.3283264160156,64.45349447517413,-0.0009700772902045962,0.004564139853582663,396.64801025390625,1
2021-06-08,SPY,396.64801025390625,395.6655334472656,391.5321517944336,76.32813259261798,0.00021308862847790877,0.003471127377578976,396.05633544921875,0
2021-06-09,SPY,396.05633544921875,395.91351318359375,391.88157348632814,78.19215257429153,-0.0014916873131639585,0.0034092279679331094,397.8973083496094,1
2021-06-10,SPY,397.8973083496094,396.8227478027344,392.73633728027346,74.87470556950528,0.004648260198394594,0.0036087581572634736,398.5548095703125,1
2021-06-11,SPY,398.5548095703125,397.143994140625,393.3952575683594,77.38258763971258,0.0016524394784933616,0.0036069674614700284,399.44720458984375,1
2021-06-14,SPY,399.44720458984375,397.7207336425781,393.802912902832,71.93723156054372,0.002239077281474433,0.0036179796252030698,398.7145080566406,0
2021-06-15,SPY,398.7145080566406,398.134033203125,394.22371978759764,72.78389097424767,-0.0018342762817816771,0.0036919507347311998,396.48834228515625,0
2021-06-16,SPY,396.48834228515625,398.2204345703125,394.7013534545898,60.08550556144488,-0.005583357832487312,0.004251291549399546,396.3568115234375,0
2021-06-17,SPY,396.3568115234375,397.91233520507814,395.22313232421874,58.951684439885604,-0.00033173929140184466,0.004013081171948497,391.0098571777344,0
2021-06-18,SPY,391.0098571777344,396.4033447265625,395.26997833251954,40.76477552581394,-0.01349025471557197,0.005020530792880987,396.6075439453125,1
2021-06-21,SPY,396.6075439453125,395.8354125976563,395.61267547607423,55.20776662085753,0.014315973535760973,0.007096102744487382,398.72784423828125,1
2021-06-22,SPY,398.72784423828125,395.83807983398435,395.862727355957,57.80920770122445,0.005346091685187737,0.0072934223251965346,398.2472839355469,0
2021-06-23,SPY,398.2472839355469,396.1898681640625,396.13242797851564,60.12844921898223,-0.0012052338698653742,0.00728508312132728,400.60321044921875,1
2021-06-24,SPY,400.60321044921875,397.0391479492188,396.48094177246094,57.95447003347987,0.005915737805893384,0.007374291205369444,402.0261535644531,1
2021-06-25,SPY,402.0261535644531,399.2424072265625,396.89026947021483,61.279747309964634,0.0035520012773706533,0.0074257673156724125,402.8366394042969,1
2021-06-28,SPY,402.8366394042969,400.48822631835935,397.3049026489258,62.37699558152894,0.0020160027716051854,0.007421606221604385,403.05340576171875,1
2021-06-29,SPY,403.05340576171875,401.35333862304685,397.7477462768555,64.18479056156596,0.0005380999050692559,0.00736324152911938,403.39263916015625,1
2021-06-30,SPY,403.39263916015625,402.3824096679688,398.1765563964844,61.86862177928414,0.0008416586824180339,0.006985167610069053,405.6261291503906,1
2021-07-01,SPY,405.6261291503906,403.3869934082031,398.7903060913086,64.22915460518965,0.005536764366559588,0.007037179534287786,408.7264404296875,1
2021-07-02,SPY,408.7264404296875,404.72705078125,399.37919921875,67.06571064140233,0.0076432730943409855,0.0044559866723256165,407.98199462890625,0
2021-07-06,SPY,407.98199462890625,405.75612182617186,399.9501235961914,67.07840492681265,-0.0018213791111694189,0.003243024888990905,409.4237976074219,1
2021-07-07,SPY,409.4237976074219,407.0302001953125,400.5889129638672,74.50586003364344,0.003533986787400023,0.0031360668932176186,406.0877990722656,0
2021-07-08,SPY,406.0877990722656,407.56923217773436,401.09048614501955,66.62596590121701,-0.008148032807694716,0.004539938479721456,410.4226989746094,1
2021-07-09,SPY,410.4226989746094,408.52854614257814,401.71675567626954,84.28075461592853,0.010674784891954614,0.005201777602060016,411.8928527832031,1
2021-07-12,SPY,411.8928527832031,409.1618286132813,402.38365783691404,81.48514688623476,0.0035820480014061573,0.005202502024725499,410.4886779785156,0
2021-07-13,SPY,410.4886779785156,409.6631652832031,402.9357315063477,75.03558171514169,-0.0034090778589610515,0.005524490958123019,411.1012878417969,1
2021-07-14,SPY,411.1012878417969,409.9986633300781,403.5550704956055,77.21072119070249,0.00149239162039283,0.005506618528511868,409.6971130371094,0
2021-07-15,SPY,409.6971130371094,410.72052612304685,404.21550903320315,70.11992032959436,-0.0034156419505741997,0.005764045053460612,406.483642578125,0
2021-07-16,SPY,406.483642578125,409.93271484375,404.7218505859375,59.2743408404544,-0.007843527222251345,0.006270843897754541,400.4807434082031,0
2021-07-19,SPY,400.4807434082031,407.65029296875,405.1953948974609,46.20296977325002,-0.014767873885031313,0.007254231822394452,406.2197570800781,1
2021-07-20,SPY,406.2197570800781,406.7965087890625,405.6760055541992,54.72748127790322,0.014330311173102572,0.008910477612776063,409.5086364746094,1
2021-07-21,SPY,409.5086364746094,406.477978515625,406.2150451660156,58.210536714797705,0.008096305847287821,0.009244651241276429,410.3662109375,1
2021-07-22,SPY,410.3662109375,406.61179809570314,406.8209915161133,56.6270433858186,0.0020941547662420845,0.008790556540142304,414.5880432128906,1
2021-07-23,SPY,414.5880432128906,408.23267822265626,407.5202331542969,57.85389990045603,0.010287962709565335,0.008744390559519312,415.6058044433594,1
2021-07-26,SPY,415.6058044433594,411.2576904296875,408.1992156982422,60.072481034206355,0.0024548735718028514,0.008715265730078919,413.71160888671875,0
2021-07-27,SPY,413.71160888671875,412.7560607910156,408.74296417236326,55.7122739929839,-0.004557673488650216,0.008786114763312479,413.5420227050781,0
2021-07-28,SPY,413.5420227050781,413.5627380371094,409.26739501953125,60.64392790101458,-0.0004099140028895887,0.008790462567487783,415.2571105957031,1
2021-07-29,SPY,415.2571105957031,414.54091796875,409.8606185913086,57.46802730870301,0.004147312235419642,0.008729143095541667,413.2404479980469,0
2021-07-30,SPY,413.2404479980469,414.2713989257812,410.24133453369143,52.21702604801,-0.004856419182716176,0.008424102750182122,412.37347412109375,0
2021-08-02,SPY,412.37347412109375,413.62493286132815,410.4236862182617,53.063768950098954,-0.0020979889097333393,0.006379910869914285,415.7283630371094,1
2021-08-03,SPY,415.7283630371094,414.0282836914063,410.8110046386719,56.62743959472065,0.008135559454123475,0.005373357032820069,413.68341064453125,0
2021-08-04,SPY,413.68341064453125,414.0565612792969,411.0239852905273,55.670919225895446,-0.004918962895960943,0.005397519822649502,416.3031311035156,1
2021-08-05,SPY,416.3031311035156,414.26576538085936,411.53475189208984,63.87064760567703,0.006332669842628702,0.005651020027255255,416.9910583496094,1
2021-08-06,SPY,416.9910583496094,415.01588745117186,411.86316986083983,77.35594167738427,0.0016524671440021343,0.004736507864731855,416.6518249511719,0
2021-08-09,SPY,416.6518249511719,415.8715576171875,412.10111846923826,70.9896215845821,-0.0008135267930687862,0.0047060556098488535,417.17010498046875,1
2021-08-10,SPY,417.17010498046875,416.1599060058594,412.43518981933596,67.30855048659036,0.0012439163787596463,0.004393166565845322,418.206787109375,1
2021-08-11,SPY,418.206787109375,417.0645812988281,412.7904647827148,67.54347267930854,0.0024850345615123892,0.0043969211807059205,419.46014404296875,1
2021-08-12,SPY,419.46014404296875,417.69598388671875,413.2786163330078,62.51962176806035,0.002996978940148054,0.004323677296581132,420.2234191894531,1
2021-08-13,SPY,420.2234191894531,418.3424560546875,413.9656051635742,62.00726987937909,0.0018196607170530843,0.003799877044073169,421.21295166015625,1
2021-08-16,SPY,421.21295166015625,419.2546813964844,415.00221557617186,70.4128182962911,0.0023547770674270385,0.0035608849092824816,418.45184326171875,0
2021-08-17,SPY,418.45184326171875,419.5110290527344,415.6138198852539,61.82922791762361,-0.006555136511246729,0.0038278038256270765,413.8718566894531,0
2021-08-18,SPY,413.8718566894531,418.64404296875,415.8319808959961,47.2328622894683,-0.010945074435724456,0.00507485857323161,414.5126647949219,1
2021-08-19,SPY,414.5126647949219,417.6545471191406,416.0393035888672,53.00434128819451,0.0015483249105037178,0.004622894943401969,417.8109130859375,1
2021-08-20,SPY,417.8109130859375,417.1720458984375,416.20044708251953,61.12267353558573,0.007956930079922708,0.005315172106155361,421.486328125,1
2021-08-23,SPY,421.486328125,417.2267211914062,416.4944732666016,61.54817205043586,0.008796838292030262,0.005941617451860553,422.1553039550781,1
2021-08-24,SPY,422.1553039550781,417.9674133300781,416.91665802001955,67.92043697415829,0.0015871827517017767,0.005943081894712914,423.0411682128906,1
2021-08-25,SPY,423.0411682128906,419.8012756347656,417.39161529541013,65.35049453209348,0.0020984321398145322,0.005935078782176126,420.5438232421875,0
2021-08-26,SPY,420.5438232421875,421.00750732421875,417.65595092773435,57.592144536250544,-0.005903314283224437,0.006286897368827046,424.3038635253906,1
2021-08-27,SPY,424.3038635253906,422.30609741210935,418.20912170410156,64.12289301816475,0.008940900033235666,0.006858523248865622,426.1697692871094,1
2021-08-30,SPY,426.1697692871094,423.24278564453124,418.89893646240233,65.7773789470408,0.004397569577178961,0.0069337653118865935,425.53839111328125,0
2021-08-31,SPY,425.53839111328125,423.9194030761719,419.3894378662109,63.0690443720188,-0.0014815179755341967,0.0064742793226590335,425.76458740234375,1
2021-09-01,SPY,425.76458740234375,424.4640869140625,419.9934967041016,61.666480912967415,0.0005315531895271342,0.004779019612289613,427.0744934082031,1
2021-09-02,SPY,427.0744934082031,425.7702209472656,420.5320648193359,62.39460175733961,0.0030765968909047814,0.004757251380862174,426.9708251953125,0
2021-09-03,SPY,426.9708251953125,426.30361328125,421.0310531616211,60.77589153960786,-0.0002427403520713911,0.004508087002812738,425.44415283203125,0
2021-09-07,SPY,425.44415283203125,426.1584899902344,421.4706695556641,63.74047876055594,-0.003575589415466207,0.0041759351847311926,424.9259338378906,0
2021-09-08,SPY,424.9259338378906,426.03599853515624,421.8584609985352,75.8132527011349,-0.0012180658511605769,0.004221817458612397,423.1070861816406,0
2021-09-09,SPY,423.1070861816406,425.50449829101564,422.1034759521484,69.12116752305754,-0.00428038750146964,0.004456125437928101,419.7710876464844,0
2021-09-10,SPY,419.7710876464844,424.0438171386719,422.11902313232423,54.48291934537986,-0.007884525322566005,0.004781151263426271,420.84539794921875,1
2021-09-13,SPY,420.84539794921875,422.8187316894531,422.1501220703125,48.540485872957895,0.002559276554175538,0.003742494627981159,418.57427978515625,0
2021-09-14,SPY,418.57427978515625,421.44475708007815,422.0181884765625,41.87936809811558,-0.005396561718696846,0.0035015351363797548,422.0704650878906,1
2021-09-15,SPY,422.0704650878906,420.8736633300781,422.1991195678711,48.16375237920551,0.008352604236764982,0.004754839926649055,421.40142822265625,0
2021-09-16,SPY,421.40142822265625,420.53253173828125,422.5755981445312,52.04955462684441,-0.001585130731891038,0.004735667659194431,417.2964782714844,0
2021-09-17,SPY,417.2964782714844,420.03760986328126,422.71478881835935,34.82408746905317,-0.009741186612692077,0.005214300913143682,410.3384704589844,0
2021-09-20,SPY,410.3384704589844,417.93622436523435,422.3411666870117,21.801924910068706,-0.016674015178180457,0.006831636203512128,409.9508056640625,0
2021-09-21,SPY,409.9508056640625,416.21152954101564,421.76439056396487,21.97906957654166,-0.0009447439682861436,0.0068977519611567945,413.9498291015625,1
2021-09-22,SPY,413.9498291015625,414.58740234375,421.35411682128904,31.53741930741066,0.009754886152796072,0.00810098257542242,418.9792785644531,1
2021-09-23,SPY,418.9792785644531,414.10297241210935,421.15102233886716,38.90091566290952,0.012149901049135714,0.009296637564661476,419.66943359375,1
2021-09-24,SPY,419.66943359375,414.5775634765625,421.1073028564453,40.184518166967266,0.0016472295041929375,0.008989173867941331,418.46875,0
2021-09-27,SPY,418.46875,416.2036193847656,420.81554718017577,40.522139428833725,-0.002861022265710944,0.008981940806240804,410.035888671875,0
2021-09-28,SPY,410.035888671875,416.22063598632815,420.00885314941405,33.14371829092724,-0.020151711037263875,0.010881379656938622,410.7261047363281,1
2021-09-29,SPY,410.7261047363281,415.5758911132813,419.2682388305664,35.65301228646564,0.00168330647029169,0.010368280911242625,405.70599365234375,0
2021-09-30,SPY,405.70599365234375,412.9212341308594,418.2653091430664,34.19012144212472,-0.01222252743639729,0.010781784123155063,410.52752685546875,1
2021-10-01,SPY,410.52752685546875,411.0928527832031,417.4379608154297,39.52418023326839,0.0118843036054741,0.01158249038188393,405.23321533203125,0
2021-10-04,SPY,405.23321533203125,408.44574584960935,416.3510803222656,37.10536338280345,-0.012896361820096458,0.011086232037734801,409.4497375488281,1
2021-10-05,SPY,409.4497375488281,408.328515625,415.55135955810545,38.141431411107206,0.010405174248468319,0.01167987593362602,411.1515197753906,1
2021-10-06,SPY,411.1515197753906,408.4135986328125,414.86263885498045,40.638508036289956,0.0041562664974466035,0.0112845929231718,414.7061462402344,1
2021-10-07,SPY,414.7061462402344,410.2136291503906,414.44259185791014,47.84901720020044,0.00864553891661557,0.010891517120188094,413.9498291015625,0
2021-10-08,SPY,413.9498291015625,410.89808959960936,414.1515289306641,54.23750823401729,-0.0018237422944624715,0.010854050561435728,410.9529113769531,0
2021-10-11,SPY,410.9529113769531,412.0420288085937,413.65690460205076,51.33227140713793,-0.007239809063610214,0.011010412097393379,409.94134521484375,0
2021-10-12,SPY,409.94134521484375,412.1403503417969,413.22525787353516,45.879020566493544,-0.0024615135557015666,0.00895583160193351,411.4161376953125,1
2021-10-13,SPY,411.4161376953125,412.1932739257812,412.6925415039062,41.32671570427941,0.0035975695003289676,0.009015756628838549,418.3364562988281,1
2021-10-14,SPY,418.3364562988281,412.9193359375,412.53929290771487,48.94573223824577,0.016820727165157257,0.00924284905472888,421.5224609375,1
2021-10-15,SPY,421.5224609375,414.4338623046875,412.75059204101564,53.29473850798466,0.00761589048886524,0.008884161466790857,422.7703552246094,1
2021-10-18,SPY,422.7703552246094,416.79735107421874,413.3721862792969,64.90484778727887,0.002960445534347045,0.007012719317014007,426.0320129394531,1
2021-10-19,SPY,426.0320129394531,420.01548461914064,414.1762466430664,66.82147780445959,0.007714963157979371,0.006799470208396535,427.7052917480469,1
2021-10-20,SPY,427.7052917480469,423.2733154296875,414.8640197753906,76.09254778702517,0.0039275893777295234,0.006799265694653023,428.82086181640625,1
2021-10-21,SPY,428.82086181640625,425.3701965332031,415.3560989379883,73.7047247458695,0.002608268099279387,0.006603774446555717,428.37646484375,0
2021-10-22,SPY,428.37646484375,426.7409973144531,415.7914505004883,84.49474459623731,-0.001036323118175475,0.006539317354182515,430.67376708984375,1
2021-10-25,SPY,430.67376708984375,428.3216796875,416.40170135498045,83.4656330182541,0.0053628115329158454,0.0053577419525714645,431.0614013671875,1
2021-10-26,SPY,431.0614013671875,429.3275573730469,417.4529769897461,82.72522135211739,0.0009000647519421534,0.004947463519437355,429.15185546875,0
2021-10-27,SPY,429.15185546875,429.6168701171875,418.3742645263672,75.19507924124862,-0.004429869833812661,0.005788552052003,433.29254150390625,1
2021-10-28,SPY,433.29254150390625,430.5112060546875,419.7535919189453,80.12754632233458,0.009648533455910435,0.004313588921633084,434.1717529296875,1
2021-10-29,SPY,434.1717529296875,431.670263671875,420.93580322265626,88.85205265805644,0.0020291404572292393,0.004080706319891999,434.918701171875,1
2021-11-01,SPY,434.918701171875,432.5192504882813,422.4200775146484,92.23247927602381,0.0017203980617055414,0.004099777135356126,436.6770324707031,1
2021-11-02,SPY,436.6770324707031,433.6423767089844,423.7814422607422,92.2813240601183,0.0040428965093715075,0.0037659337264711523,439.34307861328125,1
2021-11-03,SPY,439.34307861328125,435.6806213378906,425.1910202026367,90.90519395481603,0.006105304250818344,0.003918969833855781,441.4134521484375,1
2021-11-04,SPY,441.4134521484375,437.3048034667969,426.52638549804686,90.44353579198335,0.0047124300710303935,0.003969944832633712,442.9449768066406,1
2021-11-05,SPY,442.9449768066406,439.0594482421875,427.9761428833008,90.52785035588624,0.0034695921720304668,0.0037207184642043672,443.3232116699219,1
2021-11-08,SPY,443.3232116699219,440.7403503417969,429.5946578979492,89.24972690991828,0.0008539093636596995,0.003723723222779451,441.8578796386719,0
2021-11-09,SPY,441.8578796386719,441.7765197753906,431.19048461914065,82.53546717879907,-0.0033053356843878445,0.004184322783509951,438.30316162109375,0
2021-11-10,SPY,438.30316162109375,441.56853637695315,432.5348358154297,69.78798597486579,-0.008044935218729177,0.00493662149020435,438.4449462890625,1
2021-11-11,SPY,438.4449462890625,440.97483520507814,433.5402603149414,71.28203437438056,0.00032348538724735754,0.004179907473946318,441.7538146972656,1
2021-11-12,SPY,441.7538146972656,440.7366027832031,434.5518280029297,72.37983750759683,0.007546827569137049,0.004641571250768265,441.90509033203125,1
2021-11-15,SPY,441.90509033203125,440.452978515625,435.5085647583008,72.10760483112462,0.000342443301523776,0.004662704622792113,443.654052734375,1
2021-11-16,SPY,443.654052734375,440.8122131347656,436.38966674804686,79.76885357998819,0.003957778356953545,0.004657834190462376,442.5762939453125,0
2021-11-17,SPY,442.5762939453125,441.6668395996094,437.13321685791016,71.81157884673178,-0.002429277457108636,0.004519666396725519,444.0794677734375,1
2021-11-18,SPY,444.0794677734375,442.7937438964844,437.8961471557617,72.57855550570486,0.003396417405742813,0.004409040053235187,443.2854309082031,0
2021-11-19,SPY,443.2854309082031,443.1000671386719,438.6415954589844,69.06197048544476,-0.0017880512900441126,0.004343286978107287,442.0374755859375,0
2021-11-22,SPY,442.0374755859375,443.1265441894531,439.20978088378905,62.553546009710914,-0.0028152410055723998,0.004425350951104097,442.6236267089844,1
2021-11-23,SPY,442.6236267089844,442.920458984375,439.7878921508789,58.514726531583186,0.001326021333982741,0.004314703521309709,443.8053894042969,1
2021-11-24,SPY,443.8053894042969,443.16627807617186,440.52056884765625,56.51008307560209,0.0026699042346636226,0.0032418467874063706,433.9070739746094,0
2021-11-26,SPY,433.9070739746094,441.1317993164063,440.5512954711914,33.413766057997066,-0.0223032790182508,0.008147424715347053,439.2297058105469,1
2021-11-29,SPY,439.2297058105469,440.320654296875,440.8041931152344,43.89339631320775,0.012266755153775177,0.008808118592195314,430.6833190917969,0
2021-11-30,SPY,430.6833190917969,438.04982299804686,440.5924240112305,35.89750140133356,-0.019457670111311498,0.010626144963698946,425.89959716796875,0
2021-12-01,SPY,425.89959716796875,434.70501708984375,440.0535522460938,34.699091616181846,-0.011107283964272852,0.010673899688395477,432.4227600097656,1
2021-12-02,SPY,432.4227600097656,432.4284912109375,439.707536315918,43.87271213024508,0.01531619866553724,0.012317129956920352,428.66015625,0
2021-12-03,SPY,428.66015625,431.3791076660156,439.0698715209961,36.407499099993416,-0.00870121581870631,0.012295054206425063,433.7369079589844,1
2021-12-06,SPY,433.7369079589844,430.2805480957031,438.6094680786133,42.53397013746761,0.011843302054001859,0.01322166886835183,442.70867919921875,1
2021-12-07,SPY,442.70867919921875,432.6856201171875,438.5787414550781,49.596411966897634,0.020684823162622656,0.015042708952257193,443.8809814453125,1
2021-12-08,SPY,443.8809814453125,436.2818969726562,438.67989654541014,51.45927453023024,0.0026480218282918244,0.015058979684041098,440.8841247558594,0
2021-12-09,SPY,440.8841247558594,437.974169921875,438.80894470214844,47.79164944635031,-0.006751487030814296,0.01519431994410726,445.0343322753906,1
2021-12-10,SPY,445.0343322753906,441.24900512695314,439.13841400146487,51.708096886511235,0.009413374822305975,0.013348606020250271,441.09210205078125,0
2021-12-13,SPY,441.09210205078125,442.7200439453125,439.10532836914064,49.67041886925335,-0.008858260899677894,0.013323081939230524,438.0572814941406,0
2021-12-14,SPY,438.0572814941406,441.7897644042969,438.9129379272461,47.099758674159354,-0.006880242340614906,0.011727488386764306,444.9020690917969,1
2021-12-15,SPY,444.9020690917969,441.9939819335938,438.9753387451172,51.08763170539632,0.01562532546955908,0.011513201166429862,440.97857666015625,0
2021-12-16,SPY,440.97857666015625,442.01287231445315,438.89545288085935,55.43744078349256,-0.008818777668644806,0.011508198029712534,436.28533935546875,0
2021-12-17,SPY,436.28533935546875,440.26307373046876,438.50574645996096,48.18605145032448,-0.010642778477432446,0.011723547098750536,431.6460876464844,0
2021-12-20,SPY,431.6460876464844,438.3738708496094,437.923779296875,51.060492517370996,-0.010633526480257172,0.011744320261327403,439.311767578125,1
2021-12-21,SPY,439.311767578125,438.62476806640626,437.78749389648436,60.35212861378842,0.017759178528495623,0.011183155198779007,443.70428466796875,1
2021-12-22,SPY,443.70428466796875,438.3852111816406,437.8415267944336,58.93961601333358,0.009998632893580828,0.01166009142969568,446.4649963378906,1
2021-12-23,SPY,446.4649963378906,439.4824951171875,437.9745071411133,64.17414412631936,0.0062219630626010325,0.011543974751866174,452.7834777832031,1
2021-12-27,SPY,452.7834777832031,442.78212280273436,438.91832733154297,64.72898053743262,0.014152243730504166,0.012001400727657334,452.4134826660156,0
2021-12-28,SPY,452.4134826660156,446.93560180664065,439.57751617431643,58.67370603754243,-0.000817156842822464,0.011465941053519004,452.99224853515625,1
2021-12-29,SPY,452.99224853515625,449.67169799804685,440.6929626464844,58.231282742592086,0.0012792851922316384,0.010997368796900789,451.7398986816406,0
2021-12-30,SPY,451.7398986816406,451.27882080078126,441.98497772216797,60.105580385392244,-0.0027646165195218675,0.01023969131617049,450.60137939453125,0
2021-12-31,SPY,450.60137939453125,452.10609741210936,442.89390869140624,55.600025532130445,-0.0025202982743655067,0.009709416192767762,453.21038818359375,1
2022-01-03,SPY,453.21038818359375,452.1914794921875,444.1214202880859,62.18098295299633,0.005790059481327381,0.008623574927449735,453.0585632324219,0
2022-01-04,SPY,453.0585632324219,452.32049560546875,445.08750305175784,65.97191080188139,-0.000334998833059319,0.007199541837361938,444.35894775390625,0
2022-01-05,SPY,444.35894775390625,450.5938354492188,445.1700164794922,49.75987353085464,-0.01920196677543573,0.009090238496930221,443.9414978027344,0
2022-01-06,SPY,443.9414978027344,449.0341552734375,445.1730422973633,53.564349486966684,-0.0009394431085093524,0.008553481489831824,442.18634033203125,0
2022-01-07,SPY,442.18634033203125,447.3511474609375,445.2381530761719,57.282456281686414,-0.00395357829666787,0.008345209647522075,441.6360778808594,0
2022-01-10,SPY,441.6360778808594,445.0362854003906,445.0682403564453,63.46600173031347,-0.0012444130471300774,0.006460732249668126,445.65863037109375,1
2022-01-11,SPY,445.65863037109375,443.556298828125,445.29656677246095,59.43097638242908,0.00910829683466119,0.007432341508010382,446.8634948730469,1
2022-01-12,SPY,446.8634948730469,444.0572082519531,445.73687744140625,55.26448155230438,0.0027035592263744412,0.007504352363543408,440.70635986328125,0
2022-01-13,SPY,440.70635986328125,443.4101806640625,445.52709197998047,42.03343878375312,-0.013778558956834996,0.008481935731397777,440.8866271972656,1
2022-01-14,SPY,440.8866271972656,443.1502380371094,445.5224945068359,29.74810258201238,0.00040904182558265667,0.008529196927030528,433.0787048339844,0
2022-01-18,SPY,433.0787048339844,441.4387634277344,445.3621627807617,23.600171327314698,-0.017709592175468192,0.009302510960232347,428.5816955566406,0
2022-01-19,SPY,428.5816955566406,438.02337646484375,445.20894317626954,19.826630057488856,-0.01038381529072785,0.009345954745621143,423.83819580078125,0
2022-01-20,SPY,423.83819580078125,433.41831665039064,444.43526458740234,18.166180646053775,-0.011067900951062581,0.00831830412640184,415.5179748535156,0
2022-01-21,SPY,415.5179748535156,428.3806396484375,443.0259490966797,15.492511341486178,-0.019630653937514397,0.009411169199669184,417.2825622558594,1
2022-01-24,SPY,417.2825622558594,423.6598266601562,441.56682739257815,14.355547992220849,0.004246717372373254,0.010001734615283682,412.1879577636719,0
2022-01-25,SPY,412.1879577636719,419.48167724609374,439.53705139160155,13.008976465748688,-0.01220900404906855,0.01005564113922642,411.1539001464844,0
2022-01-26,SPY,411.1539001464844,415.9961181640625,437.474072265625,14.985095800252722,-0.0025087040941170757,0.008571039207147675,409.1236267089844,0
2022-01-27,SPY,409.1236267089844,413.05320434570314,435.28064117431643,14.458994950655892,-0.004937989003087839,0.007819089667604882,419.2843933105469,1
2022-01-28,SPY,419.2843933105469,413.8064880371094,433.6578659057617,30.646229389594012,0.024835443221151277,0.012928775342159624,426.83612060546875,1
2022-01-31,SPY,426.83612060546875,415.7171997070312,432.46960296630857,39.140780602487354,0.018010990667445714,0.014794783264320375,429.72021484375,1
2022-02-01,SPY,429.72021484375,419.22365112304686,431.2950942993164,38.181570973713946,0.006756912311427943,0.014124693800552002,433.8946228027344,1
2022-02-02,SPY,433.8946228027344,423.77179565429685,430.336897277832,40.956160016444365,0.009714246188074371,0.014021410733841175,423.69586181640625,0
2022-02-03,SPY,423.69586181640625,426.6862426757813,429.30374298095705,38.555308751323054,-0.02350515643740736,0.015694246711488023,425.6882019042969,1
2022-02-04,SPY,425.6882019042969,427.9670043945313,428.39107818603514,40.105056664026016,0.004702288286105416,0.014105015819862498,424.3220520019531,0
2022-02-07,SPY,424.3220520019531,427.4641906738281,427.49786376953125,43.839576472956246,-0.0032092735862360167,0.014199790806929572,427.8133239746094,1
2022-02-08,SPY,427.8133239746094,427.0828125,426.8067260742188,49.81303605582781,0.00822788246847983,0.013414076212657767,434.0748291015625,1
2022-02-09,SPY,434.0748291015625,427.1188537597656,426.2275360107422,57.99641665118549,0.014636068528161905,0.013611131849535555,426.2764587402344,0
2022-02-10,SPY,426.2764587402344,427.6349731445313,425.19818420410155,58.61760054896129,-0.017965497740260572,0.015248590133216583,417.8707275390625,0
2022-02-11,SPY,417.8707275390625,426.07147827148435,424.0564025878906,50.827557081124986,-0.01971896648014093,0.015063858039327407,416.5046081542969,0
2022-02-14,SPY,416.5046081542969,424.50798950195315,422.83730163574216,53.632434424624606,-0.0032692392520792257,0.013635255905338548,423.2215576171875,1
2022-02-15,SPY,423.2215576171875,423.5896362304687,422.34444427490234,58.656525358240735,0.01612695113424123,0.014618135391030676,423.69586181640625,1
2022-02-16,SPY,423.69586181640625,421.5138427734375,422.10015258789065,60.61216920898399,0.001120699526482527,0.014135076276043644,414.6451416015625,0
2022-02-17,SPY,414.6451416015625,419.1875793457031,421.6404998779297,47.10873678205607,-0.02136136089704266,0.01378952167143301,411.9603271484375,0
2022-02-18,SPY,411.9603271484375,418.0054992675781,421.4626174926758,39.08746333772458,-0.006474969036788791,0.013631587381179713,407.5393371582031,0
2022-02-22,SPY,407.5393371582031,416.2124450683594,420.97545623779297,33.91808274334258,-0.010731591609406177,0.013838821294300075,400.31005859375,0
2022-02-23,SPY,400.31005859375,411.63014526367186,420.3815612792969,26.550273450384495,-0.017738848511810734,0.013737574034883182,406.33441162109375,1
2022-02-24,SPY,406.33441162109375,408.15785522460936,420.14058685302734,37.336765572170314,0.015049217220538313,0.013808764910552397,415.2998046875,1
2022-02-25,SPY,415.2998046875,408.2887878417969,420.44939575195315,43.45932299822598,0.022064075328098065,0.015776419161448788,414.2372131347656,0
2022-02-28,SPY,414.2372131347656,408.7441650390625,420.19703674316406,43.619041834753666,-0.002558613177133462,0.014582695473583878,407.9282531738281,0
2022-03-01,SPY,407.9282531738281,408.8219482421875,419.251643371582,37.4889182391088,-0.015230307082248928,0.015283492833143043,415.4326171875,1
2022-03-02,SPY,415.4326171875,411.8464599609375,418.53726348876955,38.74049883052673,0.018396284040846034,0.015595772387518666,413.3644714355469,0
2022-03-03,SPY,413.3644714355469,413.2524719238281,417.51075592041013,41.618501252398175,-0.0049782941117011426,0.015590440196717237,410.00592041015625,0
2022-03-04,SPY,410.00592041015625,412.1936950683594,416.82625885009764,44.57470245399322,-0.008124914591055465,0.014306658823453515,397.9192810058594,0
2022-03-07,SPY,397.9192810058594,408.93010864257815,415.4378128051758,38.407423779296664,-0.029479182623035838,0.016894393065441302,394.90240478515625,0
2022-03-08,SPY,394.90240478515625,406.32493896484374,413.9668304443359,31.30647133022336,-0.007581628648596905,0.016770031089481805,405.49005126953125,1
2022-03-09,SPY,405.49005126953125,404.33642578125,412.85066680908204,39.849129614744506,0.02681079263149866,0.018274790259253205,403.65911865234375,0
2022-03-10,SPY,403.65911865234375,402.3953552246094,411.3298812866211,43.38723162186381,-0.004515357680059284,0.01769357201613353,398.5264587402344,0
2022-03-11,SPY,398.5264587402344,400.099462890625,409.94238128662107,42.00566331038342,-0.012715332504429133,0.016108338849627046,395.6138916015625,0
2022-03-14,SPY,395.6138916015625,399.6383850097656,408.8295394897461,42.75245649044803,-0.007308340700586502,0.016131201746844615,404.31365966796875,1
2022-03-15,SPY,404.31365966796875,401.5206359863281,408.21999206542966,53.002734264393034,0.021990552533903696,0.017600423174530054,413.2790222167969,1
2022-03-16,SPY,413.2790222167969,403.07843017578125,407.72286529541014,54.644776173886065,0.02217427567545127,0.018090798951975337,418.4494934082031,1
2022-03-17,SPY,418.4494934082031,406.0365051269531,407.460546875,52.41563493139309,0.012510848394075902,0.018438130407032117,423.0326843261719,1
2022-03-18,SPY,423.0326843261719,410.9377502441406,407.87992401123046,55.647358341473485,0.01095279356330292,0.018332506175703093,422.9089660644531,0
2022-03-21,SPY,422.9089660644531,416.3967651367187,408.42735595703124,60.07288809266342,-0.0002924555626613312,0.014448793956616739,427.8575744628906,1
2022-03-22,SPY,427.8575744628906,421.1055480957031,409.4432678222656,58.59715200144843,0.01170135607312539,0.013670553351871565,422.3475036621094,0
2022-03-23,SPY,422.3475036621094,422.91924438476565,410.5451400756836,56.14832469259584,-0.012878282703533528,0.013403492126733528,428.714111328125,1
2022-03-24,SPY,428.714111328125,424.97216796875,411.6641250610352,61.848924496984026,0.015074334785482923,0.013425883360659953,430.80780029296875,1
2022-03-25,SPY,430.80780029296875,426.5271911621094,412.4395248413086,73.57406607747552,0.004883648355678449,0.01172860312696022,433.8721008300781,1
2022-03-28,SPY,433.8721008300781,428.7198181152344,413.42126922607423,77.9373416516459,0.007112917953262521,0.010472829674864502,439.2394714355469,1
2022-03-29,SPY,439.2394714355469,430.99619750976564,414.98683013916013,75.90142311318718,0.01237085905085844,0.009584073240306835,436.52728271484375,0
2022-03-30,SPY,436.52728271484375,433.8321533203125,416.0415634155273,75.10498488297364,-0.006174738148734704,0.009230422254402753,429.80853271484375,0
2022-03-31,SPY,429.80853271484375,434.05103759765626,416.8637664794922,73.85521945625912,-0.01539136330314761,0.010942821322430171,431.0267333984375,1
2022-04-01,SPY,431.0267333984375,434.09482421875,417.91480712890626,77.78159918969006,0.002834286876296055,0.010559932056169195,434.7191467285156,1
2022-04-04,SPY,434.7191467285156,434.2642333984375,419.7548004150391,75.69468021889868,0.008566552939687222,0.010723655669268705,429.22802734375,0
2022-04-05,SPY,429.22802734375,432.26194458007814,421.47108154296876,64.48512612235054,-0.012631418298662767,0.011230621978101893,424.93603515625,0
2022-04-06,SPY,424.93603515625,429.9436950683594,422.44338073730466,56.16254491719692,-0.009999328827757892,0.010884650338641144,427.0772399902344,1
2022-04-07,SPY,427.0772399902344,429.3974365234375,423.6142868041992,54.08771759484632,0.005038887401481507,0.009818932569371526,425.9352722167969,0
2022-04-08,SPY,425.9352722167969,428.3791442871094,424.98472747802737,53.076127851868186,-0.002673913911833914,0.009661880902120642,418.655029296875,0
2022-04-11,SPY,418.655029296875,425.16632080078125,426.136784362793,42.10387260729087,-0.017092369180959244,0.010382341135257116,417.1038513183594,0
2022-04-12,SPY,417.1038513183594,422.7414855957031,426.7762939453125,45.2299371400793,-0.0037051459315341484,0.008768382133364061,421.8811340332031,1
2022-04-13,SPY,421.8811340332031,422.13050537109376,427.20639953613284,43.576328431445134,0.011453461049913516,0.01019015419912522,416.6280212402344,0
2022-04-14,SPY,416.6280212402344,420.04066162109376,427.1153259277344,37.1593079815488,-0.012451641870658614,0.009840920477823274,416.7992858886719,1
2022-04-18,SPY,416.7992858886719,418.2134643554688,426.80365600585935,33.67283612131381,0.00041107328289546885,0.009708430439754572,423.5275573730469,1
2022-04-19,SPY,423.5275573730469,419.18796997070314,426.83458557128904,35.68120588050189,0.016142713560627797,0.010953811348466765,423.2134704589844,0
2022-04-20,SPY,423.2134704589844,420.40989379882814,426.6023803710938,37.30846084803236,-0.0007415973496757156,0.010367634776777698,416.88494873046875,0
2022-04-21,SPY,416.88494873046875,419.41065673828126,426.3292526245117,37.446090581612765,-0.014953497868704924,0.010929388324617458,405.446044921875,0
2022-04-22,SPY,405.446044921875,417.17426147460935,425.16584930419924,29.03873769047206,-0.02743899448379805,0.013234863339578901,407.796630859375,1
2022-04-25,SPY,407.796630859375,415.37373046875,424.01529083251955,27.640523177470712,0.005797530810672802,0.013671677055511531,395.9864807128906,0
2022-04-26,SPY,395.9864807128906,409.8655151367187,422.12100982666016,24.76310448144804,-0.02896088209850123,0.015324858563641868,397.09991455078125,1
2022-04-27,SPY,397.09991455078125,404.64280395507814,420.0140319824219,27.830883911315354,0.0028117976045194393,0.0155440529324291,407.1304016113281,1
2022-04-28,SPY,407.1304016113281,402.69189453125,418.54418792724607,36.42031774770645,0.025259353359201375,0.017621623448967803,392.0846252441406,0
2022-04-29,SPY,392.0846252441406,400.0196105957031,416.6579925537109,30.305230789847798,-0.036955669013268966,0.020488728808775693,394.4447937011719,1
2022-05-02,SPY,394.4447937011719,397.3492431640625,414.82889556884766,35.16025099063867,0.006019538398277291,0.020754585192710718,396.2528991699219,1
2022-05-03,SPY,396.2528991699219,397.40252685546875,412.905583190918,37.36403850604921,0.004583925298605518,0.019723846696478125,408.3199768066406,1
2022-05-04,SPY,408.3199768066406,399.64653930664065,411.8601806640625,42.95163269070135,0.03045296996437652,0.022933948903046817,393.8071594238281,0
2022-05-05,SPY,393.8071594238281,396.9818908691406,410.3037368774414,38.75037314086875,-0.03554275618918601,0.024929930048921665,391.45654296875,0
2022-05-06,SPY,391.45654296875,396.8562744140625,408.5227020263672,37.68892779403227,-0.005968953074690808,0.02371569507049794,378.9232177734375,0
2022-05-09,SPY,378.9232177734375,393.7519592285156,406.1720993041992,29.096608413397078,-0.03201715597920929,0.025087802137399556,379.7987365722656,1
2022-05-10,SPY,379.7987365722656,390.46112670898435,404.2292846679687,29.812248263677077,0.002310544083238497,0.023974949505453143,373.76519775390625,0
2022-05-11,SPY,373.76519775390625,383.5501708984375,402.0623519897461,29.70531087399138,-0.015886147681303142,0.024121609697954478,373.375,0
2022-05-12,SPY,373.375,379.4637390136719,399.6370452880859,33.06162491411591,-0.0010439649176838817,0.021671187624317523,382.3016357421875,1
2022-05-13,SPY,382.3016357421875,377.63275756835935,397.9207260131836,37.8775912253877,0.023907963152828948,0.021305408021661115,380.7503967285156,0
2022-05-16,SPY,380.7503967285156,377.998193359375,396.11828155517577,42.036315685345755,-0.004057631118057792,0.02110458717348203,388.5825500488281,1
2022-05-17,SPY,388.5825500488281,379.7549560546875,394.3710311889648,46.245007387601895,0.020570309020313315,0.0223396669510957,372.9181823730469,0
2022-05-18,SPY,372.9181823730469,379.58555297851564,391.856266784668,33.83490149615973,-0.04031155715513446,0.022220946008723694,370.6341552734375,0
2022-05-19,SPY,370.6341552734375,379.0373840332031,389.5437271118164,38.394209930983855,-0.006124740512986171,0.020137321715198712,370.79595947265625,1
2022-05-20,SPY,370.79595947265625,376.7362487792969,387.8112228393555,36.853348102131086,0.0004365604111671306,0.020235185543912102,377.7336120605469,1
2022-05-23,SPY,377.7336120605469,376.1328918457031,386.3080718994141,40.61175038850623,0.01871016231610856,0.019097888574486282,374.8500061035156,0
2022-05-24,SPY,374.8500061035156,373.3863830566406,385.2512481689453,30.735965466372335,-0.007633967073518044,0.019214153219228768,378.1618347167969,1
2022-05-25,SPY,378.1618347167969,374.43511352539065,384.3043441772461,39.81083322452921,0.008835076855692181,0.01868973507654412,385.7180480957031,1
2022-05-26,SPY,385.7180480957031,377.45189208984374,383.23372650146484,46.94710784729961,0.019981427751864622,0.019555728580718787,395.18707275390625,1
2022-05-27,SPY,395.18707275390625,382.3301147460937,383.38884887695315,61.38179110972924,0.02454908372826181,0.01963122387553506,392.9696960449219,0
2022-05-31,SPY,392.9696960449219,385.37733154296876,383.3150939941406,59.18792042427036,-0.005610954562689341,0.019703640147703767,389.79119873046875,0
2022-06-01,SPY,389.79119873046875,388.3655700683594,382.992008972168,61.61880566079549,-0.008088403117195497,0.018990353151219493,397.214111328125,1
2022-06-02,SPY,397.214111328125,392.176025390625,382.4367156982422,65.44459336435014,0.01904330477915428,0.013227610611835043,390.6951904296875,0
2022-06-03,SPY,390.6951904296875,393.17145385742185,382.28111724853517,55.960890632503826,-0.016411604503779653,0.014635747934533871,391.8848571777344,1
2022-06-06,SPY,391.8848571777344,392.5110107421875,382.3025329589844,57.772597700128784,0.0030449997266115414,0.014560886416504984,395.64385986328125,1
2022-06-07,SPY,395.64385986328125,393.04584350585935,383.13856506347656,55.31163755805125,0.009592110071867443,0.013923145161441351,391.34234619140625,0
2022-06-08,SPY,391.34234619140625,393.3560729980469,383.7157455444336,65.55698292679197,-0.010872186095245984,0.0142758473534783,382.0351257324219,0
2022-06-09,SPY,382.0351257324219,390.3202758789063,384.1292419433594,59.001729179693015,-0.023782809475037525,0.016676052651516036,370.9577331542969,0
2022-06-10,SPY,370.9577331542969,386.37278442382814,384.00837860107424,50.57530135840833,-0.028995743668564167,0.01769037524595455,356.87310791015625,0
2022-06-13,SPY,356.87310791015625,379.3704345703125,382.73695220947263,37.8976061220765,-0.03796827504949796,0.017623695945371953,355.79779052734375,0
2022-06-14,SPY,355.79779052734375,371.401220703125,381.48932189941405,38.694357687316604,-0.003013164508554711,0.01771457334221597,360.87017822265625,1
2022-06-15,SPY,360.87017822265625,365.306787109375,380.1037033081055,40.17011655642236,0.014256377724534142,0.019286310035025917,348.9267883300781,0
2022-06-16,SPY,348.9267883300781,358.68511962890625,378.90413360595704,29.575513220755994,-0.033096084446216256,0.018334245502582048,349.678955078125,1
2022-06-17,SPY,349.678955078125,354.4293640136719,377.8563735961914,22.27206678014032,0.002155657786112153,0.018852221154017784,358.481689453125,1
2022-06-21,SPY,358.481689453125,354.75108032226564,377.2406600952148,31.111644737279832,0.025173760808777645,0.02174376291735596,357.83172607421875,0
2022-06-22,SPY,357.83172607421875,355.1578674316406,376.2455657958984,31.96338397709333,-0.0018131006353429013,0.020965492537541215,361.3393859863281,1
2022-06-23,SPY,361.3393859863281,355.251708984375,375.5700347900391,29.10532944547562,0.00980254029063321,0.02184833769947654,372.8277893066406,1
2022-06-24,SPY,372.8277893066406,360.0319091796875,375.30333251953124,40.71170809712715,0.03179394155705784,0.024247582980666843,371.4037170410156,0
2022-06-27,SPY,371.4037170410156,364.3768615722656,374.5876159667969,39.288637482634016,-0.003819651609858199,0.02238860172379401,363.8148498535156,0
2022-06-28,SPY,363.8148498535156,365.44349365234376,373.01900482177734,33.68027548632894,-0.02043293278796654,0.019562534615343612,363.5186462402344,0
2022-06-29,SPY,363.5186462402344,366.58087768554685,371.546452331543,35.1101236706843,-0.000814160316437107,0.019510953995490025,360.5652160644531,0
2022-06-30,SPY,360.5652160644531,366.42604370117186,370.0851531982422,37.59481609524871,-0.008124563090030512,0.01927187208405026,364.3787536621094,1
2022-07-01,SPY,364.3787536621094,364.7362365722656,368.4433853149414,46.22287144984657,0.01057655433122684,0.015496303127140185,365.0669250488281,1
2022-07-05,SPY,365.0669250488281,363.4688781738281,367.16197204589844,57.35596425325202,0.0018886155677366734,0.015500925219670865,366.2999267578125,1
2022-07-06,SPY,366.2999267578125,363.9658935546875,365.88272552490236,59.25185657068647,0.0033774675939746146,0.01368496232800929,371.7860107421875,1
2022-07-07,SPY,371.7860107421875,365.61936645507814,364.68983306884763,59.42680931056779,0.014977027249045038,0.014153918123117615,371.480224609375,0
2022-07-08,SPY,371.480224609375,367.8023681640625,363.6967269897461,73.57361547972695,-0.00082247885605502,0.014061970341155233,367.2365417480469,0
2022-07-11,SPY,367.2365417480469,368.37392578125,362.95679779052733,67.37749033418491,-0.011423711358499622,0.010326473065293182,363.9869079589844,0
2022-07-12,SPY,363.9869079589844,368.1579223632813,362.6082565307617,56.34811794738054,-0.008848884627859266,0.01057357722512973,362.07537841796875,0
2022-07-13,SPY,362.07537841796875,367.3130126953125,362.86837005615234,54.8797641724309,-0.005251643669642703,0.00851721290980023,361.196044921875,0
2022-07-14,SPY,361.196044921875,365.19501953125,363.1382827758789,50.25966141687742,-0.002428592355370518,0.008540224221192386,368.0967102050781,1
2022-07-15,SPY,368.0967102050781,364.5183166503906,363.499609375,44.61891912713414,0.019105041099483078,0.010079573080558216,365.057373046875,0
2022-07-18,SPY,365.057373046875,364.0824829101563,364.30613861083987,42.91697151408913,-0.008256898456141637,0.01008236272973782,374.92095947265625,1
2022-07-19,SPY,374.92095947265625,366.2692932128906,365.56823883056643,62.5993793070804,0.027019277390446517,0.013193287761087198,377.31036376953125,1
2022-07-20,SPY,377.31036376953125,369.3162902832031,366.5096725463867,64.85138127407582,0.0063730880776464716,0.013243166983496747,381.152587890625,1
2022-07-21,SPY,381.152587890625,373.30759887695314,367.675715637207,71.6298799663883,0.01018319264466494,0.012843970595035075,377.6162109375,0
2022-07-22,SPY,377.6162109375,375.2114990234375,368.48955688476565,64.1655290796968,-0.009278113452399817,0.013359724092776536,378.0751037597656,1
2022-07-25,SPY,378.0751037597656,377.81504516601564,368.7519226074219,63.97783403799034,0.0012152360226440617,0.012551589996308083,373.6019592285156,0
2022-07-26,SPY,373.6019592285156,377.5512451171875,368.86183471679686,57.56531281073085,-0.011831364950420808,0.01289472379053047,383.3031005859375,1
2022-07-27,SPY,383.3031005859375,378.7497924804687,369.836247253418,60.71614225950438,0.025966516282341257,0.01444549644025457,388.110595703125,1
2022-07-28,SPY,388.110595703125,380.1413940429687,371.0658447265625,64.11354909711002,0.0125422807951161,0.01427190505911433,393.7687683105469,1
2022-07-29,SPY,393.7687683105469,383.3719055175781,372.7260223388672,71.82231127977059,0.014578763553649399,0.013923572265823742,392.60272216796875,0
2022-08-01,SPY,392.60272216796875,386.2774291992188,374.13722076416013,74.51586122423524,-0.002961245879354535,0.013375009311426567,390.0126037597656,0
2022-08-02,SPY,390.0126037597656,389.55955810546874,375.384504699707,73.8825735138704,-0.006597301195214289,0.012049552622327795,396.1200256347656,1
2022-08-03,SPY,396.1200256347656,392.12294311523436,376.87550964355466,77.31222355365499,0.015659550014855306,0.012596561913389656,395.8523864746094,0
2022-08-04,SPY,395.8523864746094,393.6713012695312,378.0788284301758,74.14066935371218,-0.0006756516783703592,0.01256309283902034,395.1833190917969,0
2022-08-05,SPY,395.1833190917969,393.95421142578124,379.26398315429685,77.46231708284247,-0.00169019413719107,0.011892529683723218,394.7245788574219,0
2022-08-08,SPY,394.7245788574219,394.3785827636719,380.6383850097656,71.67279625043098,-0.00116082894244951,0.011991452922113446,393.1571044921875,0
2022-08-09,SPY,393.1571044921875,395.0074829101562,382.0968948364258,67.74123114256366,-0.003971058427047036,0.01102955567100214,401.41497802734375,1
2022-08-10,SPY,401.41497802734375,396.06647338867185,384.06387481689455,70.44440099577122,0.021004004355516637,0.010058764756396013,401.41497802734375,0
2022-08-11,SPY,401.41497802734375,397.1789916992187,386.07482147216797,75.89762816145493,0.0,0.009745568712458765,408.2104797363281,1
2022-08-12,SPY,408.2104797363281,399.784423828125,388.0805099487305,78.69133190191737,0.016928869327146767,0.010067609200320547,409.8927001953125,1
2022-08-15,SPY,409.8927001953125,402.81804809570315,390.32227630615233,86.65989193079042,0.004120963430608082,0.009796014300722397,410.6955261230469,1
2022-08-16,SPY,410.6955261230469,406.325732421875,392.1110046386719,83.5759258929913,0.0019586246043217237,0.00907995000200047,407.7804260253906,0
2022-08-17,SPY,407.7804260253906,407.59882202148435,393.63450775146487,75.45424884768785,-0.007097959223404948,0.009023733209673196,408.965576171875,1
2022-08-18,SPY,408.965576171875,409.10894165039065,395.02515716552733,72.1508971835358,0.0029063438822602983,0.00893484416509867,403.4698486328125,0
2022-08-19,SPY,403.4698486328125,408.1608154296875,396.31783905029295,64.37474517642319,-0.013438117678522765,0.010327639481767037,395.0686340332031,0
2022-08-22,SPY,395.0686340332031,405.1960021972656,397.16751556396486,56.15702969598754,-0.020822409972089617,0.01263625172750213,394.1129150390625,0
2022-08-23,SPY,394.1129150390625,401.8794799804688,398.1930633544922,47.78166551382912,-0.0024191214179263287,0.012589335988437297,395.37451171875,1
2022-08-24,SPY,395.37451171875,399.39829711914064,398.7966339111328,49.76181721567161,0.0032011046366304807,0.010408284402820012,400.9562072753906,1
2022-08-25,SPY,400.9562072753906,397.7964233398437,399.4389144897461,56.773446239773385,0.014117489598346022,0.011526596806466267,387.3842468261719,0
2022-08-26,SPY,387.3842468261719,394.5793029785156,399.1196884155273,44.047979686336724,-0.03384898450991447,0.014108953836897607,384.8227844238281,0
2022-08-29,SPY,384.8227844238281,392.53013305664064,398.73069152832034,43.26444012216786,-0.00661220073694202,0.013729984825094799,380.59820556640625,0
2022-08-30,SPY,380.59820556640625,389.8271911621094,398.25997161865234,31.22667871754527,-0.010977985265989587,0.013482498326196456,377.7022399902344,0
2022-08-31,SPY,377.7022399902344,386.29273681640626,397.3390823364258,29.599918215171627,-0.0076089837887231004,0.013481777042587503,378.8874206542969,1
2022-09-01,SPY,378.8874206542969,381.8789794921875,396.49083404541017,22.25962287181723,0.003137870360771844,0.013501913558719884,374.8922424316406,0
2022-09-02,SPY,374.8922424316406,379.3805786132813,395.47628021240234,18.257351668953447,-0.010544499513224892,0.013391715892873513,373.4777526855469,0
2022-09-06,SPY,373.4777526855469,377.111572265625,394.41393890380857,16.627606621471344,-0.0037730568574025902,0.012527464543950652,380.18731689453125,1
2022-09-07,SPY,380.18731689453125,377.02939453125,393.7654495239258,27.301982220593217,0.017965097414071485,0.014580589685329005,382.67230224609375,1
2022-09-08,SPY,382.67230224609375,378.0234069824219,392.8283157348633,29.0044270068191,0.006536213180019956,0.014787433038588944,388.6171875,1
2022-09-09,SPY,388.6171875,379.9693603515625,392.1884262084961,38.50596900840936,0.015535185637979954,0.01497706943251153,392.7939147949219,1
2022-09-12,SPY,392.7939147949219,383.54969482421876,391.41759796142577,48.454614586669166,0.010747664872444274,0.010847285736169188,375.7142333984375,0
2022-09-13,SPY,375.7142333984375,383.9969909667969,389.708674621582,37.876039051329904,-0.04348255090815678,0.017876946555916762,377.14788818359375,1
2022-09-14,SPY,377.14788818359375,383.38910522460935,388.0312927246094,38.07840953496089,0.0038158117465725283,0.01768519230561647,372.8660583496094,0
2022-09-15,SPY,372.8660583496094,381.4278564453125,386.2855743408203,31.051984148917967,-0.011353185230882135,0.017884648844651945,370.0215148925781,0
2022-09-16,SPY,370.0215148925781,377.70872192382814,384.33837127685547,36.149598879691965,-0.0076288613386314985,0.017922442809937825,372.8909912109375,1
2022-09-19,SPY,372.8909912109375,373.72813720703124,382.8094284057617,40.7136467093498,0.007754890466821651,0.017912052960750047,368.6107482910156,0
2022-09-20,SPY,368.6107482910156,372.30744018554685,381.48653411865234,40.587351670260546,-0.011478536679103146,0.018236637184426193,362.1807556152344,0
2022-09-21,SPY,362.1807556152344,369.314013671875,379.8899261474609,38.255706157658956,-0.017443855627087723,0.017534957760839257,359.1384582519531,0
2022-09-22,SPY,359.1384582519531,366.56849365234376,378.07812347412107,35.336669793032925,-0.008399942062391808,0.017102336413735347,353.12115478515625,0
2022-09-23,SPY,353.12115478515625,363.18842163085935,375.6863708496094,34.13530815806871,-0.01675482903191461,0.0155190243519841,349.6278991699219,0
2022-09-26,SPY,349.6278991699219,358.5358032226562,373.7985534667969,33.02883821552953,-0.009892513002682346,0.013817667229509327,348.73541259765625,0
2022-09-27,SPY,348.73541259765625,354.56073608398435,371.99418487548826,25.603070312276287,-0.002552675499822965,0.00821164574845397,355.59722900390625,1
2022-09-28,SPY,355.59722900390625,353.24403076171876,370.74413604736327,30.84431830067041,0.019676282242568233,0.011493210487969517,348.169189453125,0
2022-09-29,SPY,348.169189453125,351.0501770019531,369.2674835205078,21.886972577477607,-0.020888912918665237,0.01236684523817431,342.78521728515625,0
2022-09-30,SPY,342.78521728515625,348.9829895019531,367.4623733520508,15.894774133878144,-0.015463666318163982,0.012672350439886747,351.8352355957031,1
2022-10-03,SPY,351.8352355957031,349.42445678710936,366.3095230102539,32.11513931626898,0.026401425307143178,0.016085800263290928,362.73736572265625,1
2022-10-04,SPY,362.73736572265625,352.2248474121094,365.7725036621094,41.03961776506129,0.030986464753862464,0.019605079064709704,361.892822265625,0
2022-10-05,SPY,361.892822265625,353.4839660644531,364.85777893066404,42.91352504024916,-0.0023282505108034313,0.01879965918075876,358.1595764160156,0
2022-10-06,SPY,358.1595764160156,355.48204345703124,363.6321426391602,42.33794923929255,-0.010315888074920787,0.018905132421635048,348.169189453125,0
2022-10-07,SPY,348.169189453125,356.558837890625,361.60974273681643,34.953394809620235,-0.027893675391458483,0.020273240816626466,345.5107421875,0
2022-10-10,SPY,345.5107421875,355.2939392089844,359.24558410644534,35.57345952032814,-0.0076355040772007055,0.020178392390185745,343.3226623535156,0
2022-10-11,SPY,343.3226623535156,351.41099853515624,357.6260055541992,37.49663015266713,-0.006332885108379482,0.020245978068636802,342.190185546875,0
2022-10-12,SPY,342.190185546875,347.47047119140626,355.8781204223633,38.451038112567055,-0.0032985786573987985,0.018846310917845728,351.2209777832031,1
2022-10-13,SPY,351.2209777832031,346.08275146484374,354.79586639404295,49.2508631441171,0.026391149184759488,0.01994701073808452,343.2170715332031,0
2022-10-14,SPY,343.2170715332031,345.0923278808594,353.45564422607424,46.40205580540229,-0.02278880464520694,0.020739619409414822,352.0367736816406,1
2022-10-17,SPY,352.0367736816406,346.3975341796875,352.4129333496094,52.47995998731074,0.02569715459967803,0.020642173388992813,356.1730041503906,1
2022-10-18,SPY,356.1730041503906,348.9676025390625,351.7910461425781,50.898393806191145,0.011749427270034474,0.01821269917336519,353.6490478515625,0
2022-10-19,SPY,353.6490478515625,351.259375,351.36446075439454,54.0295264307862,-0.007086321168132126,0.018293617179043365,350.6835632324219,0
2022-10-20,SPY,350.6835632324219,351.1518920898437,350.941716003418,55.78954468158666,-0.008385388387600945,0.018207870397417607,359.2057189941406,1
2022-10-21,SPY,359.2057189941406,354.34962158203126,351.2459442138672,55.35813159421846,0.02430155460713901,0.017410869575972918,363.6011047363281,1
2022-10-24,SPY,363.6011047363281,356.66248779296876,351.9446044921875,51.097117744657076,0.012236402456218043,0.017161238712992313,369.40728759765625,1
2022-10-25,SPY,369.40728759765625,359.30934448242186,352.9781982421875,55.38057883861633,0.015968551210917115,0.016936595457834477,366.62420654296875,0
2022-10-26,SPY,366.62420654296875,361.9043762207031,353.5295471191406,56.123792016752176,-0.007533909449341292,0.017285407223006134,364.6663818359375,0
2022-10-27,SPY,364.6663818359375,364.70093994140626,354.3544067382812,62.97531456015452,-0.005340140318317421,0.01622115190079186,373.3420104980469,1
2022-10-28,SPY,373.3420104980469,367.5281982421875,355.88224639892576,69.7532214886022,0.02379059078172041,0.014283641807351024,370.6452941894531,0
2022-10-31,SPY,370.6452941894531,368.9370361328125,356.82274932861327,69.44547316594102,-0.007223179371098065,0.01367041881936073,369.0234375,0
2022-11-01,SPY,369.0234375,368.8602661132812,357.13705291748045,69.07673298881112,-0.004375764956087935,0.013768972725496088,359.7622985839844,0
2022-11-02,SPY,359.7622985839844,367.4878845214844,357.03052673339846,56.427880951224026,-0.02509634341589928,0.016276695659253517,356.0578918457031,0
2022-11-03,SPY,356.0578918457031,365.7661865234375,356.9254425048828,60.155882583430014,-0.010296817517737922,0.01642062991070908,361.1827087402344,1
2022-11-04,SPY,361.1827087402344,363.334326171875,357.5761184692383,57.622405065514776,0.014393212485659612,0.015151369384077755,364.6375732421875,1
2022-11-07,SPY,364.6375732421875,362.1327819824219,358.53246002197267,57.0953189599284,0.009565420542980263,0.01494662581362993,366.6049499511719,1
2022-11-08,SPY,366.6049499511719,361.6490844726562,359.69657440185546,60.753024800856615,0.005395430568197801,0.014070048142983163,359.05218505859375,0
2022-11-09,SPY,359.05218505859375,361.50706176757814,360.53967437744143,56.76530674912855,-0.020601917387051305,0.015328734430725835,378.7835388183594,1
2022-11-10,SPY,378.7835388183594,366.05219116210935,361.91780242919924,62.87887741336154,0.054953999950023036,0.023526004173567226,382.4495544433594,1
2022-11-11,SPY,382.4495544433594,370.30556030273436,363.87942657470705,62.4355994084405,0.00967839214036692,0.02261597611973805,379.19622802734375,0
2022-11-14,SPY,379.19622802734375,373.2172912597656,365.2373992919922,56.96545952587157,-0.008506550414866365,0.022681705832171647,382.4303283691406,1
2022-11-15,SPY,382.4303283691406,376.3823669433594,366.5502655029297,60.79804642313863,0.008528830464958226,0.0226133547800471,379.512939453125,0
2022-11-16,SPY,379.512939453125,380.4745178222656,367.8434600830078,60.13562904403039,-0.007628550090304609,0.020729279696653294,378.3516540527344,0
2022-11-17,SPY,378.3516540527344,380.3881408691406,369.22686462402345,54.15368478232373,-0.0030599362489828197,0.02023508040275937,380.0696105957031,1
2022-11-18,SPY,380.0696105957031,379.9121520996094,370.2700592041016,57.365169661186464,0.004540634419241352,0.020034579075073448,378.6875915527344,0
2022-11-21,SPY,378.6875915527344,379.8104248046875,371.0243835449219,57.59339890470527,-0.00363622611342862,0.020155888998664426,383.7835693359375,1
2022-11-22,SPY,383.7835693359375,380.08107299804686,371.7431976318359,69.1637254603125,0.013456944185332498,0.02037936886861136,386.2019958496094,1
2022-11-23,SPY,386.2019958496094,381.41888427734375,372.72208709716796,74.48821882277144,0.006301537394778123,0.018330187754840698,386.11566162109375,0
2022-11-25,SPY,386.11566162109375,382.9716857910156,373.79455108642577,72.0288827072649,-0.0002235468212060665,0.007624402394784317,379.954345703125,0
2022-11-28,SPY,379.954345703125,382.9486328125,374.1251678466797,63.30766739135316,-0.015957176904196735,0.008932809622165716,379.3017578125,0
2022-11-29,SPY,379.3017578125,383.07146606445315,374.55799102783203,61.37617868093153,-0.0017175429048386093,0.00851490183971647,391.2500305175781,1
2022-11-30,SPY,391.2500305175781,384.56475830078125,375.66932067871096,75.99775906727871,0.031500704805550894,0.012980906004168857,390.96209716796875,0
2022-12-01,SPY,390.96209716796875,385.51677856445315,377.2293106079102,64.09061153355655,-0.0007359318265828252,0.012568169904569082,390.5110778808594,0
2022-12-02,SPY,390.5110778808594,386.39586181640624,378.951969909668,60.149612331466365,-0.0011536138423045017,0.012479393407758818,383.486083984375,0
2022-12-05,SPY,383.486083984375,387.1022094726562,380.067138671875,55.250724711739494,-0.01798923076550374,0.014141103685598524,377.958251953125,0
2022-12-06,SPY,377.958251953125,386.83350830078126,380.73317260742186,45.61929273359572,-0.014414687421813288,0.014921668207521187,377.315185546875,0
2022-12-07,SPY,377.315185546875,384.0465393066406,381.26868438720703,47.94245947387051,-0.001701421791763802,0.01414176773996887,380.2710266113281,1
2022-12-08,SPY,380.2710266113281,381.9083251953125,382.3296264648437,52.51904527409791,0.007833877823308244,0.014244933466572508,377.4303894042969,0
2022-12-09,SPY,377.4303894042969,379.2921875,382.2619689941406,47.62017772979843,-0.007470033234834528,0.014359138540333785,382.87188720703125,1
2022-12-12,SPY,382.87188720703125,379.1693481445312,382.28308563232423,54.503141164410245,0.014417222236192462,0.01433368690166069,385.77020263671875,1
2022-12-13,SPY,385.77020263671875,380.73173828125,382.61178436279295,52.42664123672952,0.007569935340069112,0.014448767523296989,383.3037109375,0
2022-12-14,SPY,383.3037109375,381.929443359375,382.65545349121095,47.50727871136349,-0.006393681218405223,0.01010622970478634,373.9274597167969,0
2022-12-15,SPY,373.9274597167969,380.6607299804688,382.37617950439454,39.99676494795366,-0.024461676089099993,0.012318380980451045,369.5128479003906,0
2022-12-16,SPY,369.5128479003906,379.0772216796875,381.93423919677736,41.10982997824175,-0.01180606479061408,0.012468405222904514,366.37945556640625,0
2022-12-19,SPY,366.37945556640625,375.7787353515625,381.2497314453125,39.32698701541809,-0.008479792656165053,0.01174684041716224,366.8808898925781,1
2022-12-20,SPY,366.8808898925781,372.00087280273436,380.6593963623047,24.793876108774683,0.0013686202066016673,0.011317768842765063,372.3666076660156,1
2022-12-21,SPY,372.3666076660156,369.8134521484375,380.0885482788086,32.955680656107404,0.014952312656687283,0.012661273165958055,367.05438232421875,0
2022-12-22,SPY,367.05438232421875,368.4388366699219,379.13116760253905,30.133591976316737,-0.014266116328458534,0.012827781487578021,369.165771484375,1
2022-12-23,SPY,369.165771484375,368.3694213867187,378.28367309570314,36.833745701759405,0.0057522516058432505,0.01304772810617564,367.7099304199219,0
2022-12-27,SPY,367.7099304199219,368.63551635742186,377.671452331543,39.79111023800596,-0.003943597096229601,0.01167991119252208,363.14007568359375,0
2022-12-28,SPY,363.14007568359375,367.887353515625,376.86336822509764,36.7671031104816,-0.012427879581901391,0.011185933916822835,369.6767272949219,1
2022-12-29,SPY,369.6767272949219,367.34937744140626,375.78470306396486,41.01571802671965,0.018000358674330252,0.013503271884402007,368.7029724121094,0
2022-12-30,SPY,368.7029724121094,367.67909545898436,374.6717468261719,42.36989008670032,-0.002634071368078472,0.011333916275480827,367.1507568359375,0
2023-01-03,SPY,367.1507568359375,367.2760925292969,373.5037307739258,34.96350612368121,-0.00420993507596934,0.01079698724602535,369.9852294921875,1
2023-01-04,SPY,369.9852294921875,367.73115234375,372.8286880493164,35.03513869477736,0.007720187425669822,0.010696320678077598,365.7624816894531,0
2023-01-05,SPY,365.7624816894531,368.25563354492186,372.2188995361328,33.79173250576747,-0.011413287521045645,0.01139256833970268,374.150146484375,1
2023-01-06,SPY,374.150146484375,369.1503173828125,372.06064758300784,50.55214414470638,0.022931998810209686,0.01277147213890086,373.9380187988281,0
2023-01-09,SPY,373.9380187988281,370.19732666015625,371.74399719238284,54.967877976337,-0.0005669587130731069,0.011694875214961186,376.5604553222656,1
2023-01-10,SPY,376.5604553222656,372.0792663574219,371.70050048828125,61.11507778044526,0.007013024596593143,0.011747446354341539,381.3230895996094,1
2023-01-11,SPY,381.3230895996094,374.3468383789062,371.62306060791013,64.28223634063352,0.012647728166962802,0.01197675512425707,382.7113952636719,1
2023-01-12,SPY,382.7113952636719,377.73662109375,371.4701202392578,61.10515683370699,0.0036407595079548383,0.010566520998858424,384.1961669921875,1
2023-01-13,SPY,384.1961669921875,379.7458251953125,371.5147430419922,69.8619268625117,0.003879612018065748,0.009580116703216889,383.4923400878906,0
2023-01-17,SPY,383.4923400878906,381.656689453125,371.99298706054685,67.191880101925,-0.001831946710470933,0.009522505829015265,377.4377746582031,0
2023-01-18,SPY,377.4377746582031,381.8321533203125,372.3892333984375,60.81009115418939,-0.01578796965879392,0.011187400894958415,374.6900939941406,0
2023-01-19,SPY,374.6900939941406,380.50555419921875,372.80476531982424,63.428523724136426,-0.007279824247985567,0.011460150623970294,381.6701965332031,1
2023-01-20,SPY,381.6701965332031,380.297314453125,373.54423065185546,63.61981352557328,0.01862900207650453,0.011685829017931984,386.24969482421875,1
2023-01-23,SPY,386.24969482421875,380.70802001953126,374.23838500976564,68.2827673621558,0.011998574509124005,0.010164165600386275,385.83514404296875,0
2023-01-24,SPY,385.83514404296875,381.17658081054685,375.17742309570315,69.97704015269933,-0.0010732714790587794,0.010186441037228268,385.9797668457031,1
2023-01-25,SPY,385.9797668457031,382.8849792480469,376.0181228637695,68.12492314553785,0.0003748305590283163,0.010125270623975358,390.2218322753906,1
2023-01-26,SPY,390.2218322753906,385.9913269042969,377.14371795654296,77.63092928886674,0.010990382901037599,0.009953173395657265,391.1184387207031,1
2023-01-27,SPY,391.1184387207031,387.8809753417969,378.5426361083984,72.92158337986385,0.0022976839611570377,0.009942937315948926,386.21112060546875,0
2023-01-30,SPY,386.21112060546875,387.8732604980469,379.3693557739258,64.9791957753902,-0.012546885110519379,0.010944668982480171,391.8897399902344,1
2023-01-31,SPY,391.8897399902344,389.0841796875,380.52869415283203,67.26776693850786,0.01470340723452801,0.01175906585858693,396.0547180175781,1
2023-02-01,SPY,396.0547180175781,391.099169921875,381.97389221191406,66.69616745130048,0.01062793332493861,0.010113507997077411,401.8200378417969,1
2023-02-02,SPY,401.8200378417969,393.41881103515624,383.56563262939454,69.5682931982966,0.014556877022136261,0.00953930608755779,397.54901123046875,0
2023-02-03,SPY,397.54901123046875,394.7049255371094,385.1549591064453,63.13663628294374,-0.01062920265068934,0.010067574100247811,395.1194763183594,0
2023-02-06,SPY,395.1194763183594,396.4865966796875,386.2034255981445,61.17319923529969,-0.0061112840014105885,0.010123560892378543,400.287109375,1
2023-02-07,SPY,400.287109375,398.16607055664065,387.5208801269531,72.09704500385446,0.013078659409026194,0.010575716844805533,395.9100036621094,0
2023-02-08,SPY,395.9100036621094,398.1371276855469,388.4883575439453,70.19509107390242,-0.010934915490346309,0.011536028309718761,392.47784423828125,0
2023-02-09,SPY,392.47784423828125,396.26868896484376,389.0460952758789,61.145142216287226,-0.008669039408151225,0.011622733374462456,393.39373779296875,1
2023-02-10,SPY,393.39373779296875,395.43763427734376,389.58021240234376,57.98751343552025,0.0023336184911662006,0.011623309294290817,398.0117492675781,1
2023-02-13,SPY,398.0117492675781,396.0160888671875,390.27099151611327,62.27334811038521,0.011738904387541771,0.011086423722925865,397.8285827636719,0
2023-02-14,SPY,397.8285827636719,395.5243835449219,390.98780364990233,61.94330602691104,-0.00046020376092748005,0.010329550347999714,399.1205139160156,1
2023-02-15,SPY,399.1205139160156,396.16648559570314,392.07194061279296,59.52671074810309,0.003247456840252294,0.009862206808043679,393.6251220703125,0
2023-02-16,SPY,393.6251220703125,396.39594116210935,393.01869201660156,52.68597255640228,-0.013768753181299775,0.009539308044154279,392.6417236328125,0
2023-02-17,SPY,392.6417236328125,396.24553833007815,393.56726837158203,56.9776791536842,-0.002498312181721807,0.009058107541890844,384.7650451660156,0
2023-02-21,SPY,384.7650451660156,393.5961975097656,393.4930358886719,43.18304804179189,-0.020060727102356846,0.010803646713726809,384.2347106933594,0
2023-02-22,SPY,384.2347106933594,390.87742309570314,393.4130142211914,37.63029045858316,-0.001378333295394385,0.00934083046144515,386.2786865234375,1
2023-02-23,SPY,386.2786865234375,388.3090576171875,393.42796020507814,32.40366219830278,0.005319602246214972,0.009422578787267497,382.1522521972656,0
2023-02-24,SPY,382.1522521972656,386.0144836425781,393.02448120117185,32.38799280561501,-0.010682531731974088,0.009590968770246946,383.4537658691406,1
2023-02-27,SPY,383.4537658691406,384.17689208984376,392.64124755859376,36.368418914806334,0.003405746438472246,0.009658263390225744,382.0365905761719,0
2023-02-28,SPY,382.0365905761719,383.631201171875,392.4325210571289,26.524364673736798,-0.003695817903252463,0.008259510369823099,380.57110595703125,0
2023-03-01,SPY,380.57110595703125,382.8984802246094,391.86658935546876,28.591379072555043,-0.0038359797341150914,0.008164602864268409,383.5309143066406,1
2023-03-02,SPY,383.5309143066406,382.34892578125,391.2403991699219,37.49598507806133,0.007777280784799112,0.008741026334717598,389.6819152832031,1
2023-03-03,SPY,389.6819152832031,383.8548583984375,390.6334930419922,45.73954711027947,0.016037823150925057,0.010007896695036645,389.9518737792969,1
2023-03-06,SPY,389.9518737792969,385.15447998046875,390.2536361694336,39.28510223725425,0.0006927662934974599,0.010004310624779373,383.97442626953125,0
2023-03-07,SPY,383.97442626953125,385.54204711914065,389.6963836669922,33.86311615649336,-0.015328680054371824,0.009050160362041244,384.6010437011719,1
2023-03-08,SPY,384.6010437011719,386.34803466796876,388.9120803833008,32.85621836279347,0.0016319249115845924,0.009055521162450815,377.5052490234375,0
2023-03-09,SPY,377.5052490234375,385.1429016113281,387.99184265136716,31.46807286973288,-0.018449754086594994,0.010540421961856018,372.05810546875,0
2023-03-10,SPY,372.05810546875,381.6181396484375,386.9708557128906,28.408860772391577,-0.014429318714848649,0.010932969391908933,371.5278015136719,0
2023-03-13,SPY,371.5278015136719,377.9333251953125,385.87755889892577,33.49490125180199,-0.0014253256340430731,0.01074222130534169,377.6691589355469,1
2023-03-14,SPY,377.6691589355469,376.6722717285156,384.86042938232424,43.10134381525461,0.016530007705625183,0.012395039891831789,375.30712890625,0
2023-03-15,SPY,375.30712890625,374.81348876953126,383.73435668945314,38.33967557667243,-0.00625423064979469,0.0124780960539793,381.8919677734375,1
2023-03-16,SPY,381.8919677734375,375.6908325195312,382.87292938232423,50.079356629242945,0.017545200610437517,0.01360128335786042,377.4266052246094,0
2023-03-17,SPY,377.4266052246094,376.7645324707031,382.06300354003906,44.495972688919224,-0.011692737542668752,0.012686091805285344,381.0558166503906,1
2023-03-20,SPY,381.0558166503906,378.6701354980469,381.483708190918,49.438796750646766,0.009615674612078573,0.013283637764586544,386.0591735839844,1
2023-03-21,SPY,386.0591735839844,380.3481384277344,381.5484146118164,55.10853046728093,0.013130246843034543,0.013212883506105317,379.47833251953125,0
2023-03-22,SPY,379.47833251953125,381.1823791503906,381.310595703125,47.04567293023783,-0.017046197875211222,0.014327177938402255,380.5041809082031,1
2023-03-23,SPY,380.5041809082031,380.9048217773437,381.0218704223633,42.224931039870796,0.0027033121545063654,0.013005829756024743,383.00103759765625,1
2023-03-24,SPY,383.00103759765625,382.01970825195315,381.06430969238284,44.45076386150964,0.006561969131307688,0.01191044601570518,383.7171936035156,1
2023-03-27,SPY,383.7171936035156,382.55198364257814,381.0774810791016,50.10462246281592,0.001869853957449763,0.011820675267259708,382.85589599609375,0
2023-03-28,SPY,382.85589599609375,381.911328125,381.11844635009766,48.71470655180652,-0.002244615622597923,0.010943682722064193,388.4206848144531,1
2023-03-29,SPY,388.4206848144531,383.6997985839844,381.51092529296875,60.84156120291505,0.014534943503694109,0.011293137498331145,390.6949462890625,1
2023-03-30,SPY,390.6949462890625,385.7379516601562,381.86912689208987,69.55886970610298,0.005855150262390918,0.010232712689131885,396.20166015625,1
2023-03-31,SPY,396.20166015625,388.378076171875,382.1951141357422,73.34041325321492,0.014094663674285801,0.009531880854134627,397.7113952636719,1
2023-04-03,SPY,397.7113952636719,391.1769165039062,382.5830902099609,70.66950888862797,0.003810521911560061,0.009388984368586034,395.5047912597656,0
2023-04-04,SPY,395.5047912597656,393.7066955566406,383.1596084594727,71.06467457349166,-0.005548254413085929,0.009300606509728582,394.4693603515625,0
2023-04-05,SPY,394.4693603515625,394.9164306640625,383.6530242919922,64.8332251887018,-0.0026179983936606144,0.006691732224697171,396.0080871582031,1
2023-04-06,SPY,396.0080871582031,395.97905883789065,384.57816619873046,73.48017473920616,0.0039007511388697846,0.00667860092790389,396.41455078125,1
2023-04-10,SPY,396.41455078125,396.0216369628906,385.79598846435545,71.08103574860499,0.0010264023292143598,0.006674062294871982,396.52099609375,1
2023-04-11,SPY,396.52099609375,395.78355712890624,387.0456481933594,66.5496827360927,0.0002685201950589633,0.006735598588917794,394.90478515625,0
2023-04-12,SPY,394.90478515625,395.66355590820314,387.90742950439454,79.0388619417236,-0.004075978203983643,0.006925563203049084,400.15020751953125,1
2023-04-13,SPY,400.15020751953125,396.7997253417969,389.1495834350586,81.82152543649465,0.013282752097333539,0.006704118382982442,399.1727294921875,0
2023-04-14,SPY,399.1727294921875,397.4326538085937,390.0136215209961,77.59835634703512,-0.002442777759389392,0.0068238752238784,400.60504150390625,1
2023-04-17,SPY,400.60504150390625,398.270751953125,391.17254333496095,78.09639011922435,0.003588201061582641,0.005455472645644795,400.8663330078125,1
2023-04-18,SPY,400.8663330078125,399.1398193359375,392.163069152832,80.60081431161457,0.0006522421757981789,0.0053731543330833575,400.79864501953125,0
2023-04-19,SPY,400.79864501953125,400.31859130859374,392.90004272460936,75.78162294111604,-0.00016885426065438303,0.00491647126986268,398.6114501953125,0
2023-04-20,SPY,398.6114501953125,400.01083984375,393.85669860839846,66.66782516586295,-0.005457091363450517,0.005241727790281158,398.921142578125,1
2023-04-21,SPY,398.921142578125,399.9605224609375,394.77754669189454,57.345389543821256,0.0007769279649663119,0.005145652840344178,399.3372497558594,1
2023-04-24,SPY,399.3372497558594,399.70696411132815,395.5943572998047,54.71340502756653,0.0010430812842989745,0.005145756877641851,392.99822998046875,0
2023-04-25,SPY,392.99822998046875,398.1333435058594,396.0584091186523,44.47427526278984,-0.015873850434103165,0.007365579311314133,391.33367919921875,0
2023-04-26,SPY,391.33367919921875,396.2403503417969,396.48229827880857,43.20760459057513,-0.00423551724732385,0.007373469549356247,399.12432861328125,1
2023-04-27,SPY,399.12432861328125,396.3429260253906,397.01748046875,55.69503520558778,0.01990794513266625,0.00892265843721192,402.53094482421875,1
2023-04-28,SPY,402.53094482421875,397.06488647460935,397.6092803955078,59.83751289741347,0.008535225659566992,0.009286832761710356,402.12445068359375,0
2023-05-01,SPY,402.12445068359375,397.62232666015626,397.905419921875,58.9589092439542,-0.0010098456922423837,0.009251433418103677,397.60491943359375,0
2023-05-02,SPY,397.60491943359375,398.5436645507813,397.9000961303711,54.171295864991755,-0.011239135651455623,0.009955297201857567,394.8757629394531,0
2023-05-03,SPY,394.8757629394531,399.2520812988281,397.86864471435547,42.183201465413,-0.006863990762560057,0.010133750376812611,392.078857421875,0
2023-05-04,SPY,392.078857421875,397.8429870605469,397.7491195678711,39.91861357746289,-0.007083001237548681,0.010218028008165117,399.3372497558594,1
2023-05-05,SPY,399.3372497558594,397.204248046875,397.9155776977539,48.765137764846244,0.018512582855684023,0.012051893696511624,399.4436950683594,1
2023-05-08,SPY,399.4436950683594,396.6680969238281,398.06703491210936,48.56943681619804,0.00026655492961169536,0.012048139631518484,397.6920166015625,0
2023-05-09,SPY,397.6920166015625,396.6855163574219,398.1255859375,46.62257836894444,-0.004385295070177819,0.010844174501342261,399.5501403808594,1
2023-05-10,SPY,399.5501403808594,397.6203918457031,398.3578536987305,51.448172565170005,0.0046722682420816675,0.010709391299627303,398.8533020019531,0
2023-05-11,SPY,398.8533020019531,398.97528076171875,398.2930084228516,50.23865394208381,-0.0017440573997596909,0.008720023286369158,398.330810546875,0
2023-05-12,SPY,398.330810546875,398.77399291992185,398.25091247558595,49.12432434811513,-0.0013099840278508745,0.008184372084842252,399.7049865722656,1
2023-05-15,SPY,399.7049865722656,398.8262512207031,398.2059097290039,59.37269980541774,0.003449836138720963,0.008305497622582802,397.0339050292969,0
2023-05-16,SPY,397.0339050292969,398.69462890625,398.0142883300781,57.85390153924312,-0.006682632523239307,0.0077625263576314605,401.8535461425781,1
2023-05-17,SPY,401.8535461425781,399.1553100585937,398.0670333862305,54.128647318072126,0.01213911721953731,0.008238671568743111,405.724609375,1
2023-05-18,SPY,405.724609375,400.5295715332031,398.42269134521484,54.69451487458161,0.009633019963567468,0.007929814801050846,405.1343078613281,0
2023-05-19,SPY,405.1343078613281,401.89027099609376,398.733349609375,54.42232428592759,-0.001454931497946843,0.0059949030209262705,405.298828125,1
2023-05-22,SPY,405.298828125,403.0090393066406,399.031428527832,62.43939033490601,0.00040608820452736616,0.005991982434566691,400.7502136230469,0
2023-05-23,SPY,400.7502136230469,403.75230102539064,399.4190277099609,59.158795558743435,-0.011222866157782896,0.007034169416339398,397.8468933105469,0
2023-05-24,SPY,397.8468933105469,402.9509704589844,399.7446884155273,59.04370627053788,-0.0072447130751399635,0.007307266641429509,401.2922058105469,1
2023-05-25,SPY,401.2922058105469,402.0644897460937,399.85308227539065,53.536369792394666,0.008659895447042487,0.007817935678243373,406.4891662597656,1
2023-05-26,SPY,406.4891662597656,402.33546142578126,400.05099334716795,60.39278503641372,0.012950564137476084,0.00867672355851257,406.6440124511719,1
2023-05-30,SPY,406.6440124511719,402.6044982910156,400.2769714355469,63.8085852251769,0.00038093559253016274,0.008676507680691514,404.3891296386719,0
2023-05-31,SPY,404.3891296386719,403.3322814941406,400.6161819458008,57.4949239237374,-0.005545102702749771,0.008560252044495528,408.231201171875,1
2023-06-01,SPY,408.231201171875,405.4091430664063,401.28395385742186,63.06026476080204,0.009500926834101753,0.00824339847429592,414.13470458984375,1
2023-06-02,SPY,414.13470458984375,407.97764282226564,402.3867462158203,69.00636662388926,0.014461176414301669,0.008882381323354217,413.341064453125,0
2023-06-05,SPY,413.341064453125,409.3480224609375,403.0869369506836,66.66615806632151,-0.0019163816215420626,0.00890401159102506,414.24114990234375,1
2023-06-06,SPY,414.24114990234375,410.86744995117186,403.8268096923828,71.96941453851875,0.002177585356561762,0.008885427702890665,412.8088684082031,0
2023-06-07,SPY,412.8088684082031,412.5513977050781,404.58265228271483,65.35109867607477,-0.0034576031243594985,0.00786022962173871,415.30572509765625,1
2023-06-08,SPY,415.30572509765625,413.9663024902344,405.3704315185547,63.89721620547386,0.006048456999194318,0.0070143026597418055,416.0508728027344,1
2023-06-09,SPY,416.0508728027344,414.3495361328125,406.2303100585938,65.73642124108298,0.0017942148640086586,0.00687764597931881,419.8252868652344,1
2023-06-12,SPY,419.8252868652344,415.64638061523436,407.3050338745117,68.88073482223797,0.009072001308574551,0.006386007114553997,422.5931091308594,1
2023-06-13,SPY,422.5931091308594,417.3167724609375,408.4494400024414,79.77356818824813,0.0065927955085598455,0.006377858173479543,423.09637451171875,1
2023-06-14,SPY,423.09637451171875,419.3742736816406,409.7525634765625,86.96204152669657,0.0011908982186066286,0.005578250570549845,428.341796875,1
2023-06-15,SPY,428.341796875,421.9814880371094,411.0769760131836,87.51908099433133,0.012397701042309306,0.005928353112912013,426.88275146484375,0
2023-06-16,SPY,426.88275146484375,424.1478637695312,412.13488311767577,81.62049320770761,-0.0034062643916630275,0.00537150622740349,424.66802978515625,0
2023-06-20,SPY,424.66802978515625,425.1164123535156,413.1115692138672,76.41852640453851,-0.005188126416651229,0.005790842823170043,422.49212646484375,0
2023-06-21,SPY,422.49212646484375,425.0962158203125,413.9712341308594,76.80961198481711,-0.00512377473155512,0.006304636534321449,424.0172424316406,1
2023-06-22,SPY,424.0172424316406,425.2803894042969,415.13458557128905,75.02228836637151,0.0036098092041574326,0.006015349386289314,420.8116149902344,0
2023-06-23,SPY,420.8116149902344,423.77435302734375,416.28282165527344,61.67109070643225,-0.007560134637503713,0.00667636985922555,419.09228515625,0
2023-06-26,SPY,419.09228515625,422.216259765625,417.1728256225586,59.80529476204348,-0.0040857470961781495,0.006887312819480852,423.68695068359375,1
2023-06-27,SPY,423.68695068359375,422.0200439453125,418.03271484375,64.19264938395212,0.010963374154288497,0.0071617471182805785,423.90069580078125,1
2023-06-28,SPY,423.90069580078125,422.3017578125,418.89554901123046,67.28813432681105,0.0005044883181855031,0.006880995493073521,425.57135009765625,1
2023-06-29,SPY,425.57135009765625,422.6125793457031,419.9546600341797,66.37425861077924,0.003941145446149763,0.006973557257122733,430.5934143066406,1
2023-06-30,SPY,430.5934143066406,424.5689392089844,421.072770690918,70.31256733536877,0.011800757282725893,0.006863076338374435,431.0888671875,1
2023-07-03,SPY,431.0888671875,426.9682556152344,421.9204788208008,67.27879018318485,0.0011506280969419969,0.00672135140439024,430.44775390625,0
2023-07-05,SPY,430.44775390625,428.32041625976564,422.775813293457,62.91778088755453,-0.001487195170296829,0.006438628490404134,427.0769958496094,0
2023-07-06,SPY,427.0769958496094,428.95567626953124,423.4176055908203,56.12639576259956,-0.007830818086635327,0.006789401828001668,425.9988098144531,0
2023-07-07,SPY,425.9988098144531,429.0411682128906,424.0771026611328,46.215176881109436,-0.0025245706175565097,0.006814582741885164,427.0769958496094,1
2023-07-10,SPY,427.0769958496094,428.3378845214844,424.6656661987305,50.513005940901756,0.0025309602053251723,0.006210934166160052,429.7968444824219,1
2023-07-11,SPY,429.7968444824219,428.07947998046876,425.3529647827148,58.820586585454414,0.006368520569462577,0.0060445695930344285,433.2549743652344,1
2023-07-12,SPY,433.2549743652344,428.64092407226565,426.02444915771486,67.55919771394393,0.008045963871551765,0.005650494180373129,436.6937255859375,1
2023-07-13,SPY,436.6937255859375,430.56427001953125,426.72947998046874,69.38867235385064,0.00793701497770738,0.005879569352318111,436.4217224121094,0
2023-07-14,SPY,436.4217224121094,432.6488525390625,427.39574737548827,76.28564283642335,-0.0006228694343229924,0.005974191971804221,437.93707275390625,1
2023-07-17,SPY,437.93707275390625,434.82086791992185,427.8755111694336,81.98125072746082,0.0034722156665838444,0.005047959073627123,441.1911926269531,1
2023-07-18,SPY,441.1911926269531,437.0997375488281,428.59093322753904,81.01157811189208,0.007430564972688458,0.005352888844013787,442.17230224609375,1
2023-07-19,SPY,442.17230224609375,438.883203125,429.4661468505859,81.49618512611657,0.0022237742628061774,0.005184691789365191,439.2386779785156,0
2023-07-20,SPY,439.2386779785156,439.39219360351564,430.30347442626953,72.73776755735452,-0.006634572660196625,0.00492177609068393,439.2386779785156,0
2023-07-21,SPY,439.2386779785156,439.95558471679686,431.0645462036133,67.2156813782466,0.0,0.004675609343744842,441.2008972167969,1
2023-07-24,SPY,441.2008972167969,440.608349609375,432.0840103149414,68.98154450713308,0.004467318878455417,0.004690639848908605,442.40545654296875,1
2023-07-25,SPY,442.40545654296875,440.8512023925781,433.24966888427736,71.96271280975013,0.0027301833105293216,0.004562856806445517,442.4734191894531,1
2023-07-26,SPY,442.4734191894531,440.91142578125,434.1889923095703,82.26035038219246,0.00015362072388391823,0.004246410109726188,439.53985595703125,0
2023-07-27,SPY,439.53985595703125,440.97166137695314,434.9709503173828,76.560407305068,-0.006629919686013563,0.004517463851340697,443.84307861328125,1
2023-07-28,SPY,443.84307861328125,441.8925415039063,435.88453674316406,79.118876868613,0.009790289999709767,0.005318317795051688,444.68817138671875,1
2023-07-31,SPY,444.68817138671875,442.5899963378906,436.58927459716796,77.61629901915315,0.0019040350388652705,0.005283271192431757,443.4156799316406,0
2023-08-01,SPY,443.4156799316406,442.792041015625,437.205615234375,70.54252189311985,-0.0028615365484311317,0.005004123577049123,437.2474365234375,0
2023-08-02,SPY,437.2474365234375,441.74684448242186,437.54559936523435,51.20348826772776,-0.013910747155251868,0.006704056017983515,435.994384765625,0
2023-08-03,SPY,435.994384765625,441.0377502441406,437.99146881103513,49.43867479604177,-0.0028657726795965344,0.006459780187122867,434.0223693847656,0
2023-08-04,SPY,434.0223693847656,439.0736083984375,438.3926467895508,43.402075758375446,-0.004523029309011495,0.006561142465203136,437.810791015625,1
2023-08-07,SPY,437.810791015625,437.69813232421876,438.92933654785156,44.49172505255502,0.008728632204440423,0.007085696211283973,435.9069519042969,0
2023-08-08,SPY,435.9069519042969,436.19638671875,439.23484191894534,39.93500052137771,-0.004348543138719019,0.0070530775281229365,432.9927062988281,0
2023-08-09,SPY,432.9927062988281,435.34544067382814,439.221728515625,39.90579271268054,-0.006685476321810491,0.007209471234030939,433.1481628417969,1
2023-08-10,SPY,433.1481628417969,434.7761962890625,439.044450378418,40.21419865500542,0.00035902808686438803,0.0070631468657752616,432.8955993652344,0
2023-08-11,SPY,432.8955993652344,434.55084228515625,438.8681442260742,35.8171434966728,-0.0005830879551825818,0.0058955667073436755,435.2851867675781,1
2023-08-14,SPY,435.2851867675781,434.04572143554685,438.7355499267578,38.41733553279681,0.005520008532883258,0.0062918151712665705,430.21466064453125,0
2023-08-15,SPY,430.21466064453125,432.9072631835937,438.18672332763674,32.730668436827344,-0.011648744954315005,0.0069829939932787854,427.0576477050781,0
2023-08-16,SPY,427.0576477050781,431.7202514648437,437.4309906005859,32.444691035377105,-0.007338227234570338,0.006094262289562704,423.8034973144531,0
2023-08-17,SPY,423.8034973144531,429.851318359375,436.6592315673828,20.92822600456786,-0.007619932363024384,0.006321176062123749,424.00750732421875,1
2023-08-18,SPY,424.00750732421875,428.0736999511719,435.89767303466795,19.476232780224862,0.0004813787782742551,0.006368752740767624,426.7662353515625,1
2023-08-21,SPY,426.7662353515625,426.3699096679687,435.1759399414062,26.62185430262052,0.0065063188261764715,0.005966720408759723,425.6102600097656,0
2023-08-22,SPY,425.6102600097656,425.44902954101565,434.33618011474607,30.8872000417242,-0.00270868509746236,0.005933805909808846,430.3505859375,1
2023-08-23,SPY,430.3505859375,426.1076171875,433.73003845214845,41.864144873583435,0.011137715354008648,0.007063371796066331,424.3863525390625,0
2023-08-24,SPY,424.3863525390625,426.22418823242185,432.97236328125,37.398634941983936,-0.013859010753859424,0.008192056671781033,427.3782043457031,1
2023-08-25,SPY,427.3782043457031,426.89832763671876,432.1491195678711,36.17440454282758,0.007049830393321299,0.008680918816849655,430.0883483886719,1
2023-08-28,SPY,430.0883483886719,427.5627502441406,431.41912841796875,42.5729994786177,0.006341324886040667,0.008755630018562902,436.3052062988281,1
2023-08-29,SPY,436.3052062988281,429.7017395019531,431.0636047363281,54.23224483810118,0.014454839182339585,0.009164679810105754,438.1022033691406,1
2023-08-30,SPY,438.1022033691406,431.25206298828124,431.1063430786133,55.96389615129056,0.004118669785209361,0.008646192333760303,437.46112060546875,0
2023-08-31,SPY,437.46112060546875,433.8670166015625,431.17967987060547,55.472503961577154,-0.001463317825707633,0.008036050976244402,438.2770080566406,1
2023-09-01,SPY,438.2770080566406,436.04677734375,431.39241180419924,53.787640779770726,0.0018650513445461758,0.007995737922354746,436.38287353515625,0
2023-09-05,SPY,436.38287353515625,437.30568237304686,431.3210159301758,58.202536031525845,-0.004321774783220156,0.008249117334545104,433.4493103027344,0
2023-09-06,SPY,433.4493103027344,436.7345031738281,431.19813385009763,58.606817034893524,-0.006722452713730398,0.008607676016255277,432.1184997558594,0
2023-09-07,SPY,432.1184997558594,435.5377624511719,431.15442352294923,61.77731130370241,-0.003070279534983067,0.008061404660207652,432.76934814453125,1
2023-09-08,SPY,432.76934814453125,434.5994079589844,431.13548278808594,62.23746351706724,0.0015061803395124418,0.006306647359009052,435.61553955078125,1
2023-09-11,SPY,435.61553955078125,434.0671142578125,431.27147979736327,62.26865671063356,0.00657669360931612,0.006265995235783943,433.2258605957031,0
2023-09-12,SPY,433.2258605957031,433.4357116699219,431.1685134887695,60.303003288974274,-0.005485752316233827,0.006453889866152354,433.7309875488281,1
2023-09-13,SPY,433.7309875488281,433.49204711914064,431.3443298339844,55.22809824753592,0.001165966760226178,0.004339140232142473,437.4708251953125,1
2023-09-14,SPY,437.4708251953125,434.56251220703126,431.86498870849607,71.05243121965204,0.008622482031130696,0.005055919790427686,432.2000427246094,0
2023-09-15,SPY,432.2000427246094,434.4486511230469,432.2848159790039,57.41952785852742,-0.012048306234707096,0.0063163581682497095,432.4534606933594,1
2023-09-18,SPY,432.4534606933594,433.8162353515625,432.7071136474609,54.016442470456816,0.0005863441547864223,0.0062603057907739765,431.55657958984375,0
2023-09-19,SPY,431.55657958984375,433.4823791503906,432.946630859375,40.990318096253986,-0.0020739367007900356,0.006180356487254478,427.5892028808594,0
2023-09-20,SPY,427.5892028808594,432.2540222167969,433.0455780029297,31.40985247812526,-0.00919317859260771,0.0064728193212498465,420.5218505859375,0
2023-09-21,SPY,420.5218505859375,428.8642272949219,432.55414123535155,25.477670779230024,-0.016528369395920173,0.00807341371490466,419.5763244628906,0
2023-09-22,SPY,419.5763244628906,426.3394836425781,432.31363983154296,23.028849795073825,-0.0022484589605258343,0.00794298081022508,421.3406982421875,1
2023-09-25,SPY,421.3406982421875,424.11693115234374,432.0117645263672,28.316624169447067,0.004205131882871305,0.007653320032798831,415.150634765625,0
2023-09-26,SPY,415.150634765625,420.8357421875,431.26487884521487,25.75246519522254,-0.014691349547734545,0.008456912601863837,415.31634521484375,1
2023-09-27,SPY,415.31634521484375,418.38117065429685,430.21543579101564,27.026366941695443,0.00039915740298046565,0.008405969775292952,417.7241516113281,1
2023-09-28,SPY,417.7241516113281,417.821630859375,429.196533203125,30.520515679031007,0.005797523801378102,0.007959138934852008,416.7104187011719,0
2023-09-29,SPY,416.7104187011719,417.2484497070312,428.1589981079102,24.307865108051047,-0.002426799854032602,0.007525701126504989,416.54461669921875,0
2023-10-02,SPY,416.54461669921875,416.2892333984375,427.07237854003904,25.846403276421114,-0.0003978830250270793,0.0074708512378590716,410.96875,0
2023-10-03,SPY,410.96875,415.4528564453125,425.8016723632812,21.176667221320287,-0.013386001104522705,0.008030103011763833,413.9613952636719,1
2023-10-04,SPY,413.9613952636719,415.18186645507814,424.8272766113281,20.01885677565471,0.007281929012052268,0.008701356677382041,413.8053894042969,0
2023-10-05,SPY,413.8053894042969,414.3981140136719,423.91162109375,22.954406055063032,-0.0003768608888653491,0.007345779352563892,418.71844482421875,1
2023-10-06,SPY,418.71844482421875,414.7997192382812,423.2090759277344,32.52286842223769,0.011872864746867107,0.008474530420711902,421.3992004394531,1
2023-10-09,SPY,421.3992004394531,415.7706359863281,422.49825897216795,37.76884909122915,0.006402286902741583,0.008627727997801777,423.5924987792969,1
2023-10-10,SPY,423.5924987792969,418.2953857421875,422.01659088134767,45.126014520242784,0.005204799481243638,0.006989818932880559,425.32763671875,1
2023-10-11,SPY,425.32763671875,420.5686340332031,421.59642333984374,57.4457232167381,0.004096243310383052,0.006991331752401452,422.7346496582031,0
2023-10-12,SPY,422.7346496582031,422.3544860839844,420.85961456298827,54.77071103299009,-0.006096446213913698,0.007352779191874597,420.62908935546875,0
2023-10-13,SPY,420.62908935546875,422.7366149902344,420.28106689453125,49.21991170176515,-0.004980808420688487,0.007535513130708607,425.0546569824219,1
2023-10-16,SPY,425.0546569824219,423.46770629882815,419.9111267089844,65.08772004057428,0.010521306630823846,0.008087463165461864,425.0351867675781,0
2023-10-17,SPY,425.0351867675781,423.75624389648436,419.5850570678711,64.87327653592257,-4.580637930651221e-05,0.006118141048393826,419.3715515136719,0
2023-10-18,SPY,419.3715515136719,422.5650268554688,419.1741744995117,52.51328207507007,-0.013325097380709972,0.007878118847932429,415.6867980957031,0
2023-10-19,SPY,415.6867980957031,421.15545654296875,418.932421875,48.91357423973488,-0.008786369520462411,0.008504195702711463,410.5788269042969,0
2023-10-20,SPY,410.5788269042969,419.14540405273436,418.4825469970703,43.356890780146045,-0.012288028426224562,0.00834030844989271,409.8671569824219,0
2023-10-23,SPY,409.8671569824219,416.1079040527344,417.908869934082,48.78868874046241,-0.0017333332243186783,0.007817664691452121,412.9573669433594,1
2023-10-24,SPY,412.9573669433594,413.6923400878906,417.79920654296876,48.93013444608645,0.0075395403322595644,0.008110778848212624,407.030517578125,0
2023-10-25,SPY,407.030517578125,411.22413330078126,417.3849151611328,42.55394376424214,-0.01435220640112056,0.008528565751872679,402.156494140625,0
2023-10-26,SPY,402.156494140625,408.5180725097656,416.60653228759764,31.45333876322796,-0.011974589685562087,0.00885815000248933,400.33355712890625,0
2023-10-27,SPY,400.33355712890625,406.4690185546875,415.7876892089844,25.94097444110409,-0.004532904573912755,0.00885906734149341,405.1198425292969,1
2023-10-30,SPY,405.1198425292969,405.5195556640625,415.2164505004883,30.3958911976393,0.01195574369212693,0.009143515282339787,407.6641540527344,1
2023-10-31,SPY,407.6641540527344,404.4609130859375,415.051220703125,31.724641337247718,0.006280392260108902,0.009706969734777644,412.0117492675781,1
2023-11-01,SPY,412.0117492675781,405.4571594238281,414.9537384033203,39.469927956706016,0.01066464925018007,0.01013470086003598,419.9077453613281,1
2023-11-02,SPY,419.9077453613281,409.0074096679688,415.25885620117185,49.65748188675996,0.01916449253640584,0.011703106728586779,423.7387390136719,1
2023-11-03,SPY,423.7387390136719,413.6884460449219,415.5098709106445,49.123406717142565,0.009123417452200577,0.010919596261541747,424.7135009765625,1
2023-11-06,SPY,424.7135009765625,417.607177734375,415.6755859375,50.01345931425809,0.0023003843480526864,0.010790292002353501,425.9222717285156,1
2023-11-07,SPY,425.9222717285156,421.25880126953126,415.7920745849609,56.55940462580001,0.002846085064811321,0.010702428249294205,426.23419189453125,1
2023-11-08,SPY,426.23419189453125,424.10328979492186,415.83740234375,61.13792864691695,0.0007323405858767895,0.008867639353268068,422.91009521484375,0
2023-11-09,SPY,422.91009521484375,424.703759765625,415.846174621582,63.61060999602081,-0.007798756512030436,0.00805892140827769,429.509521484375,1
2023-11-10,SPY,429.509521484375,425.8579162597656,416.29019622802736,69.04110355217338,0.015604797199694875,0.007906291709204366,429.1001281738281,0
2023-11-13,SPY,429.1001281738281,426.73524169921876,416.49246978759766,66.51139922377986,-0.00095316469151141,0.00807513180877603,437.4250183105469,1
2023-11-14,SPY,437.4250183105469,429.035791015625,417.1119613647461,79.51925011364455,0.019400810184205586,0.009156050228169992,438.3510437011719,1
2023-11-15,SPY,438.3510437011719,431.45916137695315,418.0609359741211,88.29271094193679,0.002116992288647701,0.009186113339379243,438.88720703125,1
2023-11-16,SPY,438.88720703125,434.6545837402344,419.22095642089846,92.05562461225338,0.0012231368848836244,0.008068404161366022,439.4330749511719,1
2023-11-17,SPY,439.4330749511719,436.63929443359376,420.6636688232422,91.19994501477719,0.001243754457128654,0.007946165667193972,442.815673828125,1
2023-11-20,SPY,442.815673828125,439.3824035644531,422.3110946655273,91.32358761528518,0.0076976428716226675,0.008025579094309168,441.8506164550781,0
2023-11-21,SPY,441.8506164550781,440.26752319335935,423.7557571411133,88.16768657978298,-0.002179365885367157,0.00827406391273053,443.5565185546875,1
2023-11-22,SPY,443.5565185546875,441.3086181640625,425.5820571899414,85.81851062087175,0.0038608118583054463,0.00820789693698756,443.8294372558594,1
2023-11-24,SPY,443.8294372558594,442.29706420898435,427.66570434570315,84.05896666314734,0.0006152963371188758,0.007235157134120602,443.0301208496094,0
2023-11-27,SPY,443.0301208496094,443.0164733886719,429.80053253173827,81.29642810042145,-0.0018009540133075985,0.0064105470743907435,443.4687805175781,1
2023-11-28,SPY,443.4687805175781,443.1470947265625,431.71797943115234,80.77220646808624,0.0009901350886198923,0.006301801643656623,443.1568603515625,0
2023-11-29,SPY,443.1568603515625,443.40834350585936,433.49261474609375,79.70112828180714,-0.000703364429964104,0.0028764162899259905,444.9017639160156,1
2023-11-30,SPY,444.9017639160156,443.677392578125,435.1371154785156,90.95608403903307,0.003937440036624551,0.0029888275991674968,447.53375244140625,1
2023-12-01,SPY,447.53375244140625,444.4182556152344,436.5184158325195,89.29142336361576,0.005915886918999691,0.003295238971727582,445.1844787597656,0
2023-12-04,SPY,445.1844787597656,444.8491271972656,437.59070281982423,82.5536507097185,-0.005249377658835264,0.004013088868863347,445.0966796875,0
2023-12-05,SPY,445.0966796875,445.17470703125,438.60986175537107,73.15154594475544,-0.00019721952685824995,0.003335928314958606,443.3030700683594,0
2023-12-06,SPY,443.3030700683594,445.2039489746094,439.4789016723633,64.2821993119137,-0.004029707928623338,0.003546871627591206,446.6856689453125,1
2023-12-07,SPY,446.6856689453125,445.56072998046875,440.50147552490233,69.2517511155058,0.007630443155810962,0.004117741398681327,448.60601806640625,1
2023-12-08,SPY,448.60601806640625,445.7751831054687,441.7862716674805,71.16486254893198,0.004299106182716672,0.004270200320799374,450.3509216308594,1
2023-12-11,SPY,450.3509216308594,446.8084716796875,442.8283416748047,68.74084168639993,0.003889612475494797,0.004222636512818534,452.40777587890625,1
2023-12-12,SPY,452.40777587890625,448.27069091796875,443.9937240600586,74.8762990727211,0.00456722557733058,0.004311268859345706,458.64654541015625,1
2023-12-13,SPY,458.64654541015625,451.3393859863281,445.05480041503904,79.20603280762943,0.013790146553360527,0.005555802682708825,460.11846923828125,1
2023-12-14,SPY,460.11846923828125,454.02594604492185,446.1431716918945,80.10188448932203,0.0032092770410134808,0.005553553598372131,459.36090087890625,0
2023-12-15,SPY,459.36090087890625,456.1769226074219,447.16685638427737,80.30794357295974,-0.001646463704508827,0.005683618997496312,461.94482421875,1
2023-12-18,SPY,461.94482421875,458.495703125,448.2924438476563,81.71883159554838,0.005625039777873653,0.00500968482797689,464.7538757324219,1
2023-12-19,SPY,464.7538757324219,460.9649230957031,449.3893539428711,84.1257048900647,0.006080924314765479,0.004856139893540107,458.3136291503906,0
2023-12-20,SPY,458.3136291503906,460.89833984375,450.2125045776367,68.77008888259851,-0.013857327325956903,0.007177913822820724,462.65936279296875,1
2023-12-21,SPY,462.65936279296875,461.4065185546875,451.16764678955076,70.10299689587242,0.009482008315210066,0.007322764679824438,463.58917236328125,1
2023-12-22,SPY,463.58917236328125,462.2521728515625,452.1556335449219,75.43307787927115,0.0020097065899615796,0.00733231411452993,465.54669189453125,1
2023-12-26,SPY,465.54669189453125,462.97254638671876,453.28146209716795,76.83943447863119,0.004222530740463526,0.007335967796458666,466.388427734375,1
2023-12-27,SPY,466.388427734375,463.29945678710936,454.4274444580078,81.1200628272127,0.0018080589004259018,0.007336916640152638,466.5645751953125,1
2023-12-28,SPY,466.5645751953125,464.94964599609375,455.5978302001953,79.29101845365804,0.00037768403001159356,0.006314664017810632,465.2138671875,0
2023-12-29,SPY,465.2138671875,465.460546875,456.61343536376955,74.95432146521031,-0.0028950076358605914,0.0064495047685631,462.61041259765625,0
2024-01-02,SPY,462.61041259765625,465.264794921875,457.36726837158204,68.07794282587,-0.005596253193360767,0.00675166900375577,458.8323974609375,0
2024-01-03,SPY,458.8323974609375,463.92193603515625,458.04966430664064,59.16852666091871,-0.008166731733305288,0.00704207064099398,457.35443115234375,0
2024-01-04,SPY,457.35443115234375,462.11513671875,458.6625518798828,48.11746113653083,-0.0032211463636230286,0.00665753890589421,457.98089599609375,1
2024-01-05,SPY,457.98089599609375,460.3984008789063,459.39644317626954,46.679232405522455,0.0013697578968931978,0.005096822553000793,464.51898193359375,1
2024-01-08,SPY,464.51898193359375,460.259423828125,460.2881088256836,57.28915182001741,0.01427589227991688,0.006200153751895317,463.8143005371094,0
2024-01-09,SPY,463.8143005371094,460.5002014160156,461.04852294921875,52.920049669348856,-0.0015170131337821635,0.006199886179449207,466.4373474121094,1
2024-01-10,SPY,466.4373474121094,462.02119140625,461.85284423828125,52.65096553398784,0.005655381630023992,0.006321981662991089,466.2318115234375,0
2024-01-11,SPY,466.2318115234375,463.7966674804687,462.54404602050784,64.22413095480516,-0.0004406505821461515,0.0062987365262760645,466.5548095703125,1
2024-01-12,SPY,466.5548095703125,465.5114501953125,462.9394592285156,58.20593999891389,0.0006927842307018484,0.006301711187658522,464.8419189453125,0
2024-01-16,SPY,464.8419189453125,465.57603759765624,463.1756317138672,52.684009330783184,-0.003671359912841843,0.00634617992432801,462.258056640625,0
2024-01-17,SPY,462.258056640625,465.26478881835936,463.32048950195315,43.76682409473694,-0.0055585828200478415,0.006342539923145909,466.36883544921875,1
2024-01-18,SPY,466.36883544921875,465.25108642578124,463.54169006347655,50.15847880689524,0.008892822417132296,0.006212164229519421,472.1826477050781,1
2024-01-19,SPY,472.1826477050781,466.4412536621094,463.9131286621094,58.25455721474452,0.012466125122317262,0.0067990170009750925,473.1810302734375,1
2024-01-22,SPY,473.1810302734375,467.76649780273436,464.65649871826173,61.74339076010752,0.0021143991063876655,0.006780596394175394,474.56103515625,1
2024-01-23,SPY,474.56103515625,469.7103210449219,465.25158233642577,68.1851973635966,0.002916441688321836,0.0055812847261066945,475.07977294921875,1
2024-01-24,SPY,475.07977294921875,472.2746643066406,465.8261123657227,77.44593745328699,0.0010930897282748209,0.005449966161869682,477.6636962890625,1
2024-01-25,SPY,477.6636962890625,474.53363647460935,466.43196258544924,83.07553382461562,0.00543892518050848,0.005436083127887104,477.056884765625,0
2024-01-26,SPY,477.056884765625,475.50848388671875,466.9653854370117,81.1253535680452,-0.0012703739642593304,0.005490225752361544,480.8348693847656,1
2024-01-29,SPY,480.8348693847656,477.03925170898435,467.67890014648435,79.11390832368997,0.007919358759483686,0.00572411821881944,480.4629821777344,0
2024-01-30,SPY,480.4629821777344,478.2196411132812,468.4413558959961,80.11263244764544,-0.0007734197969192502,0.005411757393511631,472.6230773925781,0
2024-01-31,SPY,472.6230773925781,477.7283020019531,468.9419891357422,59.70459626473886,-0.0163173960866273,0.00788028768282679,478.80889892578125,1
2024-02-01,SPY,478.80889892578125,477.95734252929685,469.94081420898436,66.43958665164556,0.013088276533870902,0.008369841203145238,483.8494873046875,1
2024-02-02,SPY,483.8494873046875,479.31586303710935,471.26556701660155,70.02524081814116,0.010527348990828855,0.008136861446281772,482.0876770019531,0
2024-02-05,SPY,482.0876770019531,479.56642456054686,472.47090606689454,70.04816480736113,-0.0036412362707020085,0.008365450373966113,483.48736572265625,1
2024-02-06,SPY,483.48736572265625,480.1713012695312,473.41932525634763,75.3784741246733,0.002903390373733661,0.008365274861525333,487.5197448730469,1
2024-02-07,SPY,487.5197448730469,483.150634765625,474.6045974731445,75.22526480837455,0.008340195496863823,0.008598577438447394,487.7351379394531,1
2024-02-08,SPY,487.7351379394531,484.9358825683594,475.6694869995117,71.3456465910408,0.0004418140366033718,0.008561774927187767,490.55401611328125,1
2024-02-09,SPY,490.55401611328125,486.27678833007815,476.8855972290039,72.65106365375067,0.005779526539213764,0.008541649448904811,490.3386535644531,0
2024-02-12,SPY,490.3386535644531,487.92698364257814,478.0747894287109,71.21907788112848,-0.0004390190310425979,0.00839565305945836,483.5851745605469,0
2024-02-13,SPY,483.5851745605469,487.94654541015626,479.01195220947267,60.051629779135105,-0.013773091219329126,0.009765853050178132,487.9798583984375,1
2024-02-14,SPY,487.9798583984375,488.0385681152344,480.2980422973633,61.597332967501956,0.009087714158905413,0.007993228032221045,491.34674072265625,1
2024-02-15,SPY,491.34674072265625,488.760888671875,481.5469375610352,65.03184771431555,0.006899633798962412,0.007359758313603068,488.89990234375,0
2024-02-16,SPY,488.89990234375,488.43006591796876,482.38280029296874,58.83777725121524,-0.004979860811343828,0.00713714924897818,486.2082824707031,0
2024-02-20,SPY,486.2082824707031,487.60399169921874,483.034162902832,56.10073480227414,-0.005505462079545165,0.007296219262540077,486.6487121582031,1
2024-02-21,SPY,486.6487121582031,488.21669921875,483.6385467529297,67.16732025373523,0.0009058457113522156,0.007261793774063157,496.72015380859375,1
2024-02-22,SPY,496.72015380859375,489.9647583007812,484.72056579589844,69.82667562039912,0.02069550663295816,0.009436247497502992,497.062744140625,1
2024-02-23,SPY,497.062744140625,491.107958984375,485.6905181884766,66.29637933140512,0.0006897049161473934,0.00943228310713523,495.2421875,0
2024-02-26,SPY,495.2421875,492.376416015625,486.5997833251953,66.27951568995573,-0.0036626294408215188,0.009477277782639053,496.1622314453125,1
2024-02-27,SPY,496.1622314453125,494.36720581054686,487.3661514282227,65.85500435397674,0.0018577656922906804,0.009466573483141696,495.50653076171875,0
2024-02-28,SPY,495.50653076171875,496.13876953125,488.1183288574219,60.96533410589039,-0.0013215449343729757,0.007976834624611294,497.28778076171875,1
2024-02-29,SPY,497.28778076171875,496.252294921875,489.35156402587893,62.519478527068955,0.003594806303080844,0.007652786339300385,501.9565124511719,1
2024-03-01,SPY,501.9565124511719,497.2310485839844,490.5089447021484,64.15305912721968,0.009388390123525214,0.007870197049402347,501.4181823730469,0
2024-03-04,SPY,501.4181823730469,498.46624755859375,491.3873794555664,63.6660011594532,-0.0010724635795563708,0.007567148205649836,496.4069519042969,0
2024-03-05,SPY,496.4069519042969,498.51519165039065,492.1033432006836,66.6864140798231,-0.009994113984924669,0.00820479455478276,498.92236328125,1
2024-03-06,SPY,498.92236328125,499.1983581542969,492.8750930786133,64.91558616389324,0.005067236402116482,0.00824248490185102,503.8748779296875,1
2024-03-07,SPY,503.8748779296875,500.5157775878906,493.69284973144534,66.26558303597015,0.009926423453674005,0.006004143437515774,500.8504943847656,0
2024-03-08,SPY,500.8504943847656,500.29457397460936,494.34861755371094,65.41536022424387,-0.00600225110914121,0.006454043083784664,500.4198913574219,0
2024-03-11,SPY,500.4198913574219,500.09491577148435,494.84191131591797,69.46530243389925,-0.0008597436404105263,0.006298752426149084,505.80303955078125,1
2024-03-12,SPY,505.80303955078125,501.97413330078126,495.61513061523436,73.00883575130754,0.010757262623508401,0.0070125006388438915,505.0102233886719,0
2024-03-13,SPY,505.0102233886719,503.19170532226565,496.68638305664064,62.77443038198846,-0.0015674404859518098,0.007025659596999385,504.01190185546875,0
2024-03-14,SPY,504.01190185546875,503.2191101074219,497.4879852294922,60.540698570039424,-0.0019768343034806124,0.0070989633139297344,500.5510559082031,0
2024-03-15,SPY,500.5510559082031,503.1592224121094,497.94820098876954,57.779668178153074,-0.00686659567864345,0.006916750782491346,503.52593994140625,1
2024-03-18,SPY,503.52593994140625,503.7804321289062,498.6795028686523,60.09999379073302,0.005943217975647785,0.007175999367651214,506.3240966796875,1
2024-03-19,SPY,506.3240966796875,503.8846435546875,499.68529357910154,63.93274364170976,0.005557125296477894,0.006293739009033342,511.0072326660156,1
2024-03-20,SPY,511.0072326660156,505.08404541015625,500.90321960449216,66.3540355808587,0.009249285224698367,0.006649257822544378,512.6958618164062,1
2024-03-21,SPY,512.6958618164062,506.8208374023437,501.70200500488284,63.73455599840391,0.0033045112523764075,0.006127463505559207,511.72393798828125,0
2024-03-22,SPY,511.72393798828125,509.0554138183594,502.4350646972656,63.070115425781026,-0.001895712254594062,0.005670470142084321,510.31024169921875,0
2024-03-25,SPY,510.31024169921875,510.4122741699219,503.18846740722654,69.42800768186825,-0.002762615121387757,0.005813360430491812,509.36767578125,0
2024-03-26,SPY,509.36767578125,511.0209899902344,503.84873962402344,65.29536948241085,-0.0018470448777007098,0.005008102519917696,513.6483154296875,1
2024-03-27,SPY,513.6483154296875,511.54920654296876,504.7558288574219,64.50662079011238,0.008403830576551696,0.005474383886763208,513.5501098632812,0
2024-03-28,SPY,513.5501098632812,511.7200561523438,505.5689453125,70.633409132538,-0.00019119222911123668,0.005368835681974465,512.6566772460938,0
2024-04-01,SPY,512.6566772460938,511.90660400390624,506.1039535522461,69.63190705432628,-0.0017397184812701916,0.004634331932493604,509.3970947265625,0
2024-04-02,SPY,509.3970947265625,511.723974609375,506.5028991699219,56.288730219149286,-0.006358217232322438,0.005189370481278735,509.9566955566406,1
2024-04-03,SPY,509.9566955566406,511.84177856445314,507.1803863525391,58.67092692971343,0.0010985552054993963,0.0049570881273756865,503.73211669921875,0
2024-04-04,SPY,503.73211669921875,509.85853881835936,507.4208740234375,49.76960829530804,-0.012206093010755481,0.005474395301727745,508.9945373535156,1
2024-04-05,SPY,508.9945373535156,508.9474243164062,507.6768569946289,61.97311609954463,0.01044686348128776,0.006524416987310418,509.2792053222656,1
2024-04-08,SPY,509.2792053222656,508.2719299316406,508.0982925415039,58.85311603265214,0.0005592750960159432,0.006520827424046313,509.868408203125,1
2024-04-09,SPY,509.868408203125,508.36619262695314,508.5707183837891,55.895675171801265,0.0011569348889604036,0.0064847171732573105,504.762939453125,0
2024-04-10,SPY,504.762939453125,507.32744140625,508.5187133789062,40.284617102730145,-0.010013306703964386,0.007207592975836146,508.5724182128906,1
2024-04-11,SPY,508.5724182128906,508.2955017089844,508.6968231201172,44.110064063935745,0.007547065091373151,0.0070890345668745665,501.5525207519531,0
2024-04-12,SPY,501.5525207519531,506.8070983886719,508.57385406494143,37.38778710803758,-0.013803142304895766,0.00815028720287928,495.26898193359375,0
2024-04-15,SPY,495.26898193359375,504.0050537109375,508.30975036621095,33.23403148101481,-0.012528177126771789,0.008754900263871832,494.3656921386719,0
2024-04-16,SPY,494.3656921386719,500.9045104980469,507.8517379760742,33.24280857657722,-0.0018238367995413451,0.008702506637323632,491.43994140625,0
2024-04-17,SPY,491.43994140625,498.2399108886719,507.10753021240237,24.36883909992123,-0.005918191288244112,0.008621717123647748,490.4287414550781,0
2024-04-18,SPY,490.4287414550781,494.6111755371094,506.07860565185547,23.847587709874503,-0.0020576267127949688,0.00808430244343785,486.1481018066406,0
2024-04-19,SPY,486.1481018066406,491.53029174804686,504.7512176513672,22.079206118381094,-0.00872836211788297,0.006807722789704372,490.6251220703125,1
2024-04-22,SPY,490.6251220703125,490.6015197753906,503.69627685546874,30.915458555092783,0.009209169483608504,0.007979299580127207,496.4471130371094,1
2024-04-23,SPY,496.4471130371094,491.01780395507814,503.0031204223633,37.81204270520506,0.01186647545121522,0.009310639719106142,496.2115173339844,0
2024-04-24,SPY,496.2115173339844,491.972119140625,502.3453125,42.42641107162594,-0.00047456354753216967,0.008951291147891312,494.3264465332031,0
2024-04-25,SPY,494.3264465332031,492.75166015625,501.3792190551758,33.9038916578379,-0.003798925931645547,0.008352045739996853,499.0096740722656,1
2024-04-26,SPY,499.0096740722656,495.323974609375,500.652197265625,39.891973895798166,0.009473957082221318,0.008188574423117738,500.7768859863281,1
2024-04-29,SPY,500.7768859863281,497.3543273925781,500.0582077026367,41.31409871908414,0.003541438184235579,0.007060066749848068,492.8439636230469,0
2024-04-30,SPY,492.8439636230469,496.6336975097656,499.2305511474609,39.05567523483719,-0.015841231065720218,0.008870803162291035,491.24359130859375,0
2024-05-01,SPY,491.24359130859375,495.6401123046875,498.2948959350586,33.32055886883823,-0.003247219064403839,0.008720879038696163,495.8384094238281,1
2024-05-02,SPY,495.8384094238281,495.9425048828125,497.90021057128905,44.39333165131495,0.009353441340566926,0.009158148780616401,501.9844970703125,1
2024-05-03,SPY,501.9844970703125,496.5374694824219,497.5497085571289,57.13695083968996,0.012395343986413287,0.009065906105487543,507.1683349609375,1
2024-05-06,SPY,507.1683349609375,497.8157592773438,497.4441650390625,62.284538410989086,0.01032668921227442,0.009154014107024126,507.72808837890625,1
2024-05-07,SPY,507.72808837890625,500.79258422851564,497.33714904785154,66.32955194424699,0.0011036836872158062,0.008662184410659659,507.777099609375,1
2024-05-08,SPY,507.777099609375,504.0992858886719,497.48785705566405,67.73449698958893,9.65304689468649e-05,0.008643845130610419,510.7027893066406,1
2024-05-09,SPY,510.7027893066406,507.07216186523436,497.59437561035156,75.78832364875159,0.005761759834219227,0.008415057901046803,511.36065673828125,1
2024-05-10,SPY,511.36065673828125,508.9473937988281,498.084782409668,73.62300673736966,0.0012881610310642166,0.008141045021294768,511.4294128417969,1
2024-05-13,SPY,511.4294128417969,509.799609375,498.89280395507814,69.59560205553876,0.00013445716366633498,0.008162850203856356,513.7759399414062,1
2024-05-14,SPY,513.7759399414062,511.0091796875,499.86331634521486,71.72686845701756,0.00458817393112132,0.0051719103324203005,520.137939453125,1
2024-05-15,SPY,520.137939453125,513.48134765625,501.29821624755857,78.68042743494169,0.012382828811415836,0.005037941518501373,519.06787109375,0
2024-05-16,SPY,519.06787109375,515.1543640136719,502.7301727294922,74.24964339304667,-0.002057278037629895,0.005408005716731093,519.81396484375,1
2024-05-17,SPY,519.81396484375,516.8450256347656,504.41346588134763,73.57250784416081,0.001437372242724111,0.004719821602327853,520.4129028320312,1
2024-05-20,SPY,520.4129028320312,518.6417236328125,505.9028549194336,91.87983560509105,0.001152216040331444,0.004097373270127592,521.6892700195312,1
2024-05-21,SPY,521.6892700195312,520.2243896484375,507.1649627685547,96.81191018652964,0.0024526048077482265,0.0040651261407866944,520.1870727539062,0
2024-05-22,SPY,520.1870727539062,520.2342163085938,508.3637405395508,91.4966107976325,-0.002879486606210513,0.004375882947219377,516.3875122070312,0
2024-05-23,SPY,516.3875122070312,519.69814453125,509.4667938232422,76.88872225313304,-0.00730421947389015,0.0051512153319675695,519.80419921875,1
2024-05-24,SPY,519.80419921875,519.69619140625,510.5065200805664,75.1478577658464,0.00661651750081238,0.005438187733471451,520.1674194335938,1
2024-05-28,SPY,520.1674194335938,519.6470947265625,511.4760467529297,74.94185869817925,0.0006987635255537583,0.005423595487932577,516.5249633789062,0
2024-05-29,SPY,516.5249633789062,518.6142333984375,512.6600967407227,65.48648439260472,-0.007002468664134565,0.005952575765420361,513.0985107421875,0
2024-05-30,SPY,513.0985107421875,517.1965209960938,513.7528427124023,54.30347682572768,-0.00663366319084413,0.004646539055011245,517.7718505859375,1
2024-05-31,SPY,517.7718505859375,517.473388671875,514.8495147705078,59.84813482968595,0.009108075244635083,0.005683908793614005,518.1939697265625,1
2024-06-03,SPY,518.1939697265625,517.1513427734375,515.6599884033203,60.267848988259594,0.0008152608917368909,0.005666944657321047,518.7732543945312,1
2024-06-04,SPY,518.7732543945312,516.872509765625,516.240234375,58.03163785973298,0.001117891565342699,0.005665979223013771,524.93896484375,1
2024-06-05,SPY,524.93896484375,518.5553100585937,517.1007781982422,57.690149804457604,0.011885174104464769,0.006839057887548685,524.9291381835938,0
2024-06-06,SPY,524.9291381835938,520.921435546875,517.9583801269531,59.67932219603914,-1.871962421229334e-05,0.006734411161839663,524.291015625,0
2024-06-07,SPY,524.291015625,522.2252685546875,518.637791442871,57.46365907341482,-0.0012156356204607865,0.00615797688290884,525.9110107421875,1
2024-06-10,SPY,525.9110107421875,523.7686767578125,519.3653091430664,58.81841321160477,0.003089877699423038,0.005931583724035933,527.1774291992188,1
2024-06-11,SPY,527.1774291992188,525.44951171875,520.1527099609375,58.78822989033496,0.0024080470481955274,0.005940653569782139,531.5072631835938,1
2024-06-12,SPY,531.5072631835938,526.7631713867188,521.0392761230469,66.46675255301543,0.008213238550353053,0.0054939054967129385,532.5773315429688,1
2024-06-13,SPY,532.5773315429688,528.2928100585938,521.661245727539,75.55666070826123,0.002013271376510639,0.00440282898336452,532.9013671875,1
2024-06-14,SPY,532.9013671875,530.0148803710938,522.3529205322266,72.87816946049907,0.0006084292840486949,0.004058711476104748,537.1427612304688,1
2024-06-17,SPY,537.1427612304688,532.26123046875,523.2193603515625,76.04963435234741,0.00795906016408554,0.004275532946976676,538.5074462890625,1
2024-06-18,SPY,538.5074462890625,534.5272338867187,524.1240875244141,86.34662051474236,0.0025406375308261175,0.004206652803278511,537.0445556640625,0
2024-06-20,SPY,537.0445556640625,535.6346923828125,524.8918518066406,92.64393591949104,-0.00271656526772468,0.003551668543180829,536.3245239257812,0
2024-06-21,SPY,536.3245239257812,536.384130859375,525.6987243652344,88.48199722544248,-0.0013407299835502817,0.0036697189358987636,534.5811767578125,0
2024-06-24,SPY,534.5811767578125,536.7200927734375,526.6084075927735,82.34272072491692,-0.0032505453138853557,0.003924992612578542,536.6397705078125,1
2024-06-25,SPY,536.6397705078125,536.6194946289063,527.4501861572265,83.28687874209686,0.0038508534147894125,0.003956743256497332,537.3095092773438,1
2024-06-26,SPY,537.3095092773438,536.3799072265625,528.3072906494141,78.89439114004783,0.0012480229873710336,0.0039613835863750195,538.1565551757812,1
2024-06-27,SPY,538.1565551757812,536.6023071289062,529.3888702392578,79.72112999646852,0.001576458044780793,0.003287059892006715,536.0388793945312,0
2024-06-28,SPY,536.0388793945312,536.5451782226562,530.535888671875,74.8766316270919,-0.003935055256473308,0.003651386432694202,537.14208984375,1
2024-07-01,SPY,537.14208984375,537.0573608398438,531.5044006347656,74.28370291666657,0.002058079164826365,0.003678052852550609,540.7569580078125,1
2024-07-02,SPY,540.7569580078125,537.8807983398438,532.6325500488281,76.59715275490203,0.006729817365669577,0.0034239310957816784,543.170166015625,1
2024-07-03,SPY,543.170166015625,539.0529296875,533.8523956298828,74.61534818397482,0.004462648093707333,0.003590137441488226,546.30224609375,1
2024-07-05,SPY,546.30224609375,540.6820678710938,534.9205596923828,76.59833859803653,0.005766296225545808,0.003650647190472119,546.9327392578125,1
2024-07-08,SPY,546.9327392578125,542.86083984375,536.0207397460938,76.86115271909554,0.001154110510382722,0.0035006635329877835,547.4645385742188,1
2024-07-09,SPY,547.4645385742188,544.9253295898437,537.1794158935547,72.97517997631357,0.0009723303767259495,0.003023665806882337,552.8818359375,1
2024-07-10,SPY,552.8818359375,547.3503051757813,538.5279571533204,77.03502721080866,0.009895247968735532,0.0038419331198121165,548.1145629882812,0
2024-07-11,SPY,548.1145629882812,548.3391845703125,539.5748138427734,68.74214511375143,-0.008622589203233777,0.005322635980264254,551.5718994140625,1
2024-07-12,SPY,551.5718994140625,549.393115234375,540.5780456542968,73.57802458711522,0.006307689412468953,0.005487948092477361,553.0887451171875,1
2024-07-15,SPY,553.0887451171875,550.62431640625,541.6036163330078,78.83395175344472,0.00275004166226811,0.005005823062186195,556.3685913085938,1
2024-07-16,SPY,556.3685913085938,552.405126953125,542.7769775390625,79.55060327749294,0.005930054119454686,0.005061641808301771,548.5676879882812,0
2024-07-17,SPY,548.5676879882812,551.5422973632812,543.3482238769532,64.17064708238232,-0.014021106586848409,0.007344792777218987,544.35205078125,0
2024-07-18,SPY,544.35205078125,550.789794921875,543.6404541015625,57.32517037197127,-0.007684807726264231,0.007784290101803258,540.7372436523438,0
2024-07-19,SPY,540.7372436523438,548.6228637695312,543.8250885009766,55.456464265803184,-0.006640568587402806,0.007795177160159702,546.312255859375,1
2024-07-22,SPY,546.312255859375,547.2675659179688,544.3244750976562,59.484753143025415,0.01031002075865084,0.008574525626842478,545.4552612304688,0
2024-07-23,SPY,545.4552612304688,545.0848999023438,544.8681793212891,55.23351089728757,-0.0015686901029854372,0.008577513586010088,533.0938110351562,0
2024-07-24,SPY,533.0938110351562,541.9901245117187,544.6908813476563,41.31495116996088,-0.022662628952238584,0.010274356521784916,530.3162231445312,0
2024-07-25,SPY,530.3162231445312,539.182958984375,544.3412170410156,35.977457487506655,-0.005210317270859854,0.010144497664096076,536.255615234375,1
2024-07-26,SPY,536.255615234375,538.2866333007812,544.2461700439453,41.63019898578741,0.011199717886482663,0.010756082227683482,536.57080078125,1
2024-07-29,SPY,536.57080078125,536.3383422851563,544.2727661132812,41.432231874233764,0.0005877524410391466,0.010654262702312215,533.852294921875,0
2024-07-30,SPY,533.852294921875,534.0177490234375,544.1082763671875,34.16031860508288,-0.005066443897835726,0.01019029178500438,542.5298461914062,1
2024-07-31,SPY,542.5298461914062,535.9049560546875,544.1969207763672,45.90569551084278,0.0162545920511612,0.011339835027603247,534.8471069335938,0
2024-08-01,SPY,534.8471069335938,536.8111328125,543.7807678222656,37.91458911889499,-0.014160952271558558,0.01193050805882514,524.8890991210938,0
2024-08-02,SPY,524.8890991210938,534.5378295898438,542.7101104736328,31.649068002191612,-0.018618419513553364,0.013032488383553541,509.6024169921875,0
2024-08-05,SPY,509.6024169921875,529.1441528320313,540.8435943603515,23.513064690301547,-0.02912364184073013,0.014479084063937898,514.30078125,1
2024-08-06,SPY,514.30078125,525.2338500976563,539.1854064941406,30.05007913550017,0.009219666353906808,0.015294208671308597,510.8631286621094,0
2024-08-07,SPY,510.8631286621094,518.9005065917969,537.0844711303711,30.241236422509232,-0.006684128652372334,0.014121604859069492,522.6729736328125,1
2024-08-08,SPY,522.6729736328125,516.4656799316406,535.8123916625976,40.67636434547876,0.023117434608427745,0.016524389230296085,524.977783203125,1
2024-08-09,SPY,524.977783203125,516.4834167480469,534.4826858520507,38.591408126210396,0.004409658977186037,0.016086132930297023,525.2535400390625,1
2024-08-12,SPY,525.2535400390625,519.6136413574219,533.0909255981445,39.14759308972858,0.0005252733444356394,0.016085025474067875,533.8917846679688,1
2024-08-13,SPY,533.8917846679688,523.5318420410156,531.9670852661133,50.90149591477772,0.016445857039371514,0.017041346122668343,535.5760498046875,1
2024-08-14,SPY,535.5760498046875,528.4744262695312,531.3175033569336,53.55085164293945,0.003154693863225866,0.01614474960840967,544.7559204101562,1
2024-08-15,SPY,544.7559204101562,532.891015625,531.3376968383789,55.22814561197914,0.017140181322178982,0.01637915137851384,545.9772338867188,1
2024-08-16,SPY,545.9772338867188,537.0909057617188,531.5996963500977,55.67386075799581,0.0022419462199565476,0.014710684193814577,551.1975708007812,1
2024-08-19,SPY,551.1975708007812,542.2797119140625,531.843962097168,59.810152294316154,0.00956145529530561,0.008995557756748753,550.30126953125,0
2024-08-20,SPY,550.30126953125,545.5616088867188,532.086262512207,54.999990582376746,-0.0016260980037141604,0.009462257829272208,552.1923217773438,1
2024-08-21,SPY,552.1923217773438,548.88486328125,533.0411880493164,61.42434557668478,0.0034363944820707815,0.008329859797455218,547.8584594726562,0
2024-08-22,SPY,547.8584594726562,549.50537109375,533.9182998657227,66.3415628958716,-0.007848465351235068,0.007755717711627177,553.6796875,1
2024-08-23,SPY,553.6796875,551.0458618164063,534.7895034790039,86.07448566710448,0.010625423276199752,0.007972000187541298,552.3598022460938,0
2024-08-26,SPY,552.3598022460938,551.2783081054688,535.578953552246,83.01977891496014,-0.00238384265073166,0.008217557568046669,553.1182250976562,1
2024-08-27,SPY,553.1182250976562,551.84169921875,536.5422500610351,88.5855779430582,0.0013730594595742218,0.007222156675934932,549.9072265625,0
2024-08-28,SPY,549.9072265625,551.3846801757812,536.9111190795899,79.59786343377486,-0.0058052661970943165,0.007810859396294595,549.9564819335938,1
2024-08-29,SPY,549.9564819335938,551.8042846679688,537.6665878295898,78.52636241770982,8.957032880196891e-05,0.005937978380530082,555.2064208984375,1
2024-08-30,SPY,555.2064208984375,552.1096313476562,539.182453918457,80.64855134649312,0.009546098895653499,0.006531846575879039,543.7808227539062,0
2024-09-03,SPY,543.7808227539062,550.3938354492187,540.891374206543,59.918156534317376,-0.02057900938184809,0.008990743902548802,542.6677856445312,0
2024-09-04,SPY,542.6677856445312,548.3037475585937,542.3097244262696,57.27680290370398,-0.0020468487721545525,0.008993334186754423,541.347900390625,0
2024-09-05,SPY,541.347900390625,546.5918823242188,543.8339630126953,46.326552967493654,-0.0024322159686309686,0.008835717139410424,532.2369384765625,0
2024-09-06,SPY,532.2369384765625,543.0479736328125,544.3121612548828,36.77061613050623,-0.016830141776643548,0.00989532951787392,538.1959228515625,1
2024-09-09,SPY,538.1959228515625,539.6458740234375,544.9730682373047,37.849304182572126,0.011196112002403558,0.009982902559570345,540.5402221679688,1
2024-09-10,SPY,540.5402221679688,538.99775390625,545.73740234375,41.22090563889004,0.004355847409592606,0.010237424974855835,546.0855712890625,1
2024-09-11,SPY,546.0855712890625,539.6813110351562,546.3470916748047,45.026710872320685,0.010258901916406549,0.01093548923514795,550.6853637695312,1
2024-09-12,SPY,550.6853637695312,541.5488037109375,547.1025573730469,52.732952074935355,0.00842320823385001,0.011195831483962523,553.5615234375,1
2024-09-13,SPY,553.5615234375,545.813720703125,547.542837524414,50.19311755677248,0.005222872909279808,0.011307424951428677,554.3790893554688,1
2024-09-16,SPY,554.3790893554688,549.0503540039062,547.9629302978516,52.13230712243731,0.0014769196979078636,0.010887020886245505,554.6055297851562,1
2024-09-17,SPY,554.6055297851562,551.8634155273437,548.1333282470703,51.66435775716596,0.0004084577395420119,0.008187895812132247,552.960693359375,0
2024-09-18,SPY,552.960693359375,553.2384399414062,548.2662994384766,53.19516565084196,-0.0029657771829617596,0.008243370004932356,562.3966064453125,1
2024-09-19,SPY,562.3966064453125,555.5806884765625,548.776513671875,60.23819671496637,0.01706434688623526,0.009335183289190084,561.4243774414062,0
2024-09-20,SPY,561.4243774414062,557.1532592773438,549.4548095703125,55.63101369139928,-0.0017287248762956064,0.0063650518165054674,562.827392578125,1
2024-09-23,SPY,562.827392578125,558.842919921875,549.9121948242188,70.0795110385121,0.002499027817624677,0.006067958599282438,564.4378051757812,1
2024-09-24,SPY,564.4378051757812,560.809375,550.5160949707031,72.69058368380917,0.002861290368756819,0.0060903094340619655,563.1929321289062,0
2024-09-25,SPY,563.1929321289062,562.8558227539063,551.0198303222656,72.87892594963276,-0.002205509686735607,0.006022194260987454,565.4258422851562,1
2024-09-26,SPY,565.4258422851562,563.461669921875,551.7957611083984,90.75456995830314,0.00396473398167374,0.005743352368364028,564.6057739257812,0
2024-09-27,SPY,564.6057739257812,564.09794921875,552.5282257080078,87.13068677757929,-0.0014503552863107672,0.005799858432437602,566.8682861328125,1
2024-09-30,SPY,566.8682861328125,564.9061279296875,553.1113189697265,87.06117192259154,0.0040072424185457756,0.005829985992327594,561.7900390625,0
2024-10-01,SPY,561.7900390625,564.3765747070313,554.0117797851562,72.62863229684258,-0.008958425077819077,0.0068254221832817295,562.027099609375,1
2024-10-02,SPY,562.027099609375,564.143408203125,554.9797454833985,68.66371741120899,0.00042197356733231217,0.006672034167566675,560.9996337890625,0
2024-10-03,SPY,560.9996337890625,563.2581665039063,555.9623321533203,63.085259592842775,-0.0018281428440489744,0.003934956379388857,566.0975952148438,1
2024-10-04,SPY,566.0975952148438,563.5565307617187,557.6553649902344,67.81071564537382,0.00908728120078961,0.004858837825209808,560.9798583984375,0
2024-10-07,SPY,560.9798583984375,562.3788452148438,558.7945617675781,58.61340544293979,-0.009040379008259158,0.005715732975812686,566.2853393554688,1
2024-10-08,SPY,566.2853393554688,563.2779052734375,560.0818176269531,66.19301336146515,0.009457524860479127,0.006455626420656811,570.207763671875,1
2024-10-09,SPY,570.207763671875,564.9140380859375,561.2879272460938,60.874236728663476,0.00692658637582011,0.00669608357834083,569.2098388671875,0
2024-10-10,SPY,569.2098388671875,566.5560791015625,562.2141510009766,60.85404326216441,-0.001750107361326192,0.006683340541685822,572.6183471679688,1
2024-10-11,SPY,572.6183471679688,567.8602294921875,563.1669921875,62.864186779726346,0.00598814016912419,0.00683129470610481,577.301513671875,1
2024-10-14,SPY,577.301513671875,571.124560546875,564.3131134033204,65.55932869899493,0.008178512838556529,0.007127020786285879,572.8159790039062,0
2024-10-15,SPY,572.8159790039062,572.4306884765625,565.2236358642579,60.931692204381086,-0.0077698300831378075,0.006934067906298178,575.3057250976562,1
2024-10-16,SPY,575.3057250976562,573.4502807617188,566.3408874511719,61.119987356279935,0.004346502515658823,0.006947942846072072,575.3550415039062,1
2024-10-17,SPY,575.3550415039062,574.6793212890625,566.9888092041016,62.301526784358224,8.57220849690421e-05,0.006845373108412832,577.5681762695312,1
2024-10-18,SPY,577.5681762695312,575.669287109375,567.7959991455078,62.22355009621099,0.0038465549199675486,0.006480235915789744,576.6196899414062,0
2024-10-21,SPY,576.6196899414062,575.5329223632813,568.4856140136719,68.6928474441215,-0.0016422066988718287,0.005410331324309959,576.3134765625,0
2024-10-22,SPY,576.3134765625,576.232421875,569.0793975830078,67.98780932750512,-0.0005310491199794765,0.004939374843562461,571.0474853515625,0
2024-10-23,SPY,571.0474853515625,575.3807739257812,569.4721252441407,61.59942132818507,-0.009137373018495487,0.005638007033308326,572.2825317382812,1
2024-10-24,SPY,572.2825317382812,574.7662719726562,569.8149597167969,57.847053186101135,0.002162773531799056,0.005626366538182939,572.0848388671875,0
2024-10-25,SPY,572.0848388671875,573.6696044921875,570.1889129638672,65.93760546457517,-0.00034544627894417257,0.005293142055625016,573.8533935546875,1
2024-10-28,SPY,573.8533935546875,573.1163452148437,570.5381683349609,62.05165451158766,0.003091420305775028,0.004611787503251207,574.7821044921875,1
2024-10-29,SPY,574.7821044921875,572.8100708007812,571.1877716064453,58.06231601087476,0.0016183766584478843,0.0038861164443261564,573.0432739257812,0
2024-10-30,SPY,573.0432739257812,573.209228515625,571.7385803222656,56.632220167710585,-0.0030251995544336996,0.0037401111584478013,561.809814453125,0
2024-10-31,SPY,561.809814453125,571.1146850585938,571.7790893554687,35.68122480135891,-0.01960316084978808,0.007119166111067439,564.180908203125,1
2024-11-01,SPY,564.180908203125,569.5338989257813,571.6832550048828,31.536774647178618,0.004220456262957972,0.007156250114920824,562.9657592773438,0
2024-11-04,SPY,562.9657592773438,567.3563720703125,571.7825500488282,34.710225792514564,-0.002153828511587519,0.007152700764010757,569.7730102539062,1
2024-11-05,SPY,569.7730102539062,566.3545532226562,571.95693359375,42.666858836357996,0.012091767331108505,0.008500230253979531,583.940673828125,1
2024-11-06,SPY,583.940673828125,568.534033203125,572.6435791015625,58.74993453548441,0.024865452240191654,0.011278380809419782,588.455810546875,1
2024-11-07,SPY,588.455810546875,573.863232421875,573.6058776855468,60.487965566263966,0.007732183971961071,0.011408043086383803,591.0048217773438,1
2024-11-08,SPY,591.0048217773438,579.2280151367188,574.5252014160156,63.337899951076785,0.004331695234855104,0.011358283640705088,591.5679931640625,1
2024-11-11,SPY,591.5679931640625,584.9484619140625,575.238525390625,64.05718615827749,0.000952904893440909,0.011383105620331993,589.7304077148438,0
2024-11-12,SPY,589.7304077148438,588.93994140625,576.0842468261719,68.38338531009698,-0.003106296267636477,0.011548426801624937,590.0169067382812,1
2024-11-13,SPY,590.0169067382812,590.1551879882812,576.8198059082031,67.77830236548343,0.00048581355088628264,0.011409911826867727,586.2229614257812,0
2024-11-14,SPY,586.2229614257812,589.7086181640625,577.3632019042968,63.377259891571924,-0.00643023152247213,0.009023615509309246,578.7142944335938,0
2024-11-15,SPY,578.7142944335938,587.2505126953125,577.4205078125,54.433785477703154,-0.012808551500482546,0.010522430477397924,581.08544921875,1
2024-11-18,SPY,581.08544921875,585.15400390625,577.6437957763671,55.500349268674064,0.0040972804853161016,0.010393791347749648,583.2096557617188,1
2024-11-19,SPY,583.2096557617188,583.849853515625,577.9886047363282,58.60328397945668,0.00365558378001829,0.009925628575118984,583.4072265625,1
2024-11-20,SPY,583.4072265625,582.5279174804688,578.606591796875,71.9277066158823,0.00033876462577286937,0.006008878840112095,586.5390625,1
2024-11-21,SPY,586.5390625,582.5911376953125,579.3194183349609,72.29210167205444,0.00536818159753194,0.00570649215723767,588.3570556640625,1
2024-11-22,SPY,588.3570556640625,584.5196899414062,580.1330291748047,74.99548868589658,0.0030995261531494567,0.0056075398025246265,590.352783203125,1
2024-11-25,SPY,590.352783203125,586.3731567382813,580.9579986572265,72.29873206686494,0.0033920346834457327,0.005726391641859152,593.435302734375,1
2024-11-26,SPY,593.435302734375,588.4182861328125,581.890658569336,63.381035623236514,0.0052214872512752475,0.005859289037595977,591.6371459960938,0
2024-11-27,SPY,591.6371459960938,590.0642700195312,582.8203521728516,54.94340563084387,-0.0030300804990802677,0.005974063981943617,595.3125,1
2024-11-29,SPY,595.3125,591.8189575195313,584.4954864501954,56.39924095562813,0.006212175872964076,0.005726376317837669,596.3795166015625,1
2024-12-02,SPY,596.3795166015625,593.4234497070313,586.1054168701172,57.01919434844331,0.0017923638451442514,0.002739810092795184,596.6561279296875,1
2024-12-03,SPY,596.6561279296875,594.6841186523437,587.7899353027344,60.51330901216451,0.0004638176201980926,0.002820048861083311,600.3610229492188,1
2024-12-04,SPY,600.3610229492188,596.0692626953125,589.3193359375,64.15156467070358,0.00620943093702353,0.00302899212907185,599.3731079101562,0
2024-12-05,SPY,599.3731079101562,597.616455078125,590.0909576416016,69.50513045538166,-0.0016455349386431672,0.0032712251335008614,600.5093383789062,1
2024-12-06,SPY,600.5093383789062,598.6558227539062,590.6936340332031,89.92798238754744,0.001895698111501476,0.0031391442920635513,597.4168701171875,0
2024-12-09,SPY,597.4168701171875,598.8632934570312,591.0142364501953,79.30386874348378,-0.005149742167319116,0.0039122363950507,595.5594482421875,0
2024-12-10,SPY,595.5594482421875,598.6439575195312,591.2138092041016,72.43761429027616,-0.0031090884236926186,0.00410498356136153,600.1635131835938,1
2024-12-11,SPY,600.1635131835938,598.6044555664063,591.735464477539,76.188328202407,0.007730655529007757,0.0044607051340879115,597.0711059570312,0
2024-12-12,SPY,597.0711059570312,598.1440551757812,592.0881744384766,66.56997326350421,-0.00515260784541649,0.004723757664680286,596.9525756835938,0
2024-12-13,SPY,596.9525756835938,597.4327026367188,592.6246551513672,64.28822984081503,-0.00019851952682836682,0.004346386926219623,599.5015869140625,1
2024-12-16,SPY,599.5015869140625,597.8496459960937,593.6640197753907,64.89027206395002,0.004270039755754018,0.004509507550692285,597.0315551757812,0
2024-12-17,SPY,597.0315551757812,598.1440673828125,594.4613250732422,56.04988514900159,-0.004120142118381631,0.004744026299926818,579.2379760742188,0
2024-12-18,SPY,579.2379760742188,593.9589599609375,594.2627410888672,36.74982501660383,-0.029803414823398433,0.010153298891537751,579.0599975585938,0
2024-12-19,SPY,579.0599975585938,590.35673828125,594.0453796386719,31.12390352450349,-0.0003072632026498434,0.010189626479494042,586.01513671875,1
2024-12-20,SPY,586.01513671875,588.1692504882812,594.0191833496094,39.700130183457915,0.012011085534280097,0.011222838364849226,589.5244140625,1
2024-12-23,SPY,589.5244140625,586.1738159179688,594.0775512695312,43.50334811986595,0.0059883732072167906,0.011467761288611898,596.0769653320312,1
2024-12-24,SPY,596.0769653320312,585.9828979492188,594.3637603759765,46.49962419285891,0.011114978639097606,0.012079979041465901,596.11669921875,1
2024-12-26,SPY,596.11669921875,589.358642578125,594.4978302001953,47.3804485491182,6.665898705993101e-05,0.011785352642292465,589.8416137695312,0
2024-12-27,SPY,589.8416137695312,591.5149658203125,594.4080535888672,41.36828423420074,-0.010526605708987335,0.012132754168882891,583.110595703125,0
2024-12-30,SPY,583.110595703125,590.9340576171875,593.7979583740234,38.92013632336992,-0.011411568647030523,0.012546110318722352,580.9891357421875,0
2024-12-31,SPY,580.9891357421875,589.227001953125,593.0284393310546,38.726491353896115,-0.0036381776914539143,0.012335412038560199,579.5617065429688,0
2025-01-02,SPY,579.5617065429688,585.9239501953125,592.1737182617187,33.09819533470893,-0.002456894821957878,0.0123307807310993,586.8082275390625,1
2025-01-03,SPY,586.8082275390625,584.062255859375,591.4960784912109,42.38680942825264,0.01250345030440081,0.008835561528279821,590.1885375976562,1
2025-01-06,SPY,590.1885375976562,584.131640625,591.0368499755859,45.37240336558255,0.005760502153778546,0.008918257352363275,583.5169677734375,0
2025-01-07,SPY,583.5169677734375,584.2129150390625,590.1872314453125,39.20648666597923,-0.011304133169673491,0.009039992736733282,584.3695068359375,1
2025-01-08,SPY,584.3695068359375,584.8889892578125,589.53486328125,41.32181401582999,0.0014610355989357338,0.008795094174240478,575.4476928710938,0
2025-01-10,SPY,575.4476928710938,584.0661865234375,588.5292755126953,47.10744654804344,-0.015267418748713957,0.008766392057632284,576.3399047851562,1
2025-01-13,SPY,576.3399047851562,581.9725219726563,587.3380950927734,48.025790575811556,0.0015504657071625516,0.008845320152012389,577.1329345703125,1
2025-01-14,SPY,577.1329345703125,579.3614013671875,586.3411865234375,42.172000982727646,0.0013759758409437328,0.008566180166219312,587.6309814453125,1
2025-01-15,SPY,587.6309814453125,580.1842041015625,585.8751068115234,48.789365551420616,0.018189997912380518,0.010001638685590541,586.5008544921875,0
2025-01-16,SPY,586.5008544921875,580.6104736328125,585.2250701904297,41.98453174811183,-0.0019231915756813267,0.009931203709073829,592.3892822265625,1
2025-01-17,SPY,592.3892822265625,583.9987915039062,584.9929565429687,47.37143654448396,0.01003993035862405,0.010231150017555713,597.811767578125,1
2025-01-21,SPY,597.811767578125,588.2931640625,585.9216461181641,56.617327411064004,0.009153584499674627,0.009907438207523924,601.17236328125,1
2025-01-22,SPY,601.17236328125,593.1010498046875,587.0272644042968,65.49514410634751,0.005621494733600851,0.00990152133122726,604.45361328125,1
2025-01-23,SPY,604.45361328125,596.465576171875,587.9491882324219,69.67491686758295,0.005458085235473309,0.00877444256070606,602.68896484375,0
2025-01-24,SPY,602.68896484375,599.7031982421875,588.6074157714844,69.36060712996688,-0.0029194108509347227,0.008997705834136442,594.1636962890625,0
2025-01-27,SPY,594.1636962890625,600.0580810546875,588.511752319336,56.26448990372758,-0.01414538684460187,0.008746307591352006,599.26904296875,1
2025-01-28,SPY,599.26904296875,600.3495361328125,588.6693695068359,57.422017773315865,0.008592491785637035,0.00887765310198732,596.58251953125,0
2025-01-29,SPY,596.58251953125,599.4315673828125,589.0064147949219,61.33175421496843,-0.00448300053043138,0.009251459557111142,599.784423828125,1
2025-01-30,SPY,599.784423828125,598.4977294921875,589.8401062011719,62.782838450531024,0.005367076962615069,0.007731054383948242,596.5924682617188,0
2025-01-31,SPY,596.5924682617188,597.2784301757813,590.6202728271485,69.41550136496122,-0.005321838046466132,0.007996550293864186,592.57763671875,0
2025-02-03,SPY,592.57763671875,596.9612182617187,591.2710693359375,64.23473724712288,-0.006729604808231482,0.007818091391916228,596.5528564453125,1
2025-02-04,SPY,596.5528564453125,596.4179809570312,591.75830078125,66.05707407509334,0.006708352594225975,0.00753517080630193,598.9715576171875,1
2025-02-05,SPY,598.9715576171875,596.8957885742187,592.1974517822266,60.75645068372191,0.00405446247678265,0.00741635391443773,601.0534057617188,1
2025-02-06,SPY,601.0534057617188,597.1495849609375,593.0742736816406,63.507010802045926,0.003475704510600197,0.007269129024533621,595.5515747070312,0
2025-02-07,SPY,595.5515747070312,596.94140625,593.6333770751953,53.11367150714971,-0.009153647582638702,0.007747454432057245,599.5961303710938,1
2025-02-10,SPY,599.5961303710938,598.3451049804687,594.8407989501953,51.86668181018059,0.006791276920142586,0.006592283227190598,600.0521240234375,1
2025-02-11,SPY,600.0521240234375,599.0449584960937,596.0264099121093,49.07995764141057,0.0007605013262201865,0.006021320650087831,598.1190795898438,0
2025-02-12,SPY,598.1190795898438,598.874462890625,597.075717163086,43.744513140301606,-0.003221460863486958,0.005926000876379662,604.4337768554688,1
2025-02-13,SPY,604.4337768554688,599.550537109375,597.9158569335938,51.81984010102982,0.010557592093459522,0.006609635998633691,604.4039916992188,0
2025-02-14,SPY,604.4039916992188,601.3210205078125,598.8110137939453,61.524822217569685,-4.9277782596668374e-05,0.006269262974525484,606.1784057617188,1
2025-02-18,SPY,606.1784057617188,602.6374755859375,599.5004699707031,58.398215294507686,0.0029358079808696758,0.0055997757452892925,607.60595703125,1
2025-02-19,SPY,607.60595703125,604.1482421875,599.9901794433594,63.72961533073881,0.0023550018541775852,0.005382783137974253,605.078125,0
2025-02-20,SPY,605.078125,605.5400512695312,600.1854675292968,56.791822901757314,-0.004160314759915962,0.005630225518862126,594.728759765625,0
2025-02-21,SPY,594.728759765625,603.5990478515625,599.6992248535156,48.21938260124411,-0.01710418011620396,0.007928657723356788,592.0225219726562,0
2025-02-24,SPY,592.0225219726562,601.12275390625,599.165902709961,49.60425368800241,-0.004550373171856137,0.007528040034102423,589.0783081054688,0
2025-02-25,SPY,589.0783081054688,597.702734375,598.9116333007812,41.7172856304845,-0.004973145037417193,0.007160353005240599,589.3756713867188,1
2025-02-26,SPY,589.3756713867188,594.0566772460937,598.4169647216797,38.786626281756334,0.0005047941456313154,0.007150861660370764,579.9680786132812,0
2025-02-27,SPY,579.9680786132812,589.03466796875,597.5862426757812,28.77366527591721,-0.01596196319285248,0.008454271022305691,589.018798828125,1
2025-02-28,SPY,589.018798828125,587.89267578125,597.0479614257813,44.13042627847938,0.015605548906216127,0.009448883431322995,578.69921875,0
2025-03-03,SPY,578.69921875,585.2280151367188,596.1532989501953,32.63442111595418,-0.017519950294720976,0.010494506454477609,571.8491821289062,0
2025-03-04,SPY,571.8491821289062,581.7821899414063,595.1168762207031,28.70467425391034,-0.011836955017651363,0.010404192678892329,577.995361328125,1
2025-03-05,SPY,577.995361328125,579.5061279296875,594.1890014648437,35.92935714636536,0.010747902403807741,0.011420781540998839,567.7352905273438,0
2025-03-06,SPY,567.7352905273438,577.0595703125,592.6271881103515,25.503715663670377,-0.01775113000423656,0.01210769180563044,570.9173583984375,1
2025-03-07,SPY,570.9173583984375,573.4392822265625,591.1203857421875,28.685774098619916,0.005604844236718254,0.011981753056880675,555.710693359375,0
2025-03-10,SPY,555.710693359375,568.8415771484375,589.1283416748047,22.418215623783254,-0.026635492537345318,0.013963336594240948,551.091064453125,0
2025-03-11,SPY,551.091064453125,564.6899536132812,586.7030883789063,20.12969956870866,-0.008313010639265372,0.013970099462937343,554.0155029296875,1
2025-03-12,SPY,554.0155029296875,559.8939819335938,584.4012573242187,23.254936727677702,0.005306633812806494,0.014317938265049674,546.6302490234375,0
2025-03-13,SPY,546.6302490234375,555.6729736328125,581.8268157958985,23.80812370291089,-0.013330410191043529,0.014139104617072256,557.9213256835938,1
2025-03-14,SPY,557.9213256835938,553.0737670898437,579.5011932373047,33.43423033907855,0.020655784564297175,0.015049962290604048,562.2235717773438,1
2025-03-17,SPY,562.2235717773438,554.3763427734375,577.3921722412109,37.263135139572476,0.007711205676676158,0.014889137301720123,556.1468505859375,0
2025-03-18,SPY,556.1468505859375,555.3875,574.8905944824219,34.949780759893656,-0.010808371431663799,0.014823054713426096,562.2037353515625,1
2025-03-19,SPY,562.2037353515625,557.025146484375,572.6204833984375,41.880218576322285,0.010890801160239771,0.014837501072589234,560.5780029296875,0
2025-03-20,SPY,560.5780029296875,559.814697265625,570.3954772949219,35.83274101023315,-0.0028917140169094635,0.013871632511698187,560.762939453125,1
2025-03-21,SPY,560.762939453125,560.3830200195313,568.6971862792968,40.0794467848127,0.0003299032828099069,0.013683942856464668,570.8053588867188,1
2025-03-24,SPY,570.8053588867188,562.0993774414062,567.636328125,49.81918631374641,0.01790849345962031,0.011786548351694168,572.177490234375,1
2025-03-25,SPY,572.177490234375,565.3055053710938,566.7912872314453,47.037821609597934,0.002403851551660896,0.011138702302725328,565.3466796875,0
2025-03-26,SPY,565.3466796875,565.9340942382812,565.5898376464844,48.92703902805974,-0.011938272063231614,0.012169764077297078,563.8452758789062,0
2025-03-27,SPY,563.8452758789062,566.587548828125,564.7836975097656,45.99155053267685,-0.0026557223426582066,0.011086526304731748,552.4904174804688,0
2025-03-28,SPY,552.4904174804688,564.9330444335938,562.9572784423829,48.20039710418528,-0.020138252254996436,0.011433571189744897,556.1991577148438,1
2025-03-31,SPY,556.1991577148438,562.0118041992188,561.832275390625,53.798817559418566,0.006712768433682514,0.01135391800741903,557.7700805664062,1
2025-04-01,SPY,557.7700805664062,559.130322265625,561.1283203125,52.92471176405785,0.002824389123523119,0.01085535307685213,561.2998657226562,1
2025-04-02,SPY,561.2998657226562,558.3209594726562,560.2935455322265,61.003902554640774,0.006328387411288716,0.010451210613198989,533.6386108398438,0
2025-04-03,SPY,533.6386108398438,552.2796264648438,558.5887115478515,36.06122940231013,-0.04928070817761465,0.0187904436805258,502.3977966308594,0
2025-04-04,SPY,502.3977966308594,542.2611022949219,555.1627334594726,23.274003707492,-0.05854301689268204,0.025163790926303487,501.5029296875,0
2025-04-07,SPY,501.5029296875,531.3218566894532,552.4523452758789,24.35349464346416,-0.0017811920142971616,0.023389758692964554,493.64801025390625,0
2025-04-08,SPY,493.64801025390625,518.4974426269531,549.580192565918,18.30887416695205,-0.015662758816759825,0.02279158502066982,545.4906005859375,1
2025-04-09,SPY,545.4906005859375,515.3355895996094,549.1539474487305,46.93679264193596,0.10501934425982218,0.044178000688897844,521.5877685546875,0
2025-04-10,SPY,521.5877685546875,512.9254211425781,547.901823425293,40.92482081730664,-0.04381896224348292,0.04604964996133454,530.8943481445312,1
2025-04-11,SPY,530.8943481445312,518.6247314453125,546.5504745483398,40.91356816930668,0.017842787256365567,0.046395422580665834,536.0447387695312,1
2025-04-14,SPY,536.0447387695312,525.5330932617187,545.2415328979492,42.13765772778328,0.009701347627829371,0.046474754061119006,534.5433349609375,0
2025-04-15,SPY,534.5433349609375,533.712158203125,544.1613571166993,43.25982599200022,-0.0028008927240665837,0.046433985528786664,522.6615600585938,0
2025-04-16,SPY,522.6615600585938,529.1463500976563,542.1842483520508,40.925309121446894,-0.022227898329724827,0.04665365677761841,523.4072265625,1
2025-04-17,SPY,523.4072265625,529.5102416992188,540.3257095336915,43.56635742597524,0.0014266717908673066,0.04413316238126918,510.94873046875,0
2025-04-21,SPY,510.94873046875,525.5211181640625,537.8349990844727,39.64507558123335,-0.023802682617838022,0.04030931348718165,524.2424926757812,1
2025-04-22,SPY,524.2424926757812,523.1606689453125,535.5068557739257,43.288069293375365,0.026017800640849797,0.0409433023359646,532.3658447265625,1
2025-04-23,SPY,532.3658447265625,522.7251708984375,533.5162734985352,44.609500718610555,0.015495409403611937,0.04036327514481731,543.5715942382812,1
2025-04-24,SPY,543.5715942382812,526.907177734375,532.4275192260742,53.82197308717657,0.021048964021112893,0.023005018510239977,547.4990234375,1
2025-04-25,SPY,547.4990234375,531.725537109375,531.6102066040039,64.92378528518034,0.00722522891344668,0.017146549198291276,547.7078247070312,1
2025-04-28,SPY,547.7078247070312,539.0773559570313,531.371076965332,65.3366824034257,0.00038137286203787646,0.016572017643113234,551.1580200195312,1
2025-04-29,SPY,551.1580200195312,544.4604614257812,531.1190200805664,69.43326067309359,0.006299335442844001,0.01645932196299634,551.3768310546875,1
2025-04-30,SPY,551.3768310546875,548.2626586914063,530.7993576049805,53.32150524721389,0.00039700236086281926,0.016366921892107485,555.2843627929688,1
2025-05-01,SPY,555.2843627929688,550.6052124023438,530.4985824584961,69.81131468730824,0.007086862410970118,0.013711098208682633,563.527099609375,1
2025-05-02,SPY,563.527099609375,553.8108276367187,531.9930068969727,69.2411035679927,0.014844172407353584,0.013852476498569417,560.295654296875,0
2025-05-05,SPY,560.295654296875,556.3283935546875,534.8878997802734,64.74818009167727,-0.005734321055260616,0.009942536588650446,555.6124877929688,0
2025-05-06,SPY,555.6124877929688,557.219287109375,537.5933776855469,62.50405048172899,-0.008358384485032677,0.009453234933705689,557.9490966796875,1
2025-05-07,SPY,557.9490966796875,558.533740234375,540.8084320068359,73.37379122221331,0.0042054650283336326,0.008829347043455189,561.8367919921875,1
2025-05-08,SPY,561.8367919921875,559.8442260742188,541.6257415771485,74.37159481858592,0.006967831538101654,0.006837456511943768,561.1209716796875,0
2025-05-09,SPY,561.1209716796875,559.3630004882813,543.6024017333984,87.73954633662896,-0.0012740716213365255,0.006827907759948661,579.66455078125,1
2025-05-12,SPY,579.66455078125,563.2367797851563,546.0409118652344,88.39066501793512,0.03304738200401469,0.011750824945954518,583.4925537109375,1
2025-05-13,SPY,583.4925537109375,568.81279296875,548.4133026123047,87.55465748705042,0.006603824443858652,0.011752806274633223,584.23828125,1
2025-05-14,SPY,584.23828125,574.0706298828125,550.8980499267578,85.18196652425416,0.001278041226610016,0.011711209980622198,587.0919189453125,1
2025-05-15,SPY,587.0919189453125,579.1216552734375,554.1195678710938,84.83976011814667,0.004884373015077159,0.011706422452229682,590.8106079101562,1
2025-05-16,SPY,590.8106079101562,585.0595825195312,557.4897369384765,85.68068986906695,0.006334083036816818,0.011264473159975693,591.4568481445312,1
2025-05-19,SPY,591.4568481445312,587.4180419921875,561.5151428222656,84.95069621283292,0.0010938196195577898,0.010750499816472922,589.46826171875,0
2025-05-20,SPY,589.46826171875,588.61318359375,564.7764312744141,82.17558407827435,-0.0033621834492569835,0.010134451473649103,579.5352783203125,0
2025-05-21,SPY,579.5352783203125,587.6725830078125,567.1349029541016,69.01765638375868,-0.016850751844510237,0.012463419897613279,579.7639770507812,1
2025-05-22,SPY,579.7639770507812,586.2069946289063,568.9445220947266,64.55820264052866,0.00039462434647918876,0.01245535079072557,575.806640625,0
2025-05-23,SPY,575.806640625,583.206201171875,570.3599029541016,63.863862405189636,-0.006825771490515775,0.012796718793027788,587.7780151367188,1
2025-05-27,SPY,587.7780151367188,582.4704345703125,572.363412475586,75.14521684902687,0.020790615576653737,0.009798532981904369,584.37744140625,0
2025-05-28,SPY,584.37744140625,581.4522705078125,574.0243835449219,70.47586732584065,-0.005785472819492488,0.009855326495459003,586.6842651367188,1
2025-05-29,SPY,586.6842651367188,582.8820678710938,575.7897552490234,69.68302490551025,0.003947489357079892,0.00992383220362369,586.0280151367188,0
2025-05-30,SPY,586.0280151367188,584.1348754882813,577.326937866211,69.779497520883,-0.0011185744002305542,0.009807481814853785,589.3291015625,1
2025-06-02,SPY,589.3291015625,586.8393676757812,578.6170379638672,60.02153177497293,0.005632983987994278,0.009758456399730145,592.6898193359375,1
2025-06-03,SPY,592.6898193359375,587.821728515625,580.2367462158203,59.5926232962114,0.005702616355661272,0.009934042264911238,592.5307006835938,0
2025-06-04,SPY,592.5307006835938,589.4523803710938,582.0826568603516,58.77759082460823,-0.00026846867813934416,0.009856835023618088,589.6671142578125,0
2025-06-05,SPY,589.6671142578125,590.0489501953125,583.6685577392578,52.92511009066335,-0.004832806844400794,0.008068273873231196,595.722412109375,1
2025-06-06,SPY,595.722412109375,591.9878295898437,585.3628387451172,55.057321297275905,0.010269010608102258,0.008476034940174555,596.2593383789062,1
2025-06-09,SPY,596.2593383789062,593.373876953125,587.1197570800781,54.9575064143461,0.0009013027856885625,0.007833844441151377,599.6399536132812,1
2025-06-10,SPY,599.6399536132812,594.7639038085938,588.1185272216796,59.90361143957065,0.005669706144252773,0.005119917273469384,597.9297485351562,0
2025-06-11,SPY,597.9297485351562,595.8437133789063,588.8403869628906,71.08584518982373,-0.002852053249320252,0.004689482454451205,600.3060913085938,1
2025-06-12,SPY,600.3060913085938,597.9715087890625,589.6437774658203,72.40315839124399,0.003974284235328973,0.004690532681498107,593.5946044921875,0
2025-06-13,SPY,593.5946044921875,597.545947265625,589.9689117431641,68.60134018350621,-0.011180107804297013,0.006307579597329849,599.2421875,1
2025-06-16,SPY,599.2421875,598.1425170898438,590.3904907226563,63.65970016148548,0.009514208796833623,0.006710268630657888,594.12158203125,0
2025-06-17,SPY,594.12158203125,597.0388427734375,590.5237274169922,61.29869764350551,-0.008545135131611592,0.007254116295019998,594.0321044921875,0
2025-06-18,SPY,594.0321044921875,596.2593139648437,590.751919555664,59.00439730804036,-0.00015060476132944256,0.00725324892479918,592.636962890625,0
2025-06-20,SPY,592.636962890625,594.72548828125,591.4070037841797,57.99416927841359,-0.002348596298099359,0.007099719635260143,598.49072265625,1
2025-06-23,SPY,598.49072265625,595.7047119140625,592.3433410644532,60.33747363026277,0.009877480029380825,0.0070408501558622705,605.1024169921875,1
2025-06-24,SPY,605.1024169921875,596.8767578125,593.8081298828125,62.94069221308854,0.011047279574515567,0.007797686408708948,605.4414672851562,1
2025-06-25,SPY,605.4414672851562,599.1407348632813,594.6913024902344,63.40154993001723,0.0005603188542100401,0.0076603436993756355,610.1783447265625,1
2025-06-26,SPY,610.1783447265625,602.3699829101563,595.98134765625,70.39860212045524,0.007823840449262098,0.0078079487193120495,613.2098999023438,1
2025-06-27,SPY,613.2098999023438,606.4845703125,597.3076293945312,68.42275850341942,0.004968310006379761,0.007841321580638697,616.1417846679688,1
2025-06-30,SPY,616.1417846679688,610.0147827148437,598.8133178710938,69.89366867505537,0.004781209119572027,0.00629742609816853,615.9423828125,0
2025-07-01,SPY,615.9423828125,612.1827758789062,600.1439819335938,67.41360467920028,-0.0003236298209773336,0.006061389025395384,618.734619140625,1
2025-07-02,SPY,618.734619140625,614.84140625,601.4462219238281,71.68332176828275,0.004533275199175568,0.004578466860339108,623.611083984375,1
2025-07-03,SPY,623.611083984375,617.5279541015625,603.0002410888671,73.007732857796,0.007881351217300603,0.004457356453513055,618.9639892578125,0
2025-07-07,SPY,618.9639892578125,618.6787719726562,604.4650848388671,76.41829312707775,-0.007451911689688506,0.005538071799613417,618.6249389648438,0
2025-07-08,SPY,618.6249389648438,619.1754028320313,605.6102111816406,72.66027155561306,-0.0005477706277796646,0.005364601414933207,622.3345947265625,1
2025-07-09,SPY,622.3345947265625,620.4538452148438,606.9139739990235,84.15261757567374,0.005996615280215112,0.0047607893653482435,624.0897827148438,1
2025-07-10,SPY,624.0897827148438,621.5248779296875,608.1364654541015,84.9610596305734,0.0028203284907413195,0.004694670127452935,621.8958129882812,0
2025-07-11,SPY,621.8958129882812,621.1818237304688,609.3347686767578,83.58658882624904,-0.003515471310904239,0.004781625961628137,623.08251953125,1
2025-07-14,SPY,623.08251953125,622.0055297851562,610.4735900878907,81.54787482974456,0.0019082079637526839,0.004660850354573813,620.419921875,0
2025-07-15,SPY,620.419921875,622.3645263671875,611.8148559570312,71.92311963162426,-0.004273266498076467,0.0048515451350038975,622.494140625,1
2025-07-16,SPY,622.494140625,622.396435546875,612.9774536132812,73.22174068703613,0.00334324975208955,0.004903642945552684,626.3035888671875,1
2025-07-17,SPY,626.3035888671875,622.8391967773438,614.5865539550781,72.44117550769683,0.006119653171936301,0.005051580617351438,625.8449096679688,0
2025-07-18,SPY,625.8449096679688,623.6290161132813,616.1771942138672,68.93795489186152,-0.0007323592062571382,0.0044947404308371035,627.0316162109375,1
2025-07-21,SPY,627.0316162109375,624.4188354492187,617.8969268798828,67.19254011372212,0.0018961671248525214,0.0035636066669584403,627.121337890625,1
2025-07-22,SPY,627.121337890625,625.7591186523438,619.3284576416015,67.70932086890173,0.00014308956258002326,0.0035303126626607274,632.4566040039062,1
2025-07-23,SPY,632.4566040039062,627.751611328125,620.6961669921875,70.03683265698581,0.008507549960310445,0.003959144378629643,632.6659545898438,1
2025-07-24,SPY,632.6659545898438,629.0240844726562,622.0573913574219,65.28272607424103,0.000331011779483692,0.003953661989423466,635.3385620117188,1
2025-07-25,SPY,635.3385620117188,630.9228149414063,623.3154022216797,79.55576406737228,0.0042243578976959295,0.00363515150457327,635.1790161132812,0
2025-07-28,SPY,635.1790161132812,632.552294921875,624.4138580322266,80.0913743528883,-0.000251119494356411,0.0037141712729382237,633.503662109375,0
2025-07-29,SPY,633.503662109375,633.828759765625,625.2819519042969,71.96837570793322,-0.002637609180098366,0.0034362105866490764,632.7058715820312,0
2025-07-30,SPY,632.7058715820312,633.87861328125,626.1201263427735,67.63317615396883,-0.0012593305691198653,0.0035564868633425344,630.3324584960938,0
2025-07-31,SPY,630.3324584960938,633.4119140625,626.7000183105469,67.22828689374896,-0.0037512107798256533,0.0035430086113613737,620.0010375976562,0
2025-08-01,SPY,620.0010375976562,630.3444091796875,626.5195159912109,45.60877745267439,-0.016390431365516545,0.0064707188061416615,629.4249267578125,1
2025-08-04,SPY,629.4249267578125,629.1935913085938,627.0425628662109,61.377909074197326,0.015199795788522152,0.008239585951413855,626.2337646484375,0
2025-08-05,SPY,626.2337646484375,627.7396118164063,627.4230041503906,54.75810956901949,-0.005069964619629497,0.00842136804209835,631.030517578125,1
2025-08-06,SPY,631.030517578125,627.404541015625,627.8578002929687,55.78191758595647,0.0076596842911853535,0.008328728150540901,630.501953125,0
2025-08-07,SPY,630.501953125,627.4384399414063,628.1784088134766,55.695770314147204,-0.0008376210633260772,0.008328734252220305,635.4183349609375,1
2025-08-08,SPY,635.4183349609375,630.5218994140625,628.8545349121093,59.226093749196664,0.007797567971946862,0.008616620975615849,634.1618041992188,0
2025-08-11,SPY,634.1618041992188,631.4692749023437,629.4084991455078,57.606046580292954,-0.001977485842922677,0.008640495817146598,640.9131469726562,1
2025-08-12,SPY,640.9131469726562,634.4051513671875,630.4331604003906,58.767872577336654,0.010646088630271056,0.009213668050316827,643.1070556640625,1
2025-08-13,SPY,643.1070556640625,636.820458984375,631.4638061523438,60.339431378896585,0.0034230982805847354,0.009193659945661953,643.1668701171875,1
2025-08-14,SPY,643.1668701171875,639.3534423828125,632.3069702148438,58.21132269959028,9.300854748550691e-05,0.009020534538970481,641.6610717773438,0
2025-08-15,SPY,641.6610717773438,640.6019897460938,633.0977783203125,56.67286238444506,-0.0023412249756729064,0.006597161122999725,641.5214233398438,0
2025-08-18,SPY,641.5214233398438,642.0739135742188,633.8222686767579,58.461792339374135,-0.00021763582620526467,0.00520270812490828,638.0410766601562,0
2025-08-19,SPY,638.0410766601562,641.4994995117188,634.3682556152344,55.44878922014649,-0.005425144902516887,0.0052566438401424175,636.3457641601562,0
2025-08-20,SPY,636.3457641601562,640.1472412109375,634.5627136230469,56.20966949512053,-0.0026570585531485724,0.005002991661641677,633.7928466796875,0
2025-08-21,SPY,633.7928466796875,638.2724365234375,634.6190582275391,66.53961456621667,-0.004011840141401879,0.0052180612476482625,643.52587890625,1
2025-08-22,SPY,643.52587890625,638.6453979492187,635.0284240722656,66.61742836560556,0.015356803532182273,0.006719055947389442,640.6936645507812,0
2025-08-25,SPY,640.6936645507812,638.4798461914063,635.3041564941407,67.28402366151346,-0.004401088516101992,0.006891464395391725,643.3762817382812,1
2025-08-26,SPY,643.3762817382812,639.5468872070312,635.7977874755859,65.49128760736207,0.004187051216404392,0.006155120588275971,644.8422241210938,1
2025-08-27,SPY,644.8422241210938,641.2461791992188,636.4046051025391,67.55081587026507,0.002278514804511911,0.00610309246708025,647.1258544921875,1
2025-08-28,SPY,647.1258544921875,643.9127807617188,637.2442749023437,65.27017313988918,0.0035413784731703757,0.006187799837112783,643.2666015625,0
2025-08-29,SPY,643.2666015625,643.8609252929688,638.4075531005859,61.23910586060724,-0.005963682184690233,0.0064802530487771785,638.4998168945312,0
2025-09-02,SPY,638.4998168945312,643.4221557617187,638.8612976074219,47.10631318785079,-0.00741027850099818,0.006924195277308488,641.960205078125,1
2025-09-03,SPY,641.960205078125,643.1389404296875,639.6476196289062,48.774450370006406,0.0054195601815894,0.0069077317528930355,647.3253173828125,1
2025-09-04,SPY,647.3253173828125,643.6355590820312,640.4623596191407,54.68971388951006,0.008357390788786612,0.007196759458550104,645.4505004882812,0
2025-09-05,SPY,645.4505004882812,643.30048828125,641.2097869873047,54.26885025586474,-0.0028962514584031096,0.007105843721785825,647.0361328125,1
2025-09-08,SPY,647.0361328125,644.05439453125,641.7906768798828,55.938441748717885,0.002456628855379561,0.005329696550325428,648.531982421875,1
2025-09-09,SPY,648.531982421875,646.0608276367187,642.5091857910156,61.627442129453335,0.002311848648811843,0.005051320285941561,650.4067993164062,1
2025-09-10,SPY,650.4067993164062,647.750146484375,642.9838684082031,65.4699889135997,0.00289086266421279,0.0049831293995076815,655.8118286132812,1
2025-09-11,SPY,655.8118286132812,649.4474487304688,643.619107055664,72.72250862035301,0.00831022877152554,0.005481904314434777,655.5924072265625,0
2025-09-12,SPY,655.5924072265625,651.475830078125,644.2403839111328,65.42772200200196,-0.0003345797943027362,0.005474402244867882,659.0827026367188,1
2025-09-15,SPY,659.0827026367188,653.8851440429687,645.1114654541016,73.08004697804643,0.005323880160421179,0.0049451591714580224,658.1752319335938,0
2025-09-16,SPY,658.1752319335938,655.8137939453125,645.9441558837891,69.45630385430239,-0.0013768692449287467,0.003857983793325565,657.3575439453125,0
2025-09-17,SPY,657.3575439453125,657.2039428710938,646.9099792480469,66.76102346556499,-0.0012423560605266948,0.003976012021787139,660.4290161132812,1
2025-09-18,SPY,660.4290161132812,658.1273803710938,648.1141418457031,67.39859753958775,0.004672452908252023,0.003503123759321454,663.7000122070312,1
2025-09-19,SPY,663.7000122070312,659.7489013671875,649.6095001220704,77.11998665599918,0.004952835223685836,0.003142012267492932,666.8400268554688,1
2025-09-22,SPY,666.8400268554688,661.3003662109375,650.7752075195312,89.41677707984263,0.004731075170536503,0.003196525175271936,663.2100219726562,0
2025-09-23,SPY,663.2100219726562,662.30732421875,651.901025390625,79.57778377812723,-0.005443591771073009,0.0041784800522950095,661.0999755859375,0
2025-09-24,SPY,661.0999755859375,663.055810546875,652.7872100830078,71.12176261064505,-0.0031815658943793457,0.004503350815926987,658.0499877929688,0
2025-09-25,SPY,658.0499877929688,662.5800048828125,653.4475982666015,68.76588552815606,-0.004613504621998388,0.004222470918448465,661.8200073242188,1
2025-09-26,SPY,661.8200073242188,662.20400390625,654.1823059082031,70.62041732589769,0.0057290777314567,0.004537096523104894,663.6799926757812,1
2025-09-29,SPY,663.6799926757812,661.5719970703125,655.2029754638672,70.88379881753319,0.0028104096748033935,0.004333225668146386,666.1799926757812,1
2025-09-30,SPY,666.1799926757812,662.1659912109375,656.5869842529297,71.33532083387895,0.003766875644270362,0.004363982341744395,668.4500122070312,1
2025-10-01,SPY,668.4500122070312,663.6359985351562,657.911474609375,68.61107360253833,0.0034075168215907947,0.004320185035848629,669.219970703125,1
2025-10-02,SPY,669.219970703125,665.8699951171875,659.0062072753906,69.73907054455248,0.0011518565068935338,0.004191034434047404,669.2100219726562,0
2025-10-03,SPY,669.2100219726562,667.347998046875,660.1941833496094,66.29618339125165,-1.4866158967619114e-05,0.004004299972116375,671.6099853515625,1
2025-10-06,SPY,671.6099853515625,668.9339965820312,661.4228759765625,70.59909619771881,0.003586263355458641,0.0038953992149010613,669.1199951171875,0
2025-10-07,SPY,669.1199951171875,669.5219970703125,662.4522766113281,67.23733159105194,-0.003707494362329311,0.0036190727108287744,673.1099853515625,1
2025-10-08,SPY,673.1099853515625,670.4539916992187,663.587435913086,68.03422439529695,0.005963041402874625,0.003630299622251854,671.1599731445312,0
2025-10-09,SPY,671.1599731445312,670.8419921875,664.3548431396484,61.06582109956647,-0.0028970186885769467,0.003320287936951142,653.02001953125,0
2025-10-10,SPY,653.02001953125,667.6039916992188,664.2262237548828,36.03646774792769,-0.027027764376787222,0.009541046572917758,663.0399780273438,1
2025-10-13,SPY,663.0399780273438,665.889990234375,664.4240875244141,50.19040725259967,0.015344029580113494,0.010870990484175782,662.22998046875,0
2025-10-14,SPY,662.22998046875,664.5119873046875,664.6268249511719,51.40123575980537,-0.0012216421112398734,0.010790911067226286,665.1699829101562,1
2025-10-15,SPY,665.1699829101562,662.9239868164062,665.017446899414,56.98789975878994,0.00443954899070742,0.01083771031378871,660.6400146484375,0
2025-10-16,SPY,660.6400146484375,660.8199951171875,665.0279968261718,49.26383436388642,-0.006810241559458086,0.010999169459142536,664.3900146484375,1
2025-10-17,SPY,664.3900146484375,663.093994140625,665.0624969482421,50.97418972256095,0.0056763137515907225,0.011214423987309076,671.2999877929688,1
2025-10-20,SPY,671.2999877929688,664.74599609375,665.2854949951172,54.52273821498682,0.010400477117627371,0.01169807537011152,671.2899780273438,0
2025-10-21,SPY,671.2899780273438,666.5579956054687,665.6894927978516,52.75766347110772,-1.4911017141350236e-05,0.011625538402863235,667.7999877929688,0
2025-10-22,SPY,667.7999877929688,667.0839965820312,666.0244934082032,49.19655042361888,-0.005198930936866852,0.011566182298943564,671.760009765625,1
2025-10-23,SPY,671.760009765625,669.3079956054687,666.709994506836,52.27128708267236,0.005929952148911788,0.011718335621945408,677.25,1
2025-10-24,SPY,677.25,671.8799926757813,667.481494140625,54.40055802094308,0.008172546972973871,0.006972805937788974,685.239990234375,1
2025-10-27,SPY,685.239990234375,674.6679931640625,668.5594940185547,61.070506745244124,0.011797696913067535,0.006378010885160452,687.0599975585938,1
2025-10-28,SPY,687.0599975585938,677.8219970703125,669.6034942626953,59.87388670592844,0.002656014462314449,0.006186406108809158,687.3900146484375,1
2025-10-29,SPY,687.3900146484375,681.7400024414062,670.5504943847657,61.70643280459206,0.00048033227231458753,0.006260411336328895,679.8300170898438,0
2025-10-30,SPY,679.8300170898438,683.35400390625,671.0809967041016,72.8027267453246,-0.010998119550020391,0.007096751296638988,682.0599975585938,1
2025-10-31,SPY,682.0599975585938,684.3160034179688,671.7234954833984,68.54590016123399,0.0032802030105936186,0.0070323865686104815,683.3400268554688,1
2025-11-03,SPY,683.3400268554688,683.9360107421875,672.3099975585938,70.38257977013929,0.0018767107020742912,0.0064838409263885365,675.239990234375,0
2025-11-04,SPY,675.239990234375,681.5720092773438,672.6159973144531,59.040015587341664,-0.011853596017736279,0.007799068743301751,677.5800170898438,1
2025-11-05,SPY,677.5800170898438,679.610009765625,672.8394989013672,65.69055277567112,0.0034654743340312155,0.007559085320465873,670.3099975585938,0
2025-11-06,SPY,670.3099975585938,677.706005859375,672.7970001220704,55.33332269851994,-0.010729388925125316,0.008271743854104384,670.969970703125,1
2025-11-07,SPY,670.969970703125,675.4880004882813,673.6944976806641,49.90221227646081,0.0009845789961884233,0.007761337919295246,681.4400024414062,1
